asset,comparator,direction,target_usd,join_window_ms,paired_snapshots,fillable_snapshots,fillable_fraction,positive_net_snapshots,positive_fraction_all_pairs,net_median_bps_fillable,net_p05_bps_fillable,net_p95_bps_fillable,max_positive_consecutive_hl_rounds,max_skew_ms,median_skew_ms,dydx_venue_age_unavailable
NVDA,aster,buy_hl_sell_comparator,1000,15000,28,28,1.0,28,1.0,5.307072617661062,4.369751754775897,6.078228833413976,28,10791,10321.5,False
XAG,aster,buy_hl_sell_comparator,1000,15000,28,28,1.0,28,1.0,4.26747004852599,2.36153660966682,6.513711835095201,28,9253,8813.0,False
TSLA,aster,buy_hl_sell_comparator,1000,15000,28,28,1.0,27,0.9642857142857143,2.0020397868197066,0.09022616645570608,2.846710741904493,27,10788,10459.0,False
ZEC,dydx,buy_hl_sell_comparator,1000,15000,28,28,1.0,22,0.7857142857142857,5.9239997105945505,-25.180504366046193,16.24584070651936,10,11987,11471.0,True
ZEC,aster,buy_hl_sell_comparator,1000,15000,28,28,1.0,17,0.6071428571428571,2.472756452159471,-8.412119361985095,10.649511042690074,6,11812,11356.0,False
HYPE,dydx,buy_hl_sell_comparator,1000,15000,28,28,1.0,5,0.17857142857142858,-34.80413730715736,-70.96961756371705,6.962671236423718,4,12564,12101.5,True
HYPE,aster,buy_hl_sell_comparator,1000,15000,28,28,1.0,2,0.07142857142857142,-6.9985608269277355,-11.703705842477376,0.21323908164449956,1,12350,12079.5,False
HYPE,dydx,buy_comparator_sell_hl,1000,15000,28,28,1.0,2,0.07142857142857142,-35.585439282539994,-76.88218984249308,0.46426820361471366,2,12564,12101.5,True
ETH,aster,buy_comparator_sell_hl,1000,15000,28,28,1.0,1,0.03571428571428571,-4.602049676326998,-7.7709345275972845,-1.943439733821446,1,14708,14531.5,False
ETH,dydx,buy_comparator_sell_hl,1000,15000,28,28,1.0,1,0.03571428571428571,-6.718253562792766,-14.334103763212923,-1.2448690958459152,1,14627,14574.0,True
BTC,aster,buy_comparator_sell_hl,1000,15000,28,28,1.0,0,0.0,-9.541504030773154,-12.056942331294287,-5.545829419043437,0,14831,14531.5,False
BTC,aster,buy_hl_sell_comparator,1000,15000,28,28,1.0,0,0.0,-7.967980193789236,-12.252737192898834,-5.07392469130398,0,14831,14531.5,False
BTC,dydx,buy_comparator_sell_hl,1000,15000,28,28,1.0,0,0.0,-15.861240144706823,-20.851359427148946,-12.592801359596187,0,14950,14579.0,True
BTC,dydx,buy_hl_sell_comparator,1000,15000,28,28,1.0,0,0.0,-8.584263483451135,-15.093347967113823,-4.135769960638958,0,14950,14579.0,True
ETH,aster,buy_hl_sell_comparator,1000,15000,28,28,1.0,0,0.0,-12.942849454581273,-16.471080642339693,-9.64137471944886,0,14708,14531.5,False
ETH,dydx,buy_hl_sell_comparator,1000,15000,28,28,1.0,0,0.0,-17.186293098405663,-21.855302719815022,-14.37386328869431,0,14627,14574.0,True
EURUSD,dydx,buy_comparator_sell_hl,1000,15000,28,0,0.0,0,0.0,,,,0,9639,9188.0,True
EURUSD,dydx,buy_hl_sell_comparator,1000,15000,28,0,0.0,0,0.0,,,,0,9639,9188.0,True
HYPE,aster,buy_comparator_sell_hl,1000,15000,28,28,1.0,0,0.0,-11.553300355274725,-18.40389386403802,-7.0404895109652195,0,12350,12079.5,False
NVDA,aster,buy_comparator_sell_hl,1000,15000,28,28,1.0,0,0.0,-17.45162292122589,-18.349838135691034,-16.30451704948226,0,10791,10321.5,False
SOL,aster,buy_comparator_sell_hl,1000,15000,28,28,1.0,0,0.0,-9.77482900127103,-16.68419633015882,-5.396175273626961,0,14499,14343.0,False
SOL,aster,buy_hl_sell_comparator,1000,15000,28,28,1.0,0,0.0,-8.92554278416353,-14.683827882557344,-2.8224389038939885,0,14499,14343.0,False
SOL,dydx,buy_comparator_sell_hl,1000,15000,28,28,1.0,0,0.0,-15.018959104031481,-25.512550332905978,-5.551892292123407,0,14869,14377.5,True
SOL,dydx,buy_hl_sell_comparator,1000,15000,28,28,1.0,0,0.0,-14.594688692363349,-24.141598174715277,-7.482820536533084,0,14869,14377.5,True
TSLA,aster,buy_comparator_sell_hl,1000,15000,28,28,1.0,0,0.0,-13.57831669046208,-14.980838866028593,-12.525520719163971,0,10788,10459.0,False
XAG,aster,buy_comparator_sell_hl,1000,15000,28,28,1.0,0,0.0,-17.190568905597324,-19.398849186151974,-14.420969866731118,0,9253,8813.0,False
XAG,dydx,buy_comparator_sell_hl,1000,15000,28,28,1.0,0,0.0,-28.006582801119638,-44.85207769973095,-25.994361161007962,0,9418,8877.5,True
XAG,dydx,buy_hl_sell_comparator,1000,15000,28,28,1.0,0,0.0,-14.577277243222452,-32.19298442333213,-13.663877042572343,0,9418,8877.5,True
XAU,aster,buy_comparator_sell_hl,1000,15000,28,28,1.0,0,0.0,-20.879006320434886,-22.038680093894545,-18.652669093591594,0,10771,10267.0,False
XAU,aster,buy_hl_sell_comparator,1000,15000,28,28,1.0,0,0.0,-5.6403242218822705,-7.613512056674673,-4.221077899991209,0,10771,10267.0,False
ZEC,aster,buy_comparator_sell_hl,1000,15000,28,28,1.0,0,0.0,-22.877064284030936,-31.58092679047721,-12.449762361901698,0,11812,11356.0,False
ZEC,dydx,buy_comparator_sell_hl,1000,15000,28,28,1.0,0,0.0,-75.71686725576652,-83.16765313174324,-69.35161378166552,0,11987,11471.0,True
NVDA,aster,buy_hl_sell_comparator,10000,15000,28,28,1.0,28,1.0,4.5111597898704225,3.2854748301059753,5.578989402789407,28,10791,10321.5,False
XAG,aster,buy_hl_sell_comparator,10000,15000,28,28,1.0,28,1.0,4.258831753593966,2.2406822852295587,6.434635603554778,28,9253,8813.0,False
ZEC,aster,buy_hl_sell_comparator,10000,15000,28,28,1.0,17,0.6071428571428571,1.292581436914005,-8.678104884241623,10.089388576334557,6,11812,11356.0,False
TSLA,aster,buy_hl_sell_comparator,10000,15000,28,28,1.0,11,0.39285714285714285,-0.19340467294731298,-1.2564373775978293,0.7596780411291573,2,10788,10459.0,False
HYPE,dydx,buy_hl_sell_comparator,10000,15000,28,28,1.0,5,0.17857142857142858,-35.239988493030836,-71.25553169383099,6.750749954071974,4,12564,12101.5,True
HYPE,aster,buy_hl_sell_comparator,10000,15000,28,28,1.0,2,0.07142857142857142,-7.4699415044814135,-13.691955236956298,-0.3420937880463808,1,12350,12079.5,False
HYPE,dydx,buy_comparator_sell_hl,10000,15000,28,28,1.0,2,0.07142857142857142,-35.92053646954638,-76.88218984249202,0.07421631091993808,2,12564,12101.5,True
ETH,aster,buy_comparator_sell_hl,10000,15000,28,28,1.0,1,0.03571428571428571,-4.719425265711184,-7.817726572431194,-1.9434397338211982,1,14708,14531.5,False
ETH,dydx,buy_comparator_sell_hl,10000,15000,28,28,1.0,1,0.03571428571428571,-7.2468581212344,-14.334103763212969,-2.892183741469375,1,14627,14574.0,True
BTC,aster,buy_comparator_sell_hl,10000,15000,28,28,1.0,0,0.0,-9.610553796672145,-12.064626023612128,-5.6625007537865,0,14831,14531.5,False
BTC,aster,buy_hl_sell_comparator,10000,15000,28,28,1.0,0,0.0,-8.04502163755537,-12.705011376922267,-5.073924691304003,0,14831,14531.5,False
BTC,dydx,buy_comparator_sell_hl,10000,15000,28,28,1.0,0,0.0,-16.56617327823553,-20.939144381884944,-14.282823872146615,0,14950,14579.0,True
BTC,dydx,buy_hl_sell_comparator,10000,15000,28,28,1.0,0,0.0,-9.93322781838355,-15.65928684798109,-5.047875580131954,0,14950,14579.0,True
ETH,aster,buy_hl_sell_comparator,10000,15000,28,28,1.0,0,0.0,-12.997820109128803,-16.916862909735812,-9.641374719450406,0,14708,14531.5,False
ETH,dydx,buy_hl_sell_comparator,10000,15000,28,28,1.0,0,0.0,-17.368161184690955,-21.855302719814265,-14.506281697586044,0,14627,14574.0,True
EURUSD,dydx,buy_comparator_sell_hl,10000,15000,28,0,0.0,0,0.0,,,,0,9639,9188.0,True
EURUSD,dydx,buy_hl_sell_comparator,10000,15000,28,0,0.0,0,0.0,,,,0,9639,9188.0,True
HYPE,aster,buy_comparator_sell_hl,10000,15000,28,28,1.0,0,0.0,-11.853077041650586,-18.654773575877627,-7.592791290267211,0,12350,12079.5,False
NVDA,aster,buy_comparator_sell_hl,10000,15000,28,28,1.0,0,0.0,-18.737040036051027,-19.652088535317098,-17.875564147565523,0,10791,10321.5,False
SOL,aster,buy_comparator_sell_hl,10000,15000,28,28,1.0,0,0.0,-9.774829001271941,-16.687116548847825,-5.8445609741911415,0,14499,14343.0,False
SOL,aster,buy_hl_sell_comparator,10000,15000,28,28,1.0,0,0.0,-9.03410267695244,-14.970490478875226,-3.134149459745956,0,14499,14343.0,False
SOL,dydx,buy_comparator_sell_hl,10000,15000,28,28,1.0,0,0.0,-16.309762770525985,-25.512899365048224,-9.001873449146936,0,14869,14377.5,True
SOL,dydx,buy_hl_sell_comparator,10000,15000,28,28,1.0,0,0.0,-15.664320783464252,-24.14159817471476,-8.038314258399534,0,14869,14377.5,True
TSLA,aster,buy_comparator_sell_hl,10000,15000,28,28,1.0,0,0.0,-15.481963544375358,-17.078348077526563,-14.29559882817923,0,10788,10459.0,False
XAG,aster,buy_comparator_sell_hl,10000,15000,28,28,1.0,0,0.0,-17.344593554976683,-19.40885886070996,-14.62799934060527,0,9253,8813.0,False
XAG,dydx,buy_comparator_sell_hl,10000,15000,28,28,1.0,0,0.0,-28.155856865073563,-45.090133597455655,-26.180251261154524,0,9418,8877.5,True
XAG,dydx,buy_hl_sell_comparator,10000,15000,28,28,1.0,0,0.0,-14.646705656248908,-32.31285592904853,-13.673699698628457,0,9418,8877.5,True
XAU,aster,buy_comparator_sell_hl,10000,15000,28,28,1.0,0,0.0,-21.298790898032145,-22.32435951634027,-19.527705429888986,0,10771,10267.0,False
XAU,aster,buy_hl_sell_comparator,10000,15000,28,28,1.0,0,0.0,-5.9267067143089065,-7.635104213600511,-4.41662997918433,0,10771,10267.0,False
ZEC,aster,buy_comparator_sell_hl,10000,15000,28,28,1.0,0,0.0,-23.21766918692405,-32.4211219859666,-13.280436428426967,0,11812,11356.0,False
ZEC,dydx,buy_comparator_sell_hl,10000,15000,28,28,1.0,0,0.0,-76.97267655881865,-83.80120239684544,-70.04498103498558,0,11987,11471.0,True
ZEC,dydx,buy_hl_sell_comparator,10000,15000,28,28,1.0,0,0.0,-10.686439761327819,-35.426996825951,-3.049636737103661,0,11987,11471.0,True
XAG,aster,buy_hl_sell_comparator,100000,15000,28,28,1.0,25,0.8928571428571429,1.7864470342310852,-0.3266051991751681,4.93696158141612,10,9253,8813.0,False
ZEC,aster,buy_hl_sell_comparator,100000,15000,28,28,1.0,8,0.2857142857142857,-4.109537316673464,-13.96096817447316,4.211110598484162,3,11812,11356.0,False
ETH,aster,buy_comparator_sell_hl,100000,15000,28,28,1.0,1,0.03571428571428571,-5.249929059718184,-8.235281205886997,-2.1289766986298746,1,14708,14531.5,False
NVDA,aster,buy_hl_sell_comparator,100000,15000,28,28,1.0,1,0.03571428571428571,-5.111142420393428,-7.390955546171156,-2.225070856085601,1,10791,10321.5,False
BTC,aster,buy_comparator_sell_hl,100000,15000,28,28,1.0,0,0.0,-9.81703354487401,-12.183871105770137,-5.844769067693263,0,14831,14531.5,False
BTC,aster,buy_hl_sell_comparator,100000,15000,28,28,1.0,0,0.0,-8.488523691132265,-12.920398026916592,-5.306263618348817,0,14831,14531.5,False
BTC,dydx,buy_comparator_sell_hl,100000,15000,28,28,1.0,0,0.0,-19.06173259569838,-24.003643542271405,-15.530824822369281,0,14950,14579.0,True
BTC,dydx,buy_hl_sell_comparator,100000,15000,28,28,1.0,0,0.0,-14.093052883798283,-27.5860833581584,-10.7980821352254,0,14950,14579.0,True
ETH,aster,buy_hl_sell_comparator,100000,15000,28,28,1.0,0,0.0,-13.496271147167796,-17.173539224231142,-10.194104221014028,0,14708,14531.5,False
ETH,dydx,buy_comparator_sell_hl,100000,15000,28,28,1.0,0,0.0,-10.716910909411633,-25.364704189472402,-7.031537056563502,0,14627,14574.0,True
ETH,dydx,buy_hl_sell_comparator,100000,15000,28,28,1.0,0,0.0,-23.663256220372258,-34.41315933231678,-19.25246446360964,0,14627,14574.0,True
EURUSD,dydx,buy_comparator_sell_hl,100000,15000,28,0,0.0,0,0.0,,,,0,9639,9188.0,True
EURUSD,dydx,buy_hl_sell_comparator,100000,15000,28,0,0.0,0,0.0,,,,0,9639,9188.0,True
HYPE,aster,buy_comparator_sell_hl,100000,15000,28,16,0.5714285714285714,0,0.0,-14.033312619657853,-21.771292980967036,-7.945602652390725,0,12350,12079.5,False
HYPE,aster,buy_hl_sell_comparator,100000,15000,28,19,0.6785714285714286,0,0.0,-8.47326106237662,-12.716211425849835,-2.950123035219823,0,12350,12079.5,False
HYPE,dydx,buy_comparator_sell_hl,100000,15000,28,16,0.5714285714285714,0,0.0,-64.36083497066383,-90.69952256679093,-44.78294713574324,0,12564,12101.5,True
HYPE,dydx,buy_hl_sell_comparator,100000,15000,28,19,0.6785714285714286,0,0.0,-64.07891019009233,-80.38254794861473,-36.01275968392255,0,12564,12101.5,True
NVDA,aster,buy_comparator_sell_hl,100000,15000,28,28,1.0,0,0.0,-21.753527566515665,-23.669707873409397,-19.74223411773806,0,10791,10321.5,False
SOL,aster,buy_comparator_sell_hl,100000,15000,28,28,1.0,0,0.0,-11.14581449752481,-17.23678858492158,-7.182989784551606,0,14499,14343.0,False
SOL,aster,buy_hl_sell_comparator,100000,15000,28,28,1.0,0,0.0,-10.371634467702334,-15.370850818211183,-4.022462826153267,0,14499,14343.0,False
SOL,dydx,buy_comparator_sell_hl,100000,15000,28,28,1.0,0,0.0,-24.109654989333798,-31.95292049297318,-17.5108505038612,0,14869,14377.5,True
SOL,dydx,buy_hl_sell_comparator,100000,15000,28,28,1.0,0,0.0,-19.291339373332452,-32.787545206152885,-9.879644423656323,0,14869,14377.5,True
TSLA,aster,buy_comparator_sell_hl,100000,15000,28,28,1.0,0,0.0,-114.54462136094253,-161.12754039571485,-24.02123127257453,0,10788,10459.0,False
TSLA,aster,buy_hl_sell_comparator,100000,15000,28,28,1.0,0,0.0,-22.95302563987017,-39.75023649924953,-5.68134242571919,0,10788,10459.0,False
XAG,aster,buy_comparator_sell_hl,100000,15000,28,28,1.0,0,0.0,-19.27909830083032,-22.167895442405108,-17.20988626351909,0,9253,8813.0,False
XAG,dydx,buy_comparator_sell_hl,100000,15000,28,28,1.0,0,0.0,-121.80720219512808,-854.037872351325,-116.11815506870795,0,9418,8877.5,True
XAG,dydx,buy_hl_sell_comparator,100000,15000,28,28,1.0,0,0.0,-117.64927829975315,-1060.554124764829,-113.1047713335169,0,9418,8877.5,True
XAU,aster,buy_comparator_sell_hl,100000,15000,28,28,1.0,0,0.0,-22.814819368615005,-24.221329859399123,-20.75620762660868,0,10771,10267.0,False
XAU,aster,buy_hl_sell_comparator,100000,15000,28,28,1.0,0,0.0,-6.456327194819586,-8.392529512443723,-5.403071348442851,0,10771,10267.0,False
ZEC,aster,buy_comparator_sell_hl,100000,15000,28,28,1.0,0,0.0,-28.57948240201425,-37.282204545431476,-19.00820893178466,0,11812,11356.0,False
ZEC,dydx,buy_comparator_sell_hl,100000,15000,28,28,1.0,0,0.0,-82.6543333632518,-112.54623922030773,-74.47783584342223,0,11987,11471.0,True
ZEC,dydx,buy_hl_sell_comparator,100000,15000,28,28,1.0,0,0.0,-34.48294066831809,-48.14802187760647,-25.731968313785092,0,11987,11471.0,True
