round,asset,buy,sell,ratio,reason
0,US500,hyperliquid:xyz:SP500,hyperliquid:mkts:US500,0.09966809903559622,greater than 5% midpoint mismatch; units/oracle/depeg/dislocation unverified
0,US500,hyperliquid:mkts:US500,hyperliquid:xyz:SP500,10.03330062152437,greater than 5% midpoint mismatch; units/oracle/depeg/dislocation unverified
0,US500,hyperliquid:mkts:US500,lighter:180,10.035590448151783,greater than 5% midpoint mismatch; units/oracle/depeg/dislocation unverified
0,US500,lighter:180,hyperliquid:mkts:US500,0.0996453577062988,greater than 5% midpoint mismatch; units/oracle/depeg/dislocation unverified
0,US10Y,hyperliquid:para:10Y,lighter:227,18.13627922479882,greater than 5% midpoint mismatch; units/oracle/depeg/dislocation unverified
0,US10Y,lighter:227,hyperliquid:para:10Y,0.055138101239235446,greater than 5% midpoint mismatch; units/oracle/depeg/dislocation unverified
1,US500,hyperliquid:xyz:SP500,hyperliquid:mkts:US500,0.0996739378525547,greater than 5% midpoint mismatch; units/oracle/depeg/dislocation unverified
1,US500,hyperliquid:mkts:US500,hyperliquid:xyz:SP500,10.032712879060487,greater than 5% midpoint mismatch; units/oracle/depeg/dislocation unverified
1,US500,hyperliquid:mkts:US500,lighter:180,10.034806503320358,greater than 5% midpoint mismatch; units/oracle/depeg/dislocation unverified
1,US500,lighter:180,hyperliquid:mkts:US500,0.09965314225731367,greater than 5% midpoint mismatch; units/oracle/depeg/dislocation unverified
1,US10Y,hyperliquid:para:10Y,lighter:227,18.123756674693748,greater than 5% midpoint mismatch; units/oracle/depeg/dislocation unverified
1,US10Y,lighter:227,hyperliquid:para:10Y,0.05517619872905835,greater than 5% midpoint mismatch; units/oracle/depeg/dislocation unverified
2,US500,hyperliquid:xyz:SP500,hyperliquid:mkts:US500,0.0996660644521696,greater than 5% midpoint mismatch; units/oracle/depeg/dislocation unverified
2,US500,hyperliquid:mkts:US500,hyperliquid:xyz:SP500,10.033505441362205,greater than 5% midpoint mismatch; units/oracle/depeg/dislocation unverified
2,US500,hyperliquid:mkts:US500,lighter:180,10.035468650817023,greater than 5% midpoint mismatch; units/oracle/depeg/dislocation unverified
2,US500,lighter:180,hyperliquid:mkts:US500,0.09964656707074528,greater than 5% midpoint mismatch; units/oracle/depeg/dislocation unverified
2,US10Y,hyperliquid:para:10Y,lighter:227,18.1203007518797,greater than 5% midpoint mismatch; units/oracle/depeg/dislocation unverified
2,US10Y,lighter:227,hyperliquid:para:10Y,0.05518672199170125,greater than 5% midpoint mismatch; units/oracle/depeg/dislocation unverified
3,US500,hyperliquid:xyz:SP500,hyperliquid:mkts:US500,0.09966605138373434,greater than 5% midpoint mismatch; units/oracle/depeg/dislocation unverified
3,US500,hyperliquid:mkts:US500,hyperliquid:xyz:SP500,10.033506756977848,greater than 5% midpoint mismatch; units/oracle/depeg/dislocation unverified
3,US500,hyperliquid:mkts:US500,lighter:180,10.035600929288965,greater than 5% midpoint mismatch; units/oracle/depeg/dislocation unverified
3,US500,lighter:180,hyperliquid:mkts:US500,0.09964525363712837,greater than 5% midpoint mismatch; units/oracle/depeg/dislocation unverified
3,US10Y,hyperliquid:para:10Y,lighter:227,18.111502235753022,greater than 5% midpoint mismatch; units/oracle/depeg/dislocation unverified
3,US10Y,lighter:227,hyperliquid:para:10Y,0.05521353154383568,greater than 5% midpoint mismatch; units/oracle/depeg/dislocation unverified
4,US500,hyperliquid:xyz:SP500,hyperliquid:mkts:US500,0.09966401576190133,greater than 5% midpoint mismatch; units/oracle/depeg/dislocation unverified
4,US500,hyperliquid:mkts:US500,hyperliquid:xyz:SP500,10.033711689773904,greater than 5% midpoint mismatch; units/oracle/depeg/dislocation unverified
4,US500,hyperliquid:mkts:US500,lighter:180,10.035544558344135,greater than 5% midpoint mismatch; units/oracle/depeg/dislocation unverified
4,US500,lighter:180,hyperliquid:mkts:US500,0.09964581335733713,greater than 5% midpoint mismatch; units/oracle/depeg/dislocation unverified
4,US10Y,hyperliquid:para:10Y,lighter:227,18.11167454737463,greater than 5% midpoint mismatch; units/oracle/depeg/dislocation unverified
4,US10Y,lighter:227,hyperliquid:para:10Y,0.05521300625098492,greater than 5% midpoint mismatch; units/oracle/depeg/dislocation unverified
5,US500,hyperliquid:xyz:SP500,hyperliquid:mkts:US500,0.09965822446304062,greater than 5% midpoint mismatch; units/oracle/depeg/dislocation unverified
5,US500,hyperliquid:mkts:US500,hyperliquid:xyz:SP500,10.034294764812524,greater than 5% midpoint mismatch; units/oracle/depeg/dislocation unverified
5,US500,hyperliquid:mkts:US500,lighter:180,10.03606186147271,greater than 5% midpoint mismatch; units/oracle/depeg/dislocation unverified
5,US500,lighter:180,hyperliquid:mkts:US500,0.09964067717028381,greater than 5% midpoint mismatch; units/oracle/depeg/dislocation unverified
5,US10Y,hyperliquid:para:10Y,lighter:227,18.1203007518797,greater than 5% midpoint mismatch; units/oracle/depeg/dislocation unverified
5,US10Y,lighter:227,hyperliquid:para:10Y,0.05518672199170125,greater than 5% midpoint mismatch; units/oracle/depeg/dislocation unverified
6,US500,hyperliquid:xyz:SP500,hyperliquid:mkts:US500,0.0996633897177301,greater than 5% midpoint mismatch; units/oracle/depeg/dislocation unverified
6,US500,hyperliquid:mkts:US500,hyperliquid:xyz:SP500,10.033774717398561,greater than 5% midpoint mismatch; units/oracle/depeg/dislocation unverified
6,US500,hyperliquid:mkts:US500,lighter:180,10.035476544244226,greater than 5% midpoint mismatch; units/oracle/depeg/dislocation unverified
6,US500,lighter:180,hyperliquid:mkts:US500,0.0996464886935083,greater than 5% midpoint mismatch; units/oracle/depeg/dislocation unverified
6,US10Y,hyperliquid:para:10Y,lighter:227,18.12254300046641,greater than 5% midpoint mismatch; units/oracle/depeg/dislocation unverified
6,US10Y,lighter:227,hyperliquid:para:10Y,0.055179893901990656,greater than 5% midpoint mismatch; units/oracle/depeg/dislocation unverified
7,US500,hyperliquid:xyz:SP500,hyperliquid:mkts:US500,0.09966533802164539,greater than 5% midpoint mismatch; units/oracle/depeg/dislocation unverified
7,US500,hyperliquid:mkts:US500,hyperliquid:xyz:SP500,10.033578572550661,greater than 5% midpoint mismatch; units/oracle/depeg/dislocation unverified
7,US500,hyperliquid:mkts:US500,lighter:180,10.035869508299733,greater than 5% midpoint mismatch; units/oracle/depeg/dislocation unverified
7,US500,lighter:180,hyperliquid:mkts:US500,0.09964258694007462,greater than 5% midpoint mismatch; units/oracle/depeg/dislocation unverified
7,US10Y,hyperliquid:para:10Y,lighter:227,18.120639272014238,greater than 5% midpoint mismatch; units/oracle/depeg/dislocation unverified
7,US10Y,lighter:227,hyperliquid:para:10Y,0.05518569102274518,greater than 5% midpoint mismatch; units/oracle/depeg/dislocation unverified
8,US500,hyperliquid:xyz:SP500,hyperliquid:mkts:US500,0.09966273737222182,greater than 5% midpoint mismatch; units/oracle/depeg/dislocation unverified
8,US500,hyperliquid:mkts:US500,hyperliquid:xyz:SP500,10.033840393779128,greater than 5% midpoint mismatch; units/oracle/depeg/dislocation unverified
8,US500,hyperliquid:mkts:US500,lighter:180,10.036000418913964,greater than 5% midpoint mismatch; units/oracle/depeg/dislocation unverified
8,US500,lighter:180,hyperliquid:mkts:US500,0.09964128719199615,greater than 5% midpoint mismatch; units/oracle/depeg/dislocation unverified
8,US10Y,hyperliquid:para:10Y,lighter:227,18.11357733400565,greater than 5% midpoint mismatch; units/oracle/depeg/dislocation unverified
8,US10Y,lighter:227,hyperliquid:para:10Y,0.05520720626083303,greater than 5% midpoint mismatch; units/oracle/depeg/dislocation unverified
9,US500,hyperliquid:xyz:SP500,hyperliquid:mkts:US500,0.09966468128412716,greater than 5% midpoint mismatch; units/oracle/depeg/dislocation unverified
9,US500,hyperliquid:mkts:US500,hyperliquid:xyz:SP500,10.033644688524806,greater than 5% midpoint mismatch; units/oracle/depeg/dislocation unverified
9,US500,hyperliquid:mkts:US500,lighter:180,10.035477473113705,greater than 5% midpoint mismatch; units/oracle/depeg/dislocation unverified
9,US500,lighter:180,hyperliquid:mkts:US500,0.09964647947037146,greater than 5% midpoint mismatch; units/oracle/depeg/dislocation unverified
9,US10Y,hyperliquid:para:10Y,lighter:227,18.11357733400565,greater than 5% midpoint mismatch; units/oracle/depeg/dislocation unverified
9,US10Y,lighter:227,hyperliquid:para:10Y,0.05520720626083303,greater than 5% midpoint mismatch; units/oracle/depeg/dislocation unverified
10,US500,hyperliquid:xyz:SP500,hyperliquid:mkts:US500,0.09966338093405268,greater than 5% midpoint mismatch; units/oracle/depeg/dislocation unverified
10,US500,hyperliquid:mkts:US500,hyperliquid:xyz:SP500,10.033775601709726,greater than 5% midpoint mismatch; units/oracle/depeg/dislocation unverified
10,US500,hyperliquid:mkts:US500,lighter:180,10.035608386298627,greater than 5% midpoint mismatch; units/oracle/depeg/dislocation unverified
10,US500,lighter:180,hyperliquid:mkts:US500,0.09964517959521775,greater than 5% midpoint mismatch; units/oracle/depeg/dislocation unverified
10,US10Y,hyperliquid:para:10Y,lighter:227,18.110820451843043,greater than 5% midpoint mismatch; units/oracle/depeg/dislocation unverified
10,US10Y,lighter:227,hyperliquid:para:10Y,0.05521561006355376,greater than 5% midpoint mismatch; units/oracle/depeg/dislocation unverified
11,US500,hyperliquid:xyz:SP500,hyperliquid:mkts:US500,0.09966728208607609,greater than 5% midpoint mismatch; units/oracle/depeg/dislocation unverified
11,US500,hyperliquid:mkts:US500,hyperliquid:xyz:SP500,10.033382862154962,greater than 5% midpoint mismatch; units/oracle/depeg/dislocation unverified
11,US500,hyperliquid:mkts:US500,lighter:180,10.035346559928783,greater than 5% midpoint mismatch; units/oracle/depeg/dislocation unverified
11,US500,lighter:180,hyperliquid:mkts:US500,0.09964777937943946,greater than 5% midpoint mismatch; units/oracle/depeg/dislocation unverified
11,US10Y,hyperliquid:para:10Y,lighter:227,18.112715718172648,greater than 5% midpoint mismatch; units/oracle/depeg/dislocation unverified
11,US10Y,lighter:227,hyperliquid:para:10Y,0.05520983244918326,greater than 5% midpoint mismatch; units/oracle/depeg/dislocation unverified
12,US500,hyperliquid:xyz:SP500,hyperliquid:mkts:US500,0.09966598602621227,greater than 5% midpoint mismatch; units/oracle/depeg/dislocation unverified
12,US500,hyperliquid:mkts:US500,hyperliquid:xyz:SP500,10.03351333660612,greater than 5% midpoint mismatch; units/oracle/depeg/dislocation unverified
12,US500,hyperliquid:mkts:US500,lighter:180,10.03521518573065,greater than 5% midpoint mismatch; units/oracle/depeg/dislocation unverified
12,US500,lighter:180,hyperliquid:mkts:US500,0.09964908390025634,greater than 5% midpoint mismatch; units/oracle/depeg/dislocation unverified
12,US10Y,hyperliquid:para:10Y,lighter:227,18.112888034781616,greater than 5% midpoint mismatch; units/oracle/depeg/dislocation unverified
12,US10Y,lighter:227,hyperliquid:para:10Y,0.055209307211513216,greater than 5% midpoint mismatch; units/oracle/depeg/dislocation unverified
13,US500,hyperliquid:xyz:SP500,hyperliquid:mkts:US500,0.09966469003398765,greater than 5% midpoint mismatch; units/oracle/depeg/dislocation unverified
13,US500,hyperliquid:mkts:US500,hyperliquid:xyz:SP500,10.033643807641203,greater than 5% midpoint mismatch; units/oracle/depeg/dislocation unverified
13,US500,hyperliquid:mkts:US500,lighter:180,10.035476544244226,greater than 5% midpoint mismatch; units/oracle/depeg/dislocation unverified
13,US500,lighter:180,hyperliquid:mkts:US500,0.0996464886935083,greater than 5% midpoint mismatch; units/oracle/depeg/dislocation unverified
13,US10Y,hyperliquid:para:10Y,lighter:227,18.112888034781616,greater than 5% midpoint mismatch; units/oracle/depeg/dislocation unverified
13,US10Y,lighter:227,hyperliquid:para:10Y,0.055209307211513216,greater than 5% midpoint mismatch; units/oracle/depeg/dislocation unverified
14,US500,hyperliquid:xyz:SP500,hyperliquid:mkts:US500,0.09965948897253081,greater than 5% midpoint mismatch; units/oracle/depeg/dislocation unverified
14,US500,hyperliquid:mkts:US500,hyperliquid:xyz:SP500,10.034167446670638,greater than 5% midpoint mismatch; units/oracle/depeg/dislocation unverified
14,US500,hyperliquid:mkts:US500,lighter:180,10.036131093031019,greater than 5% midpoint mismatch; units/oracle/depeg/dislocation unverified
14,US500,lighter:180,hyperliquid:mkts:US500,0.09963998982579943,greater than 5% midpoint mismatch; units/oracle/depeg/dislocation unverified
14,US10Y,hyperliquid:para:10Y,lighter:227,18.114963086992923,greater than 5% midpoint mismatch; units/oracle/depeg/dislocation unverified
14,US10Y,lighter:227,hyperliquid:para:10Y,0.055202983036605216,greater than 5% midpoint mismatch; units/oracle/depeg/dislocation unverified
15,US500,hyperliquid:xyz:SP500,hyperliquid:mkts:US500,0.09965298840903013,greater than 5% midpoint mismatch; units/oracle/depeg/dislocation unverified
15,US500,hyperliquid:mkts:US500,hyperliquid:xyz:SP500,10.034821995457431,greater than 5% midpoint mismatch; units/oracle/depeg/dislocation unverified
15,US500,hyperliquid:mkts:US500,lighter:180,10.037178371089889,greater than 5% midpoint mismatch; units/oracle/depeg/dislocation unverified
15,US500,lighter:180,hyperliquid:mkts:US500,0.09962959340050213,greater than 5% midpoint mismatch; units/oracle/depeg/dislocation unverified
15,US10Y,hyperliquid:para:10Y,lighter:227,18.114790749003454,greater than 5% midpoint mismatch; units/oracle/depeg/dislocation unverified
15,US10Y,lighter:227,hyperliquid:para:10Y,0.05520350821910614,greater than 5% midpoint mismatch; units/oracle/depeg/dislocation unverified
16,US500,hyperliquid:xyz:SP500,hyperliquid:mkts:US500,0.09965558853266364,greater than 5% midpoint mismatch; units/oracle/depeg/dislocation unverified
16,US500,hyperliquid:mkts:US500,hyperliquid:xyz:SP500,10.034560175942714,greater than 5% midpoint mismatch; units/oracle/depeg/dislocation unverified
16,US500,hyperliquid:mkts:US500,lighter:180,10.036720186939133,greater than 5% midpoint mismatch; units/oracle/depeg/dislocation unverified
16,US500,lighter:180,hyperliquid:mkts:US500,0.0996341415696044,greater than 5% midpoint mismatch; units/oracle/depeg/dislocation unverified
16,US10Y,hyperliquid:para:10Y,lighter:227,18.121514361307266,greater than 5% midpoint mismatch; units/oracle/depeg/dislocation unverified
16,US10Y,lighter:227,hyperliquid:para:10Y,0.0551830261015703,greater than 5% midpoint mismatch; units/oracle/depeg/dislocation unverified
17,US500,hyperliquid:xyz:SP500,hyperliquid:mkts:US500,0.099660789187003,greater than 5% midpoint mismatch; units/oracle/depeg/dislocation unverified
17,US500,hyperliquid:mkts:US500,hyperliquid:xyz:SP500,10.034036536913279,greater than 5% midpoint mismatch; units/oracle/depeg/dislocation unverified
17,US500,hyperliquid:mkts:US500,lighter:180,10.036327457667058,greater than 5% midpoint mismatch; units/oracle/depeg/dislocation unverified
17,US500,lighter:180,hyperliquid:mkts:US500,0.09963804033078548,greater than 5% midpoint mismatch; units/oracle/depeg/dislocation unverified
17,US10Y,hyperliquid:para:10Y,lighter:227,18.11771423133653,greater than 5% midpoint mismatch; units/oracle/depeg/dislocation unverified
17,US10Y,lighter:227,hyperliquid:para:10Y,0.05519460055675194,greater than 5% midpoint mismatch; units/oracle/depeg/dislocation unverified
18,US500,hyperliquid:xyz:SP500,hyperliquid:mkts:US500,0.0996659903841763,greater than 5% midpoint mismatch; units/oracle/depeg/dislocation unverified
18,US500,hyperliquid:mkts:US500,hyperliquid:xyz:SP500,10.033512897883844,greater than 5% midpoint mismatch; units/oracle/depeg/dislocation unverified
18,US500,hyperliquid:mkts:US500,lighter:180,10.035672908880263,greater than 5% midpoint mismatch; units/oracle/depeg/dislocation unverified
18,US500,lighter:180,hyperliquid:mkts:US500,0.09964453894418282,greater than 5% midpoint mismatch; units/oracle/depeg/dislocation unverified
18,US10Y,hyperliquid:para:10Y,lighter:227,18.11771423133653,greater than 5% midpoint mismatch; units/oracle/depeg/dislocation unverified
18,US10Y,lighter:227,hyperliquid:para:10Y,0.05519460055675194,greater than 5% midpoint mismatch; units/oracle/depeg/dislocation unverified
19,US500,hyperliquid:xyz:SP500,hyperliquid:mkts:US500,0.09965818879198439,greater than 5% midpoint mismatch; units/oracle/depeg/dislocation unverified
19,US500,hyperliquid:mkts:US500,hyperliquid:xyz:SP500,10.034298356427996,greater than 5% midpoint mismatch; units/oracle/depeg/dislocation unverified
19,US500,hyperliquid:mkts:US500,lighter:180,10.036392912545736,greater than 5% midpoint mismatch; units/oracle/depeg/dislocation unverified
19,US500,lighter:180,hyperliquid:mkts:US500,0.09963739051606635,greater than 5% midpoint mismatch; units/oracle/depeg/dislocation unverified
19,US10Y,hyperliquid:para:10Y,lighter:227,18.11012386080405,greater than 5% midpoint mismatch; units/oracle/depeg/dislocation unverified
19,US10Y,lighter:227,hyperliquid:para:10Y,0.05521773388664181,greater than 5% midpoint mismatch; units/oracle/depeg/dislocation unverified
20,US500,hyperliquid:xyz:SP500,hyperliquid:mkts:US500,0.09965948897253081,greater than 5% midpoint mismatch; units/oracle/depeg/dislocation unverified
20,US500,hyperliquid:mkts:US500,hyperliquid:xyz:SP500,10.034167446670638,greater than 5% midpoint mismatch; units/oracle/depeg/dislocation unverified
20,US500,hyperliquid:mkts:US500,lighter:180,10.036589277181774,greater than 5% midpoint mismatch; units/oracle/depeg/dislocation unverified
20,US500,lighter:180,hyperliquid:mkts:US500,0.0996354411227631,greater than 5% midpoint mismatch; units/oracle/depeg/dislocation unverified
20,US10Y,hyperliquid:para:10Y,lighter:227,18.112026484522154,greater than 5% midpoint mismatch; units/oracle/depeg/dislocation unverified
20,US10Y,lighter:227,hyperliquid:para:10Y,0.055211933399863446,greater than 5% midpoint mismatch; units/oracle/depeg/dislocation unverified
21,US500,hyperliquid:xyz:SP500,hyperliquid:mkts:US500,0.09965428845388664,greater than 5% midpoint mismatch; units/oracle/depeg/dislocation unverified
21,US500,hyperliquid:mkts:US500,hyperliquid:xyz:SP500,10.034691085700073,greater than 5% midpoint mismatch; units/oracle/depeg/dislocation unverified
21,US500,hyperliquid:mkts:US500,lighter:180,10.036589277181776,greater than 5% midpoint mismatch; units/oracle/depeg/dislocation unverified
21,US500,lighter:180,hyperliquid:mkts:US500,0.09963544112276308,greater than 5% midpoint mismatch; units/oracle/depeg/dislocation unverified
21,US10Y,hyperliquid:para:10Y,lighter:227,18.112026484522154,greater than 5% midpoint mismatch; units/oracle/depeg/dislocation unverified
21,US10Y,lighter:227,hyperliquid:para:10Y,0.055211933399863446,greater than 5% midpoint mismatch; units/oracle/depeg/dislocation unverified
22,US500,hyperliquid:xyz:SP500,hyperliquid:mkts:US500,0.09965428845388664,greater than 5% midpoint mismatch; units/oracle/depeg/dislocation unverified
22,US500,hyperliquid:mkts:US500,hyperliquid:xyz:SP500,10.034691085700073,greater than 5% midpoint mismatch; units/oracle/depeg/dislocation unverified
22,US500,hyperliquid:mkts:US500,lighter:180,10.036720186939133,greater than 5% midpoint mismatch; units/oracle/depeg/dislocation unverified
22,US500,lighter:180,hyperliquid:mkts:US500,0.0996341415696044,greater than 5% midpoint mismatch; units/oracle/depeg/dislocation unverified
22,US10Y,hyperliquid:para:10Y,lighter:227,18.112026484522154,greater than 5% midpoint mismatch; units/oracle/depeg/dislocation unverified
22,US10Y,lighter:227,hyperliquid:para:10Y,0.055211933399863446,greater than 5% midpoint mismatch; units/oracle/depeg/dislocation unverified
23,US500,hyperliquid:xyz:SP500,hyperliquid:mkts:US500,0.09965428845388664,greater than 5% midpoint mismatch; units/oracle/depeg/dislocation unverified
23,US500,hyperliquid:mkts:US500,hyperliquid:xyz:SP500,10.034691085700073,greater than 5% midpoint mismatch; units/oracle/depeg/dislocation unverified
23,US500,hyperliquid:mkts:US500,lighter:180,10.036785641817813,greater than 5% midpoint mismatch; units/oracle/depeg/dislocation unverified
23,US500,lighter:180,hyperliquid:mkts:US500,0.0996334918057376,greater than 5% midpoint mismatch; units/oracle/depeg/dislocation unverified
23,US10Y,hyperliquid:para:10Y,lighter:227,18.114439031816104,greater than 5% midpoint mismatch; units/oracle/depeg/dislocation unverified
23,US10Y,lighter:227,hyperliquid:para:10Y,0.05520458007248281,greater than 5% midpoint mismatch; units/oracle/depeg/dislocation unverified
24,US500,hyperliquid:xyz:SP500,hyperliquid:mkts:US500,0.09965038842107324,greater than 5% midpoint mismatch; units/oracle/depeg/dislocation unverified
24,US500,hyperliquid:mkts:US500,hyperliquid:xyz:SP500,10.035083814972149,greater than 5% midpoint mismatch; units/oracle/depeg/dislocation unverified
24,US500,hyperliquid:mkts:US500,lighter:180,10.037702010119324,greater than 5% midpoint mismatch; units/oracle/depeg/dislocation unverified
24,US500,lighter:180,hyperliquid:mkts:US500,0.09962439600138244,greater than 5% midpoint mismatch; units/oracle/depeg/dislocation unverified
24,US10Y,hyperliquid:para:10Y,lighter:227,18.114439031816104,greater than 5% midpoint mismatch; units/oracle/depeg/dislocation unverified
24,US10Y,lighter:227,hyperliquid:para:10Y,0.05520458007248281,greater than 5% midpoint mismatch; units/oracle/depeg/dislocation unverified
25,US500,hyperliquid:xyz:SP500,hyperliquid:mkts:US500,0.09964129421048856,greater than 5% midpoint mismatch; units/oracle/depeg/dislocation unverified
25,US500,hyperliquid:mkts:US500,hyperliquid:xyz:SP500,10.035999712002305,greater than 5% midpoint mismatch; units/oracle/depeg/dislocation unverified
25,US500,hyperliquid:mkts:US500,lighter:180,10.038290602766088,greater than 5% midpoint mismatch; units/oracle/depeg/dislocation unverified
25,US500,lighter:180,hyperliquid:mkts:US500,0.09961855454995958,greater than 5% midpoint mismatch; units/oracle/depeg/dislocation unverified
25,US10Y,hyperliquid:para:10Y,lighter:227,18.114439031816104,greater than 5% midpoint mismatch; units/oracle/depeg/dislocation unverified
25,US10Y,lighter:227,hyperliquid:para:10Y,0.05520458007248281,greater than 5% midpoint mismatch; units/oracle/depeg/dislocation unverified
26,US500,hyperliquid:xyz:SP500,hyperliquid:mkts:US500,0.0996451934804302,greater than 5% midpoint mismatch; units/oracle/depeg/dislocation unverified
26,US500,hyperliquid:mkts:US500,hyperliquid:xyz:SP500,10.03560698787137,greater than 5% midpoint mismatch; units/oracle/depeg/dislocation unverified
26,US500,hyperliquid:mkts:US500,lighter:180,10.037963332656977,greater than 5% midpoint mismatch; units/oracle/depeg/dislocation unverified
26,US500,lighter:180,hyperliquid:mkts:US500,0.09962180243741807,greater than 5% midpoint mismatch; units/oracle/depeg/dislocation unverified
26,US10Y,hyperliquid:para:10Y,lighter:227,18.115562828844084,greater than 5% midpoint mismatch; units/oracle/depeg/dislocation unverified
26,US10Y,lighter:227,hyperliquid:para:10Y,0.055201155462184875,greater than 5% midpoint mismatch; units/oracle/depeg/dislocation unverified
27,US500,hyperliquid:xyz:SP500,hyperliquid:mkts:US500,0.09963609565858207,greater than 5% midpoint mismatch; units/oracle/depeg/dislocation unverified
27,US500,hyperliquid:mkts:US500,hyperliquid:xyz:SP500,10.036523344176883,greater than 5% midpoint mismatch; units/oracle/depeg/dislocation unverified
27,US500,hyperliquid:mkts:US500,lighter:180,10.038748780918844,greater than 5% midpoint mismatch; units/oracle/depeg/dislocation unverified
27,US500,lighter:180,hyperliquid:mkts:US500,0.09961400786328575,greater than 5% midpoint mismatch; units/oracle/depeg/dislocation unverified
27,US10Y,hyperliquid:para:10Y,lighter:227,18.116341908966355,greater than 5% midpoint mismatch; units/oracle/depeg/dislocation unverified
27,US10Y,lighter:227,hyperliquid:para:10Y,0.05519878157659787,greater than 5% midpoint mismatch; units/oracle/depeg/dislocation unverified
28,US500,hyperliquid:xyz:SP500,hyperliquid:mkts:US500,0.09963739524570385,greater than 5% midpoint mismatch; units/oracle/depeg/dislocation unverified
28,US500,hyperliquid:mkts:US500,hyperliquid:xyz:SP500,10.036392436133239,greater than 5% midpoint mismatch; units/oracle/depeg/dislocation unverified
28,US500,hyperliquid:mkts:US500,lighter:180,10.0386178728752,greater than 5% midpoint mismatch; units/oracle/depeg/dislocation unverified
28,US500,lighter:180,hyperliquid:mkts:US500,0.09961530687427053,greater than 5% midpoint mismatch; units/oracle/depeg/dislocation unverified
28,US10Y,hyperliquid:para:10Y,lighter:227,18.123411667285342,greater than 5% midpoint mismatch; units/oracle/depeg/dislocation unverified
28,US10Y,lighter:227,hyperliquid:para:10Y,0.05517724909406019,greater than 5% midpoint mismatch; units/oracle/depeg/dislocation unverified
29,US500,hyperliquid:xyz:SP500,hyperliquid:mkts:US500,0.09964779316327396,greater than 5% midpoint mismatch; units/oracle/depeg/dislocation unverified
29,US500,hyperliquid:mkts:US500,hyperliquid:xyz:SP500,10.03534517178408,greater than 5% midpoint mismatch; units/oracle/depeg/dislocation unverified
29,US500,hyperliquid:mkts:US500,lighter:180,10.037832424613331,greater than 5% midpoint mismatch; units/oracle/depeg/dislocation unverified
29,US500,lighter:180,hyperliquid:mkts:US500,0.09962310165170157,greater than 5% midpoint mismatch; units/oracle/depeg/dislocation unverified
29,US10Y,hyperliquid:para:10Y,lighter:227,18.125315287018267,greater than 5% midpoint mismatch; units/oracle/depeg/dislocation unverified
29,US10Y,lighter:227,hyperliquid:para:10Y,0.05517145407761382,greater than 5% midpoint mismatch; units/oracle/depeg/dislocation unverified
30,US500,hyperliquid:xyz:SP500,hyperliquid:mkts:US500,0.09963609565858207,greater than 5% midpoint mismatch; units/oracle/depeg/dislocation unverified
30,US500,hyperliquid:mkts:US500,hyperliquid:xyz:SP500,10.036523344176883,greater than 5% midpoint mismatch; units/oracle/depeg/dislocation unverified
30,US500,hyperliquid:mkts:US500,lighter:180,10.039141505049779,greater than 5% midpoint mismatch; units/oracle/depeg/dislocation unverified
30,US500,lighter:180,hyperliquid:mkts:US500,0.09961011103359695,greater than 5% midpoint mismatch; units/oracle/depeg/dislocation unverified
30,US10Y,hyperliquid:para:10Y,lighter:227,18.125315287018267,greater than 5% midpoint mismatch; units/oracle/depeg/dislocation unverified
30,US10Y,lighter:227,hyperliquid:para:10Y,0.05517145407761382,greater than 5% midpoint mismatch; units/oracle/depeg/dislocation unverified
31,US500,hyperliquid:xyz:SP500,hyperliquid:mkts:US500,0.09964130356805123,greater than 5% midpoint mismatch; units/oracle/depeg/dislocation unverified
31,US500,hyperliquid:mkts:US500,hyperliquid:xyz:SP500,10.035998769496606,greater than 5% midpoint mismatch; units/oracle/depeg/dislocation unverified
31,US500,hyperliquid:mkts:US500,lighter:180,10.038093243358228,greater than 5% midpoint mismatch; units/oracle/depeg/dislocation unverified
31,US500,lighter:180,hyperliquid:mkts:US500,0.09962051315489193,greater than 5% midpoint mismatch; units/oracle/depeg/dislocation unverified
31,US10Y,hyperliquid:para:10Y,lighter:227,18.125315287018267,greater than 5% midpoint mismatch; units/oracle/depeg/dislocation unverified
31,US10Y,lighter:227,hyperliquid:para:10Y,0.05517145407761382,greater than 5% midpoint mismatch; units/oracle/depeg/dislocation unverified
32,US500,hyperliquid:xyz:SP500,hyperliquid:mkts:US500,0.09964520273663477,greater than 5% midpoint mismatch; units/oracle/depeg/dislocation unverified
32,US500,hyperliquid:mkts:US500,hyperliquid:xyz:SP500,10.035606055647554,greater than 5% midpoint mismatch; units/oracle/depeg/dislocation unverified
32,US500,hyperliquid:mkts:US500,lighter:180,10.038093243358228,greater than 5% midpoint mismatch; units/oracle/depeg/dislocation unverified
32,US500,lighter:180,hyperliquid:mkts:US500,0.09962051315489193,greater than 5% midpoint mismatch; units/oracle/depeg/dislocation unverified
32,US10Y,hyperliquid:para:10Y,lighter:227,18.123411667285342,greater than 5% midpoint mismatch; units/oracle/depeg/dislocation unverified
32,US10Y,lighter:227,hyperliquid:para:10Y,0.05517724909406019,greater than 5% midpoint mismatch; units/oracle/depeg/dislocation unverified
33,US500,hyperliquid:xyz:SP500,hyperliquid:mkts:US500,0.09964780235189763,greater than 5% midpoint mismatch; units/oracle/depeg/dislocation unverified
33,US500,hyperliquid:mkts:US500,hyperliquid:xyz:SP500,10.03534424641485,greater than 5% midpoint mismatch; units/oracle/depeg/dislocation unverified
33,US500,hyperliquid:mkts:US500,lighter:180,10.038027791050052,greater than 5% midpoint mismatch; units/oracle/depeg/dislocation unverified
33,US500,lighter:180,hyperliquid:mkts:US500,0.09962116272397695,greater than 5% midpoint mismatch; units/oracle/depeg/dislocation unverified
33,US10Y,hyperliquid:para:10Y,lighter:227,18.123411667285342,greater than 5% midpoint mismatch; units/oracle/depeg/dislocation unverified
33,US10Y,lighter:227,hyperliquid:para:10Y,0.05517724909406019,greater than 5% midpoint mismatch; units/oracle/depeg/dislocation unverified
34,US500,hyperliquid:xyz:SP500,hyperliquid:mkts:US500,0.09964715013403078,greater than 5% midpoint mismatch; units/oracle/depeg/dislocation unverified
34,US500,hyperliquid:mkts:US500,hyperliquid:xyz:SP500,10.035409930489193,greater than 5% midpoint mismatch; units/oracle/depeg/dislocation unverified
34,US500,hyperliquid:mkts:US500,lighter:180,10.037962587215773,greater than 5% midpoint mismatch; units/oracle/depeg/dislocation unverified
34,US500,lighter:180,hyperliquid:mkts:US500,0.09962180983555248,greater than 5% midpoint mismatch; units/oracle/depeg/dislocation unverified
34,US10Y,hyperliquid:para:10Y,lighter:227,18.123411667285342,greater than 5% midpoint mismatch; units/oracle/depeg/dislocation unverified
34,US10Y,lighter:227,hyperliquid:para:10Y,0.05517724909406019,greater than 5% midpoint mismatch; units/oracle/depeg/dislocation unverified
