asset,buy_venue,buy_market,sell_venue,sell_market,target_notional,category,samples,net_min_bps,net_p05_bps,net_median_bps,net_p95_bps,net_max_bps,positive_samples,positive_fraction,positive_after_5bp_fraction,positive_after_10bp_fraction,premium_net_median_bps,longest_positive_consecutive_samples,median_buy_cost,max_quote_skew_ms,requires_spot_borrow_or_inventory,both_sizes_on_lot_grid_fraction,rounding_reserve_net_median_bps
NVDA,rh_lighter,2054,rh_lighter,15,1000,stocks,20,12.13365294398715,12.551152145174132,14.32396421578149,16.071770202284846,16.073499836655348,20,1.0,1.0,1.0,7.318950828305969,20,1000.2050683747393,1411,False,0.0,-2525.5006552306377
GOOGL,rh_lighter,2051,rh_lighter,12,1000,stocks,20,8.665497835907749,8.665497835907749,10.244539278563566,10.830989331534521,10.830998829167156,20,1.0,1.0,0.65,3.240953689816069,20,1000.3220671292081,1125,False,0.0,-4344.876429413696
META,rh_lighter,2052,rh_lighter,13,1000,stocks,20,2.8911297424297775,4.129688690299812,6.3959341201628135,8.131870694991267,8.352635661952183,20,1.0,0.7,0.0,-0.6063044567792423,20,1000.1372358128618,1126,False,0.0,-9143.346180868193
AMZN,rh_lighter,2050,rh_lighter,11,1000,stocks,20,4.87844540206537,5.2646556630631105,5.690594260628518,6.504646765199223,6.505651784987918,20,1.0,0.95,0.0,-1.3113974473627021,20,1000.3514639999999,1123,False,1.0,5.690594260628518
TSLA,rh_lighter,2055,rh_lighter,16,1000,stocks,20,3.9238767902676033,4.45532856267056,5.603810591202491,7.890592571960263,8.691994953035097,20,1.0,0.75,0.0,-1.3981507425044302,20,1000.2084725,1017,False,1.0,5.603810591202491
NVDA,rh_lighter,2054,hyperliquid,xyz:NVDA,1000,stocks,20,-1.4764608929683987,-1.058219132653063,0.7201338232066128,2.0553264666438418,2.4722946795248486,15,0.75,0.0,0.0,-2.779866176793387,10,1000.14378437959,299,False,0.0,-2539.1152426779677
TSLA,rh_lighter,2055,hyperliquid,xyz:TSLA,1000,stocks,20,-2.581510132010493,-2.3151964112842816,-0.1996838016977237,2.462996728007885,2.464340389737216,7,0.35,0.0,0.0,-3.6996838016977236,2,1000.030055,240,False,1.0,-0.1996838016977237
META,hyperliquid,xyz:META,rh_lighter,2052,1000,stocks,20,-5.610972542150581,-2.414498878835147,-0.5713061569139848,0.31519849744389994,1.1016767978549524,4,0.2,0.0,0.0,-4.071421199759064,2,999.6960999999999,278,True,0.0,-9154.624480491977
GOOGL,rh_lighter,2051,hyperliquid,xyz:GOOGL,1000,stocks,20,-1.8851253177811378,-1.6073267997229785,-1.0080464217854814,-0.1159950833612747,0.16165720357214808,1,0.05,0.0,0.0,-4.508046421785481,1,1000.1852896536999,281,False,0.0,-4356.945853848057
AMZN,rh_lighter,2050,hyperliquid,xyz:AMZN,1000,stocks,20,-3.338606617348338,-3.338606617348338,-1.3065005284971412,-0.06666399951159852,0.3196999268118742,1,0.05,0.0,0.0,-4.806500528497141,1,1000.1546799999999,261,False,1.0,-1.3065005284971412
AAPL,rh_lighter,2049,rh_lighter,10,1000,stocks,20,-5.292465746736932,-4.522297622838028,-3.218478460822825,0.9228858338856486,0.9262082601692028,3,0.15,0.0,0.0,-10.217351993361536,3,1000.7746494253134,984,False,0.0,-3647.8757323549344
META,rh_lighter,2052,hyperliquid,xyz:META,1000,stocks,20,-7.012514366280771,-6.982097201162496,-5.004604375777523,-3.0547408879907825,-3.0401605185356524,0,0.0,0.0,0.0,-8.504604375777522,0,1000.0659044359405,278,False,0.0,-9155.88941667104
TSLA,hyperliquid,xyz:TSLA,rh_lighter,2055,1000,stocks,20,-8.18944712347231,-7.917506139578683,-6.505774344626001,-5.650795420651316,-5.3839279208583415,0,0.0,0.0,0.0,-10.003812323605382,0,999.81347,240,True,1.0,-6.505774344626001
NVDA,hyperliquid,xyz:NVDA,rh_lighter,2054,1000,stocks,20,-8.64558758310463,-8.64558758310463,-7.332659971102257,-6.018904038803941,-6.018466664893661,0,0.0,0.0,0.0,-10.830408540112371,0,999.9495549999999,299,True,0.0,-2547.661555440654
GOOGL,hyperliquid,xyz:GOOGL,rh_lighter,2051,1000,stocks,20,-9.562710428910254,-9.007603672662567,-8.105472860918779,-7.473443331384852,-6.640523495878367,0,0.0,0.0,0.0,-11.602950945417458,0,999.86217,281,True,0.0,-4365.215013268874
AAPL,hyperliquid,xyz:AAPL,rh_lighter,2049,1000,stocks,20,-10.999659530631142,-10.718445671337406,-8.334304303377575,-3.8484865117720597,-3.004369834855588,0,0.0,0.0,0.0,-11.831702296871391,0,999.87946,327,True,0.0,-3656.4825088284547
AMZN,hyperliquid,xyz:AMZN,rh_lighter,2050,1000,stocks,20,-9.843089430894747,-9.842398760626137,-9.030081300812888,-6.9779191507674465,-6.5905942606298265,0,0.0,0.0,0.0,-12.527235772357606,0,999.9506800000001,261,True,1.0,-9.030081300812888
AAPL,rh_lighter,2049,hyperliquid,xyz:AAPL,1000,stocks,20,-12.698474231648508,-12.422664942068351,-10.341010354205451,-8.250444508881266,-7.676074796605015,0,0.0,0.0,0.0,-13.84101035420545,0,1000.5720361206653,327,False,0.0,-3655.854720252295
META,rh_lighter,13,rh_lighter,2052,1000,stocks,20,-16.60945956436005,-13.600537212610634,-12.351321147937497,-11.388628017463839,-11.101304007660628,0,0.0,0.0,0.0,-19.34699818553572,0,1000.0847635,1126,True,0.0,-9162.648461739824
TSLA,rh_lighter,16,rh_lighter,2055,1000,stocks,20,-14.231737471248113,-13.742772137545172,-13.002227123694265,-12.309116080066019,-12.041444973397757,0,0.0,0.0,0.0,-19.997676344200972,0,1000.1188434999999,1017,True,1.0,-13.002227123694265
AMZN,rh_lighter,11,rh_lighter,2050,1000,stocks,20,-15.92560903305426,-15.845632578057995,-14.624634384140853,-13.781622799707465,-13.781622799707465,0,0.0,0.0,0.0,-21.619515762106406,0,1000.090236,1123,True,1.0,-14.624634384140853
AAPL,rh_lighter,10,rh_lighter,2049,1000,stocks,20,-19.267418872092477,-18.706006357907036,-15.688034967935815,-11.856988591804926,-11.574035667780601,0,0.0,0.0,0.0,-22.682544155697038,0,1000.090846,984,True,0.0,-3662.8900492976827
GOOGL,rh_lighter,12,rh_lighter,2051,1000,stocks,20,-19.92676569712278,-19.366081819484506,-18.461380475731985,-17.696863242513945,-17.419812375489443,0,0.0,0.0,0.0,-25.454918992565474,0,1000.081448,1125,True,0.0,-4374.670141813473
NVDA,rh_lighter,15,rh_lighter,2054,1000,stocks,20,-23.034951246415996,-22.620571112795794,-20.858209146019647,-19.54849549872703,-19.54849549872703,0,0.0,0.0,0.0,-27.850908772818542,0,1000.116094,1411,True,0.0,-2560.7516354037907
NVDA,rh_lighter,2054,rh_lighter,15,10000,stocks,20,12.133652943987382,12.551152145173004,14.323964215782272,16.071770202285062,16.073499836654534,20,1.0,1.0,1.0,7.318950828306748,20,10002.17624991363,1411,False,0.0,-239.65588960611223
GOOGL,rh_lighter,2051,rh_lighter,12,10000,stocks,20,6.50169792603467,6.50169792603467,7.799305820480428,8.524913017391112,8.537169553184832,20,1.0,1.0,0.0,0.7965760634432603,20,10005.657375819103,1125,False,0.0,-427.60526944795464
META,rh_lighter,2052,rh_lighter,13,10000,stocks,20,2.805167064313518,3.6976959968456047,5.830203700462579,7.213173801191461,7.516870365470686,20,1.0,0.55,0.0,-1.171836870832583,20,10002.144041623695,1126,False,0.0,-909.1104910968929
TSLA,rh_lighter,2055,rh_lighter,16,10000,stocks,20,3.6027451742896948,4.046050384024536,5.255949270191816,7.608202414987329,8.386021393912582,20,1.0,0.6,0.0,-1.7458903120527514,20,10002.3701865,1017,False,1.0,5.255949270191816
AMZN,rh_lighter,2050,rh_lighter,11,10000,stocks,20,2.792737868683753,2.792737868683753,4.391867032642938,5.205344598789707,5.205920477744305,20,1.0,0.25,0.0,-2.6096701208184863,20,10004.936706,1123,False,1.0,4.391867032642938
NVDA,rh_lighter,2054,hyperliquid,xyz:NVDA,10000,stocks,20,-1.476460892968907,-1.4327671291195054,0.4575466610997142,2.055326466644273,2.472294679523976,15,0.75,0.0,0.0,-3.0424533389002857,10,10002.050683747395,299,False,0.0,-253.50533843494523
TSLA,rh_lighter,2055,hyperliquid,xyz:TSLA,10000,stocks,20,-3.000513245242645,-2.563824555742244,-0.6371898968568745,1.8440582482079328,2.1510531886217463,6,0.3,0.0,0.0,-4.137189896856874,2,10002.084725,240,False,1.0,-0.6371898968568745
META,hyperliquid,xyz:META,rh_lighter,2052,10000,stocks,20,-7.252698197257094,-4.64199893692522,-2.2552566219919763,-1.1358301779304063,-0.7092119450009472,0,0.0,0.0,0.0,-5.754782282174279,0,9999.97515,278,True,0.0,-917.3534059410638
GOOGL,rh_lighter,2051,hyperliquid,xyz:GOOGL,10000,stocks,20,-4.566586732967252,-4.446145421015141,-3.6744723578432694,-2.8490822133943596,-2.5532248505762483,0,0.0,0.0,0.0,-7.174472357843269,0,10005.38366089911,281,False,0.0,-439.09095888650813
AMZN,rh_lighter,2050,hyperliquid,xyz:AMZN,10000,stocks,20,-4.8343278502051925,-4.646042795797549,-3.784543267137617,-2.2334265164401232,-1.6370240848943065,0,0.0,0.0,0.0,-7.284543267137617,0,10004.813676,261,False,1.0,-3.784543267137617
META,rh_lighter,2052,hyperliquid,xyz:META,10000,stocks,20,-7.544859851521504,-7.535837976933081,-5.855319314306692,-4.072774862392358,-4.061490152023659,0,0.0,0.0,0.0,-9.355319314306692,0,10001.858584187445,278,False,0.0,-920.8531144502632
AAPL,rh_lighter,2049,rh_lighter,10,10000,stocks,20,-8.51094905804685,-8.419108664218035,-6.5371372122998554,-3.197958313908296,-3.0432926287287203,0,0.0,0.0,0.0,-13.53484921427555,0,10011.425599773085,984,False,0.0,-370.9184920539393
TSLA,hyperliquid,xyz:TSLA,rh_lighter,2055,10000,stocks,20,-9.731969671166434,-9.456232345420494,-8.55273597700237,-7.817866064498534,-7.567322482210311,0,0.0,0.0,0.0,-12.05005751941042,0,10000.715919999999,240,True,1.0,-8.55273597700237
GOOGL,hyperliquid,xyz:GOOGL,rh_lighter,2051,10000,stocks,20,-10.019116599435247,-9.395581304406443,-8.725457158491949,-8.157054516801066,-7.563504887506502,0,0.0,0.0,0.0,-12.222718248486476,0,10000.599555,281,True,0.0,-444.35409503561124
NVDA,hyperliquid,xyz:NVDA,rh_lighter,2054,10000,stocks,20,-10.641633452934398,-10.507775702396936,-8.921493631270025,-7.803032904017274,-7.3816075716742215,0,0.0,0.0,0.0,-12.418686108499081,0,10000.467,299,True,0.0,-262.9337413509427
AMZN,hyperliquid,xyz:AMZN,rh_lighter,2050,10000,stocks,20,-11.423050453854115,-11.423040964405425,-10.949595671180631,-9.511658151779725,-8.503172880503781,0,0.0,0.0,0.0,-14.446078312695722,0,10001.29622,261,True,1.0,-10.949595671180631
AAPL,hyperliquid,xyz:AAPL,rh_lighter,2049,10000,stocks,20,-13.635744721491594,-13.147108179890424,-11.328796843692439,-7.409352033463764,-6.522137318743507,0,0.0,0.0,0.0,-14.825146764797147,0,10000.416975,327,True,0.0,-376.06435039404863
AAPL,rh_lighter,2049,hyperliquid,xyz:AAPL,10000,stocks,20,-16.001621463442557,-15.973496286446325,-14.043789399259595,-12.015106918302687,-11.317405904509561,0,0.0,0.0,0.0,-17.54378939925959,0,10011.188420035805,327,False,0.0,-378.41901937189414
META,rh_lighter,13,rh_lighter,2052,10000,stocks,20,-18.545269062391046,-15.823954854258577,-14.131618820791989,-13.08744870642705,-12.743172512737049,0,0.0,0.0,0.0,-21.126672754204712,0,10001.674253000001,1126,True,0.0,-929.0947766907669
TSLA,rh_lighter,16,rh_lighter,2055,10000,stocks,20,-15.672896719700008,-15.0982072839335,-14.673821039180122,-13.811718860697821,-13.614200320043121,0,0.0,0.0,0.0,-21.668685201816412,0,10001.618011499999,1017,True,1.0,-14.673821039180122
AMZN,rh_lighter,11,rh_lighter,2050,10000,stocks,20,-19.218841061314603,-18.191663463129252,-17.10672770983083,-16.076246757997122,-16.066522158360662,0,0.0,0.0,0.0,-24.10074035513239,0,10001.815833,1123,True,1.0,-17.10672770983083
AAPL,rh_lighter,10,rh_lighter,2049,10000,stocks,20,-21.539589172347146,-21.07992227288642,-18.805984539681273,-15.069256463054304,-14.935726629017127,0,0.0,0.0,0.0,-25.799402445092383,0,10001.2818555,984,True,0.0,-383.5122989652619
GOOGL,rh_lighter,12,rh_lighter,2051,10000,stocks,20,-20.746030448254917,-20.569548191615816,-19.397655650006975,-18.55156430754572,-18.466944882180762,0,0.0,0.0,0.0,-26.39086647052947,0,10001.749434000001,1125,True,0.0,-454.9740778903474
NVDA,rh_lighter,15,rh_lighter,2054,10000,stocks,20,-24.589153632800162,-24.449939336609013,-22.421058555303944,-20.957653223307613,-20.91051088008084,0,0.0,0.0,0.0,-29.41321118480959,0,10001.309403,1411,True,0.0,-276.4040859932744
NVDA,rh_lighter,2054,rh_lighter,15,100000,stocks,20,-6.668797096728943,-6.287586450584087,-2.088438755440058,1.7020109375512775,1.9508645782496754,4,0.2,0.0,0.0,-9.087707801875652,3,100176.13871333674,1411,False,0.0,-27.445894460752555
TSLA,rh_lighter,2055,rh_lighter,16,100000,stocks,20,-15.762405011851252,-14.241107147037294,-12.354769710178143,-9.614423716471077,-9.498264076410996,0,0.0,0.0,0.0,-19.35044554077958,0,100176.3971385,1017,False,1.0,-12.354769710178143
NVDA,rh_lighter,2054,hyperliquid,xyz:NVDA,100000,stocks,20,-19.898720783806024,-19.684985736398417,-16.099536063568788,-12.229984455168832,-12.16554309028276,0,0.0,0.0,0.0,-19.599536063568788,0,100175.9328359245,299,False,0.0,-41.45758453410264
META,rh_lighter,2052,rh_lighter,13,100000,stocks,20,-27.192100336149625,-23.44199224387091,-17.960790660298265,-15.803870254728606,-15.66395214219657,0,0.0,0.0,0.0,-24.954504383567162,0,100235.83585151401,1126,False,0.0,-109.26034369878947
TSLA,rh_lighter,2055,hyperliquid,xyz:TSLA,100000,stocks,20,-19.788961848904503,-19.706278537042188,-18.241264148156915,-14.577295855644465,-14.498540436431892,0,0.0,0.0,0.0,-21.741264148156908,0,100176.1467695,240,False,1.0,-18.241264148156915
TSLA,hyperliquid,xyz:TSLA,rh_lighter,2055,100000,stocks,20,-24.28404328401744,-23.355603381878392,-20.59386988435876,-17.86673638009133,-17.713754913245985,0,0.0,0.0,0.0,-24.086977029899234,0,100022.12289500002,240,True,1.0,-20.59386988435876
AMZN,rh_lighter,2050,rh_lighter,11,100000,stocks,20,-22.20960246757895,-22.15874475632661,-21.57750129651422,-18.71442381862393,-18.645475045784387,0,0.0,0.0,0.0,-28.569949171060443,0,100290.746378,1123,False,1.0,-21.57750129651422
GOOGL,rh_lighter,2051,rh_lighter,12,100000,stocks,20,-23.649764389068757,-23.502133288744208,-22.708974828176835,-21.862554574374414,-21.460171610257106,0,0.0,0.0,0.0,-29.701026686986978,0,100333.71464545862,1125,False,0.0,-66.12801638700515
NVDA,hyperliquid,xyz:NVDA,rh_lighter,2054,100000,stocks,20,-26.8613600671681,-26.766153210528476,-23.06821188010866,-19.71511318977141,-19.540475408209435,0,0.0,0.0,0.0,-26.56045300595062,0,100014.91621000001,299,True,0.0,-48.466938186906006
TSLA,rh_lighter,16,rh_lighter,2055,100000,stocks,20,-30.511588785725486,-30.500390379135194,-27.574338684822898,-24.722698327603744,-23.977308824481522,0,0.0,0.0,0.0,-34.56468766628321,0,100038.9516725,1017,True,1.0,-27.574338684822898
META,rh_lighter,2052,hyperliquid,xyz:META,100000,stocks,17,-38.992047670945745,-35.51947300429724,-28.99656222890163,-27.233238711742796,-27.125357352785624,0,0.0,0.0,0.0,-32.49656222890163,0,100237.579243408,278,False,0.0,-120.2954279816567
META,hyperliquid,xyz:META,rh_lighter,2052,100000,stocks,20,-36.05655787532562,-32.597711537054174,-30.85642067777693,-27.303701586887204,-25.184507068373374,0,0.0,0.0,0.0,-34.34593593053971,0,100018.04509500001,278,True,0.0,-122.35091371208183
GOOGL,hyperliquid,xyz:GOOGL,rh_lighter,2051,100000,stocks,20,-32.140734551908096,-31.750519942898606,-30.98615832444721,-30.654069248142104,-30.310014309720827,0,0.0,0.0,0.0,-34.475628169033655,0,100027.54736,281,True,0.0,-74.538491634143
AMZN,rh_lighter,2050,hyperliquid,xyz:AMZN,100000,stocks,18,-32.13347973676715,-31.77135184521268,-31.213227845461155,-30.70435130811821,-30.182826940616412,0,0.0,0.0,0.0,-34.71322784546115,0,100290.52424,261,False,1.0,-31.213227845461155
GOOGL,rh_lighter,2051,hyperliquid,xyz:GOOGL,100000,stocks,20,-34.1544985737167,-34.153555196192706,-33.87257646194762,-33.48300063064045,-32.931485715891284,0,0.0,0.0,0.0,-37.37257646194762,0,100333.57735208314,281,False,0.0,-77.29282634212944
AMZN,hyperliquid,xyz:AMZN,rh_lighter,2050,100000,stocks,20,-38.4609780314261,-38.08425523090499,-34.96554135095974,-34.13547181389245,-33.943806604889154,0,0.0,0.0,0.0,-38.453618411486914,0,100036.03869000002,261,True,1.0,-34.96554135095974
NVDA,rh_lighter,15,rh_lighter,2054,100000,stocks,20,-41.31630210517401,-40.89643644950184,-37.41990703618361,-33.31878529333168,-32.48564480595448,0,0.0,0.0,0.0,-44.406810068720944,0,100030.20093999998,1411,True,0.0,-62.81384169285496
GOOGL,rh_lighter,12,rh_lighter,2051,100000,stocks,20,-43.15825038255035,-42.73113701682636,-41.9462637867496,-41.472777440193575,-41.452990390668944,0,0.0,0.0,0.0,-48.93158259442424,0,100040.33044449997,1125,True,0.0,-85.49356293861939
META,rh_lighter,13,rh_lighter,2052,100000,stocks,20,-47.467507191360156,-44.31966580374017,-42.58082616575935,-40.27956561350012,-37.971771895735856,0,0.0,0.0,0.0,-49.565922876601334,0,100035.609437,1126,True,0.0,-134.06013924039377
AMZN,rh_lighter,11,rh_lighter,2050,100000,stocks,20,-46.29155068396265,-45.59269552648146,-42.72846986560802,-42.28878666035802,-41.640392749224226,0,0.0,0.0,0.0,-49.71351490115505,0,100060.25568150001,1123,True,1.0,-42.72846986560802
AAPL,rh_lighter,10,rh_lighter,2049,100000,stocks,20,-872.4854160172378,-870.7576283971927,-870.0149318060833,-869.403043779308,-869.3954737572942,0,0.0,0.0,0.0,-876.7104265799512,0,100029.43849200002,984,True,0.0,-906.4808534286778
AAPL,hyperliquid,xyz:AAPL,rh_lighter,2049,100000,stocks,20,-871.3842986618909,-871.2522636241666,-870.6399469837472,-869.6029528529352,-869.5740362986297,0,0.0,0.0,0.0,-873.8355380023029,0,100024.09349999997,327,True,0.0,-907.1069643211831
