round,asset,category,venue,market,mid,spread_bps,bid_depth_10bps,ask_depth_10bps,returned_bid_notional,returned_ask_notional,venue_age_ms,request_ms
0,BTC,crypto,rh_lighter,1,83038.79999999999,1.1802408413918997,1653773.746288,1968893.952426,3762839.597875,4152759.025762,,223
0,BTC,crypto,hyperliquid,BTC,83051.5,0.12040794210799177,4569339.07878,5226833.64447,4569339.07878,5226833.64447,490,198
0,ETH,crypto,rh_lighter,0,2663.5299999999997,1.4267799079337173,916938.866754,1277773.033044,4145946.695252,5152434.82639,,225
0,ETH,crypto,hyperliquid,ETH,2664.45,0.3753190211686075,11733145.882029999,9430164.23037,11733145.882029999,9430164.23037,506,211
0,SOL,crypto,rh_lighter,3,117.3775,2.641400112473047,348822.31584500003,344016.528605,1919434.467127,2036921.490091,,248
0,SOL,crypto,hyperliquid,SOL,117.38499999999999,0.8519338899315443,2155097.8061,2709797.0246,4342323.944,4905265.7669,653,333
0,HYPE,crypto,rh_lighter,2,86.6935,2.8841383924982367,347655.96594,266003.490453,1430760.953852,1376441.757243,,235
0,HYPE,crypto,hyperliquid,HYPE,86.664,0.46156331494628944,113417.27155,127157.01698,113417.27155,127157.01698,510,202
0,ZEC,crypto,rh_lighter,4,1378.56,2.901999477640249,59689.95017999999,71959.917908,798227.462467,685566.101588,,238
0,ZEC,crypto,hyperliquid,ZEC,1377.65,0.7259001161452616,451631.091,716163.608,971504.147,1088370.535,516,204
0,XAU,commodities,rh_lighter,40,4134.93,1.1125353713681285,898940.0746759999,466815.416784,2114051.926227,1608322.9373909999,,229
0,XAU,commodities,hyperliquid,xyz:GOLD,4132.85,0.24196670538101372,1174190.38973,1225364.95231,1174190.38973,1225364.95231,502,198
0,XAG,commodities,rh_lighter,41,60.5082,3.5042712438171364,422969.399289,282711.941049,2166210.322235,1658319.550879,,240
0,XAG,commodities,hyperliquid,xyz:SILVER,60.4525,0.16542049890988508,281890.49457,1364848.4239400001,281890.49457,1364848.4239400001,523,206
0,NVDA,stocks,rh_lighter,15,228.46,2.626625224357859,313349.939523,225914.97928,1412032.968575,1401103.925363,,237
0,NVDA,stocks,hyperliquid,xyz:NVDA,228.155,0.4383081306147396,791572.44172,556222.61754,791572.44172,556222.61754,520,205
0,AAPL,stocks,rh_lighter,10,337.59000000000003,1.777461784571166,181737.681536,129605.598854,1135815.8224,1272851.521922,,223
0,AAPL,stocks,hyperliquid,xyz:AAPL,337.33,0.5929088106237934,195572.50674,155133.41417,195572.50674,155133.41417,395,202
0,TSLA,stocks,rh_lighter,16,357.08000000000004,2.240645305846556,186713.792092,137442.52585,1123606.279004,1113270.494998,,244
0,TSLA,stocks,hyperliquid,xyz:TSLA,356.85,1.1209819802160403,315585.92349,244791.37107,315585.92349,244791.37107,438,212
0,META,stocks,rh_lighter,13,715.4200000000001,2.5163211384948703,138714.323232,171606.006495,1085693.696307,1007935.447616,,220
0,META,stocks,hyperliquid,xyz:META,714.635,0.6996823442140254,105412.82712,178873.72061999998,105412.82712,178873.72061999998,406,201
0,GOOGL,stocks,rh_lighter,12,342.32500000000005,2.045049519412423,178710.165977,127527.755521,1475691.661656,1192005.787519,,230
0,GOOGL,stocks,hyperliquid,xyz:GOOGL,341.96000000000004,0.5848808305319864,135076.92833999998,181579.66192,135076.92833999998,181579.66192,422,202
0,AMZN,stocks,rh_lighter,11,246.185,2.0311992200205964,171462.016293,119377.499298,737271.208306,617501.261173,,222
0,AMZN,stocks,hyperliquid,xyz:AMZN,245.965,0.406570174011911,138837.79003,136578.99164,138837.79003,136578.99164,416,198
0,MSFT,stocks,rh_lighter,14,507.9,3.1507226970184377,164892.26039100002,127331.86902700001,1083435.669272,1143487.487611,,216
0,MSFT,stocks,hyperliquid,xyz:MSFT,507.315,0.1971181328963567,144746.48127000002,192754.77069,144746.48127000002,192754.77069,409,194
0,AMD,stocks,rh_lighter,29,605.1949999999999,1.817761179232491,99721.432108,89142.470274,499773.866532,470463.764953,,231
0,AMD,stocks,hyperliquid,xyz:AMD,604.95,1.6531658125318316,77282.29263,50000.07171,77282.29263,50000.07171,430,196
0,COIN,stocks,rh_lighter,23,191.39499999999998,4.703423046772404,96642.095613,84180.609933,419450.157926,392545.67595299997,,214
0,COIN,stocks,hyperliquid,xyz:COIN,191.315,0.5227118289674593,89417.06213,119129.31903,140956.51774,124135.52116,543,196
0,PLTR,stocks,rh_lighter,34,186.6585,5.090803864724602,102242.82825600001,122258.932094,441474.43133,411325.594705,,221
0,PLTR,stocks,hyperliquid,xyz:PLTR,186.555,1.6082341588941063,107142.76156,134959.60371,110357.58709999999,137424.31803,817,200
0,MU,stocks,rh_lighter,31,1051.345,1.807372175981481,184978.05043499998,177379.668719,1116582.675983,879800.4703169999,,223
0,MU,stocks,hyperliquid,xyz:MU,1050.85,0.9516558812339149,800039.0017,800911.3423,1548508.236,2231106.0244,822,191
0,SNDK,stocks,rh_lighter,32,1698.835,3.826883562652039,244815.15353,136055.067319,922115.490172,823493.668968,,216
0,SNDK,stocks,hyperliquid,xyz:SNDK,1697.75,0.5890322200619025,1233422.5064,1444590.8739,1347540.4158,1697806.7661,813,186
0,XRP,crypto,rh_lighter,6,1.4833500000000002,3.371316836355831,72965.85378199999,93139.73202,1249599.495156,1301287.609313,,237
0,XRP,crypto,hyperliquid,XRP,1.4844499999999998,0.6736728644574086,1639204.8114,761797.6739,1915538.708,1411739.9085,286,191
1,BTC,crypto,rh_lighter,1,82983.2,0.9158899678718413,1881652.2462,2235052.861643,3632989.244079,4223399.243337,,249
1,BTC,crypto,hyperliquid,BTC,82992.5,0.12049354154664016,6205296.39889,4059563.5536599997,6205296.39889,4059563.5536599997,680,204
1,ETH,crypto,rh_lighter,0,2661.83,0.9768193259951374,1026635.936256,1330548.758529,4124306.827025,5096871.68603,,238
1,ETH,crypto,hyperliquid,ETH,2662.95,0.3755304367425438,10112251.98025,8904157.02781,10112251.98025,8904157.02781,657,190
1,SOL,crypto,rh_lighter,3,117.3155,2.9838530921244555,355398.589694,425339.818044,1959649.363908,2055331.335066,,224
1,SOL,crypto,hyperliquid,SOL,117.315,0.8524422470368442,2789813.9067,2641355.5159,5168970.6526,4665491.4263,652,193
1,HYPE,crypto,rh_lighter,2,86.6905,1.9611914815076403,328330.12334,281124.68268,1462274.590787,1338801.776943,,243
1,HYPE,crypto,hyperliquid,HYPE,86.6685,0.3461525147985256,81985.16988,121101.31167000001,81985.16988,121101.31167000001,687,207
1,ZEC,crypto,rh_lighter,4,1375.5,3.199348496305543,59774.826541,70278.16276199999,816883.6137999999,698693.200434,,225
1,ZEC,crypto,hyperliquid,ZEC,1374.65,0.7274843590865387,493661.225,831375.367,977714.45,1114982.012,662,197
1,XAU,commodities,rh_lighter,40,4135.1849999999995,1.4268819726748205,767697.156707,458439.03846199997,2089000.702011,1565571.297268,,246
1,XAU,commodities,hyperliquid,xyz:GOLD,4132.65,0.24197841552497934,1570669.55899,1101625.4171,1570669.55899,1101625.4171,678,199
1,XAG,commodities,rh_lighter,41,60.5133,2.2146344365747694,424247.857666,322934.964239,2136148.179748,1661908.305695,,242
1,XAG,commodities,hyperliquid,xyz:SILVER,60.453500000000005,0.1654177625587394,691761.90236,832288.9727299999,691761.90236,832288.9727299999,667,196
1,NVDA,stocks,rh_lighter,15,228.45,1.7510834829037591,301210.98018,208620.134413,1412128.758116,1397774.410143,,243
1,NVDA,stocks,hyperliquid,xyz:NVDA,228.135,0.438346556788094,836459.59141,541810.85855,836459.59141,541810.85855,672,198
1,AAPL,stocks,rh_lighter,10,337.56,1.18504473543668,178614.363549,129010.564499,1142606.846152,1282236.2755149999,,234
1,AAPL,stocks,hyperliquid,xyz:AAPL,337.33,0.5929088106237934,200505.23517,168207.89681,200505.23517,168207.89681,506,221
1,TSLA,stocks,rh_lighter,16,357.005,1.9609490993643952,188442.93424600002,126780.026663,1110080.085776,1108310.18794,,235
1,TSLA,stocks,hyperliquid,xyz:TSLA,356.765,0.2803004821161359,329488.71967,140948.19167,329488.71967,140948.19167,544,253
1,META,stocks,rh_lighter,13,715.4200000000001,2.5163211384948703,136066.156723,166770.188601,1086172.9313069999,1012991.014722,,231
1,META,stocks,hyperliquid,xyz:META,714.59,0.5597772086707309,150955.5265,130961.93162,150955.5265,130961.93162,484,191
1,GOOGL,stocks,rh_lighter,12,342.33000000000004,1.7528483786155569,176236.435665,168818.411987,1481172.6740310001,1198371.381026,,221
1,GOOGL,stocks,hyperliquid,xyz:GOOGL,341.96000000000004,1.1697958706213818,172675.47609,210358.3032,172675.47609,210358.3032,764,477
1,AMZN,stocks,rh_lighter,11,246.175,1.2187195320123578,169967.429967,78356.736495,745562.279232,576740.253877,,228
1,AMZN,stocks,hyperliquid,xyz:AMZN,245.95499999999998,1.219809709684938,170813.29439,144035.55985,170813.29439,144035.55985,512,212
1,MSFT,stocks,rh_lighter,14,507.885,2.1660791997324402,161125.29841800002,116284.409245,1089372.873504,1142527.543791,,218
1,MSFT,stocks,hyperliquid,xyz:MSFT,507.275,0.19713367634510703,148038.98588,147166.80223,148038.98588,147166.80223,589,291
1,AMD,stocks,rh_lighter,29,605.0550000000001,3.471361269524742,106518.347014,82169.512716,491375.514463,468531.593574,,233
1,AMD,stocks,hyperliquid,xyz:AMD,604.9100000000001,1.322598244251072,84482.90463,37928.15771,84482.90463,37928.15771,522,206
1,COIN,stocks,rh_lighter,23,191.24,3.1379111971130413,90369.224139,86233.391309,412835.737037,392798.303905,,228
1,COIN,stocks,hyperliquid,xyz:COIN,191.14999999999998,2.092816407679443,87592.61782999999,119764.10395,98526.47802,155813.00726,516,199
1,PLTR,stocks,rh_lighter,34,186.624,5.038134389554472,97493.112249,127399.13070299999,441736.442131,406408.224278,,225
1,PLTR,stocks,hyperliquid,xyz:PLTR,186.515,1.6085790884723394,112262.39817,118280.69013,119384.5367,138297.28154999999,426,186
1,MU,stocks,rh_lighter,31,1051.2649999999999,0.2853745541009367,172219.505164,156561.68787300002,1109311.970149,888419.425903,,238
1,MU,stocks,hyperliquid,xyz:MU,1050.75,0.951746454742608,882975.3245,833106.8837,1561556.4295,2224908.5168,510,235
1,SNDK,stocks,rh_lighter,32,1698.835,3.238036925394816,208142.914348,145381.950778,913572.341206,821141.376128,,220
1,SNDK,stocks,hyperliquid,xyz:SNDK,1697.65,0.5890669180019792,1179924.3953,1240187.9188,1409875.7288,1599816.0684,473,210
1,XRP,crypto,rh_lighter,6,1.4814,2.700513097488866,203749.430579,184896.272763,1361919.409235,1336230.16566,,220
1,XRP,crypto,hyperliquid,XRP,1.4821499999999999,0.6747183051070138,1257787.612,732582.3365,2075701.5951,1310353.4196,468,201
2,BTC,crypto,rh_lighter,1,83006.1,1.6385680361152843,1762908.017656,2210487.613489,3511554.489607,4145021.26289,,244
2,BTC,crypto,hyperliquid,BTC,83012.5,0.12046451115521606,6575884.05232,2996241.75787,6575884.05232,2996241.75787,767,206
2,ETH,crypto,rh_lighter,0,2662.3,0.37562212414243845,996415.896161,1427766.1917700002,4148391.087711,5240614.281456,,247
2,ETH,crypto,hyperliquid,ETH,2663.55,0.3754458419380491,9729038.29829,9484289.21285,9729038.29829,9484289.21285,771,202
2,SOL,crypto,rh_lighter,3,117.449,1.703011776328367,267059.942122,311750.057174,1850247.956202,2019763.251349,,235
2,SOL,crypto,hyperliquid,SOL,117.465,0.8513536523069298,2440550.298,2527354.5289,4026207.5004000003,4463744.9549,761,209
2,HYPE,crypto,rh_lighter,2,86.8015,0.5760435028046018,366861.288704,207234.981068,1459886.461675,1273503.460982,,239
2,HYPE,crypto,hyperliquid,HYPE,86.7795,0.11523525276890823,119002.87758,113783.14880000001,119002.87758,113783.14880000001,782,223
2,ZEC,crypto,rh_lighter,4,1380.145,3.261058612091805,60579.8545,86760.709743,806980.296898,707968.025512,,235
2,ZEC,crypto,hyperliquid,ZEC,1379.5,2.9000217501629066,322995.831,752152.2880000001,725755.649,1328894.144,757,192
2,XAU,commodities,rh_lighter,40,4134.805,1.427013116428455,901767.316742,444504.633526,2128724.4647150002,1843075.507271,,246
2,XAU,commodities,hyperliquid,xyz:GOLD,4132.35,0.24199598286589463,1567050.05256,1209308.9624,1567050.05256,1209308.9624,778,206
2,XAG,commodities,rh_lighter,41,60.506299999999996,3.20679178664518,667122.122372,240467.148291,2247412.166838,1647618.708516,,218
2,XAG,commodities,hyperliquid,xyz:SILVER,60.4465,0.16543691890413825,500103.95771000005,1387270.51835,500103.95771000005,1387270.51835,737,196
2,NVDA,stocks,rh_lighter,15,228.495,2.188471134065839,273601.137131,167756.151733,1435565.811915,1352505.701154,,230
2,NVDA,stocks,hyperliquid,xyz:NVDA,228.185,0.43825050398682563,643847.28613,772820.2250000001,643847.28613,772820.2250000001,742,187
2,AAPL,stocks,rh_lighter,10,337.625,2.073521135106393,183379.209767,132909.722268,1142653.319606,1277877.9725839999,,251
2,AAPL,stocks,hyperliquid,xyz:AAPL,337.38,0.5928209384342686,183722.47053,174514.05935,183722.47053,174514.05935,641,200
2,TSLA,stocks,rh_lighter,16,357.025,2.5211496442367753,188447.088766,138559.060319,1110084.240296,1118507.838504,,245
2,TSLA,stocks,hyperliquid,xyz:TSLA,356.78999999999996,0.5605695386523557,321710.97453999997,139550.23567,321710.97453999997,139550.23567,645,206
2,META,stocks,rh_lighter,13,715.4300000000001,1.9570565868920475,134067.08259499999,166831.523862,1089020.520102,1013052.349983,,237
2,META,stocks,hyperliquid,xyz:META,714.535,0.13995213636874837,197491.42025,154135.44974,197491.42025,154135.44974,654,207
2,GOOGL,stocks,rh_lighter,12,342.33000000000004,1.7528483786155569,172706.23475200002,148722.072518,1461184.890806,1178275.041557,,237
2,GOOGL,stocks,hyperliquid,xyz:GOOGL,341.945,0.8773725616340045,160712.25154,166280.83643999998,160712.25154,166280.83643999998,659,209
2,AMZN,stocks,rh_lighter,11,246.135,1.21891760117121,166202.334041,113893.322491,739427.772755,622677.4893520001,,244
2,AMZN,stocks,hyperliquid,xyz:AMZN,245.945,1.2198593095602561,209237.62708,166707.00715,209237.62708,166707.00715,677,214
2,MSFT,stocks,rh_lighter,14,507.875,2.5600126031388726,161929.028845,122279.925755,1090176.603931,1148523.066446,,212
2,MSFT,stocks,hyperliquid,xyz:MSFT,507.21000000000004,0.7886590823957818,144855.48072999998,148326.4847,144855.48072999998,148326.4847,636,200
2,AMD,stocks,rh_lighter,29,605.185,2.8094529829769677,94966.361927,84317.787432,493303.065811,469495.966731,,230
2,AMD,stocks,hyperliquid,xyz:AMD,605.0450000000001,1.8182118712717354,85885.08258,71448.7028,85885.08258,71448.7028,670,210
2,COIN,stocks,rh_lighter,23,191.335,3.659174072137006,80727.175621,83357.785357,406485.210485,392594.480883,,230
2,COIN,stocks,hyperliquid,xyz:COIN,191.23000000000002,2.0919407980746207,81706.6001,113568.38272000001,88160.21078,155230.57866,667,202
2,PLTR,stocks,rh_lighter,34,186.65449999999998,5.090912988259255,77163.566734,131899.032015,421413.56399500003,410939.298585,,240
2,PLTR,stocks,hyperliquid,xyz:PLTR,186.53500000000003,1.6084066051891277,101260.91009,119769.82817,115954.11747,137478.01941,733,400
2,MU,stocks,rh_lighter,31,1050.9099999999999,1.7129479834809835,195641.986062,188411.366778,1094127.153602,888254.041776,,238
2,MU,stocks,hyperliquid,xyz:MU,1050.5,1.90403655750071,603684.5756,1128662.5562,1595314.9278,2085142.1946,555,220
2,SNDK,stocks,rh_lighter,32,1698.345,2.2966169066318542,247999.591784,149908.34119,929090.273336,826422.11788,,243
2,SNDK,stocks,hyperliquid,xyz:SNDK,1696.95,0.589309918086478,1335581.2885,1082018.6774,1656350.8946,1492457.8122,767,422
2,XRP,crypto,rh_lighter,6,1.4827,2.698145025297194,214080.556645,178039.391448,1358708.890655,1376723.2854839999,,237
2,XRP,crypto,hyperliquid,XRP,1.4835500000000001,0.6740815638694997,987069.0259,697220.673,1918509.6892000001,1307725.3804,692,345
3,BTC,crypto,rh_lighter,1,83026.70000000001,1.2285959316615802,1861052.64448,2214192.215727,3818970.591204,4270094.338237,,249
3,BTC,crypto,hyperliquid,BTC,83039.5,0.1204253423092716,3688393.21901,5685342.44893,3688393.21901,5685342.44893,805,205
3,ETH,crypto,rh_lighter,0,2663.44,1.7272389334666016,1616786.834438,1373468.931512,4769224.06927,5315967.867598,,225
3,ETH,crypto,hyperliquid,ETH,2664.55,0.3753049352606119,10177758.40091,9171057.55101,10177758.40091,9171057.55101,800,214
3,SOL,crypto,rh_lighter,3,117.5565,1.956697435023802,267196.93510199996,342435.525721,1869843.757269,2013767.285573,,232
3,SOL,crypto,hyperliquid,SOL,117.565,0.8506294658028324,2369415.5494,2921142.6973,4698320.5656,4739513.0971,792,200
3,HYPE,crypto,rh_lighter,2,86.88900000000001,2.302052279605782,388080.024243,310381.319386,1446408.001782,1355485.377886,,226
3,HYPE,crypto,hyperliquid,HYPE,86.8625,0.11512514102918203,73774.75155,108445.47327,73774.75155,108445.47327,774,195
3,ZEC,crypto,rh_lighter,4,1382.09,3.1840911228986357,47250.489019,75481.574034,794237.504509,701033.344396,,234
3,ZEC,crypto,hyperliquid,ZEC,1381.55,0.7238508867168925,284683.091,811510.959,653557.38,1563201.2880000002,787,199
3,XAU,commodities,rh_lighter,40,4135.85,1.4991996208468805,805034.003666,470496.502945,2073675.458561,1827446.346261,,268
3,XAU,commodities,hyperliquid,xyz:GOLD,4133.35,0.24193743497713527,1396772.36472,994861.8216,1396772.36472,994861.8216,826,202
3,XAG,commodities,rh_lighter,41,60.53775,3.3868902564937464,430437.549527,322078.148454,2167245.925248,1683042.781471,,236
3,XAG,commodities,hyperliquid,xyz:SILVER,60.4765,0.16535485151125684,795435.63652,1021702.55607,795435.63652,1021702.55607,796,199
3,NVDA,stocks,rh_lighter,15,228.555,2.187896556251623,285398.471647,239036.027639,1440590.759724,1374529.091587,,238
3,NVDA,stocks,hyperliquid,xyz:NVDA,228.245,0.4381352961790874,602700.80613,781334.3111,602700.80613,781334.3111,810,215
3,AAPL,stocks,rh_lighter,10,337.65,0.5923468783342045,185703.788872,129598.539012,1144977.898711,1274566.789328,,245
3,AAPL,stocks,hyperliquid,xyz:AAPL,337.38,0.5928209384342686,181261.77755,171316.17562999998,181261.77755,171316.17562999998,701,214
3,TSLA,stocks,rh_lighter,16,356.99,2.8015913038603735,183579.213335,136551.689538,1105253.294355,1117266.818671,,220
3,TSLA,stocks,hyperliquid,xyz:TSLA,356.745,0.8409721638202861,336754.52336,131358.03219,336754.52336,131358.03219,717,242
3,META,stocks,rh_lighter,13,715.0250000000001,2.0980488146027376,147224.403229,166256.713188,1084576.899768,1009736.582083,,235
3,META,stocks,hyperliquid,xyz:META,714.16,0.5601142633082645,143927.36066,119150.87082,143927.36066,119150.87082,683,189
3,GOOGL,stocks,rh_lighter,12,342.33000000000004,1.7528483786155569,172716.658057,146671.557191,1461195.314111,1176224.52623,,252
3,GOOGL,stocks,hyperliquid,xyz:GOOGL,341.95,0.5848979353095807,164113.12356,163224.12406,164113.12356,163224.12406,724,209
3,AMZN,stocks,rh_lighter,11,246.21,2.4372410431383607,167173.631412,101673.214722,742953.708164,605054.852548,,243
3,AMZN,stocks,hyperliquid,xyz:AMZN,246.005,1.2195617708044004,130650.61741,210869.34519,130650.61741,216900.00633,720,209
3,MSFT,stocks,rh_lighter,14,507.83500000000004,2.954151567671204,160929.81952000002,127132.59931800001,1088977.447971,1148316.529734,,231
3,MSFT,stocks,hyperliquid,xyz:MSFT,507.195,0.19716477059894544,204971.79296,75654.60239,204971.79296,75654.60239,707,203
3,AMD,stocks,rh_lighter,29,605.26,3.635462282078894,90128.475376,87556.005418,493196.600637,468936.692795,,230
3,AMD,stocks,hyperliquid,xyz:AMD,605.115,1.4874312063062334,68929.29020999999,36926.59918,68929.29020999999,36926.59918,734,225
3,COIN,stocks,rh_lighter,23,191.45,4.1795099524577495,80781.21755,85521.99636,406642.18511799996,391817.534568,,222
3,COIN,stocks,hyperliquid,xyz:COIN,191.375,0.522547943773155,77371.94666,113736.94681,83004.53191,183266.35962,712,196
3,PLTR,stocks,rh_lighter,34,186.627,5.359717435695632,83051.534631,116990.38673900001,432314.660846,406933.089511,,235
3,PLTR,stocks,hyperliquid,xyz:PLTR,186.505,1.608665343986182,119423.57523,113388.43788,134264.93243,135318.46394,508,210
3,MU,stocks,rh_lighter,31,1051.01,1.1418240639415878,235938.936247,177023.091642,1089277.371916,886285.501397,,239
3,MU,stocks,hyperliquid,xyz:MU,1050.55,0.9519276534963872,699799.8582,965245.5851,1548951.7568,1924007.1532,523,202
3,SNDK,stocks,rh_lighter,32,1698.6399999999999,2.708415518042351,207082.798089,150831.273932,922824.230211,832220.482368,,232
3,SNDK,stocks,hyperliquid,xyz:SNDK,1697.35,0.5891710363536973,1020025.7377,1404412.364,1405039.7163,1687348.9852,513,194
3,XRP,crypto,rh_lighter,6,1.4837,2.6963262554757783,203684.724792,210414.424967,1359225.013289,1382815.432638,,231
3,XRP,crypto,hyperliquid,XRP,1.4844499999999998,0.6736728644574086,1375863.9772,771809.3991,2073058.1946,1253004.4617,517,192
4,BTC,crypto,rh_lighter,1,83068.20000000001,0.6982458379134471,1871830.867748,1901967.49842,3835342.417546,3777947.869543,,242
4,BTC,crypto,hyperliquid,BTC,83081.5,0.12036446359608988,5097123.8357,4662838.41773,5097123.8357,4662838.41773,739,188
4,ETH,crypto,rh_lighter,0,2665.33,2.026220798030387,945384.030407,1958526.729154,4101904.389106,5767751.162734,,243
4,ETH,crypto,hyperliquid,ETH,2667.05,0.37495313085722515,7971827.911400001,10608273.83746,7971827.911400001,10608273.83746,753,197
4,SOL,crypto,rh_lighter,3,117.6555,2.1250733150290912,320023.809356,380912.440114,1830457.829954,2051496.216353,,238
4,SOL,crypto,hyperliquid,SOL,117.67500000000001,0.8498342823148874,2260451.4578,3036420.5755,4207294.4692,4479493.8325,746,191
4,HYPE,crypto,rh_lighter,2,86.9405,1.7254667387511802,371690.133465,278910.109455,1389887.172498,1409632.644832,,77
4,HYPE,crypto,hyperliquid,HYPE,86.9165,0.11505361498409528,94990.76492,123063.52674,94990.76492,123063.52674,598,206
4,ZEC,crypto,rh_lighter,4,1383.27,3.3260064784834675,47559.861728,53467.923505,801865.095291,695465.189483,,226
4,ZEC,crypto,hyperliquid,ZEC,1382.45,0.7233796296279849,713593.845,714864.633,1153454.459,1167239.962,768,223
4,XAU,commodities,rh_lighter,40,4135.405000000001,1.3300670111937585,767852.484913,459245.856268,2094742.3977029999,1816960.749408,,297
4,XAU,commodities,hyperliquid,xyz:GOLD,4133.35,0.24193743497713527,1004531.17978,1350045.91415,1004531.17978,1350045.91415,303,191
4,XAG,commodities,rh_lighter,41,60.54705,3.8820324670063577,474142.140359,288689.463222,2250554.8300509998,1686188.598366,,248
4,XAG,commodities,hyperliquid,xyz:SILVER,60.4845,0.16533298062171298,534069.07779,733405.09749,534069.07779,733405.09749,780,221
4,NVDA,stocks,rh_lighter,15,228.62,2.624786736078466,280117.683291,195159.647177,1441026.4552520001,1356018.45603,,227
4,NVDA,stocks,hyperliquid,xyz:NVDA,228.31,0.8760402978524873,559199.50651,786173.5297900001,559199.50651,786173.5297900001,736,196
4,AAPL,stocks,rh_lighter,10,337.655,0.8885203174990863,184338.73983,121044.501284,1143612.849669,1266012.7516,,220
4,AAPL,stocks,hyperliquid,xyz:AAPL,337.38,0.5928209384342686,166262.37086,171795.6652,166262.37086,171795.6652,503,190
4,TSLA,stocks,rh_lighter,16,357.01,3.361815380305,188447.156469,136561.063432,1130162.975878,1117276.192565,,265
4,TSLA,stocks,hyperliquid,xyz:TSLA,356.78,0.5605852510037757,231211.05875999999,177030.21071,231211.05875999999,177030.21071,701,205
4,META,stocks,rh_lighter,13,713.725,2.662444123706642,116378.369699,122667.06820099999,1090618.307996,1009185.92082,,219
4,META,stocks,hyperliquid,xyz:META,712.925,0.1402681927853422,97301.84543,202449.39315,97301.84543,202449.39315,662,209
4,GOOGL,stocks,rh_lighter,12,342.32,1.1685655857429644,158793.195599,126906.27196700001,1461132.477102,1196414.97421,,251
4,GOOGL,stocks,hyperliquid,xyz:GOOGL,341.93,0.5849321478712532,191206.89647,161432.70365,191206.89647,161432.70365,691,199
4,AMZN,stocks,rh_lighter,11,246.135,2.031611880866091,163040.053414,97205.725781,734488.958443,605959.539332,,218
4,AMZN,stocks,hyperliquid,xyz:AMZN,245.95499999999998,1.219809709684938,228590.15922,159846.07302,228590.15922,159846.07302,668,201
4,MSFT,stocks,rh_lighter,14,507.79,2.7574253525552983,154465.267356,123374.38825,1087555.506095,1148488.967868,,224
4,MSFT,stocks,hyperliquid,xyz:MSFT,507.195,0.19716477059894544,266426.47744,137537.69678,266426.47744,137537.69678,683,196
4,AMD,stocks,rh_lighter,29,605.47,2.9733390597641574,99808.502518,88550.136848,493369.876124,469538.726356,,223
4,AMD,stocks,hyperliquid,xyz:AMD,605.3050000000001,1.8174308137131057,66993.53526,74385.34997,66993.53526,74385.34997,689,191
4,COIN,stocks,rh_lighter,23,191.465,3.6566891291855974,83473.675049,85911.037553,406080.844666,392628.637136,,368
4,COIN,stocks,hyperliquid,xyz:COIN,191.38,1.04509588754631,75395.98035,107005.73316999999,78687.63143000001,124405.80442999999,337,203
4,PLTR,stocks,rh_lighter,34,186.568,2.573119478515018,95422.862929,120690.327695,439657.416188,407624.428186,,223
4,PLTR,stocks,hyperliquid,xyz:PLTR,186.45999999999998,1.0726736390465064,119650.02142,126240.96711,129872.72667,155664.32766,385,197
4,MU,stocks,rh_lighter,31,1051.4299999999998,3.043937332940505,193827.64564200002,185781.742713,1089506.458895,891208.16107,,240
4,MU,stocks,hyperliquid,xyz:MU,1051.05,0.9514747859173944,732373.6969,1128621.3162,1697355.5601,2350723.3263,566,201
4,SNDK,stocks,rh_lighter,32,1699.3449999999998,3.001606742432106,234240.041746,125306.67130100001,910915.755134,812220.532904,,239
4,SNDK,stocks,hyperliquid,xyz:SNDK,1698.25,0.588858791661373,877685.2263,1385619.155,1160837.5763,1837071.1296,562,192
4,XRP,crypto,rh_lighter,6,1.4852,2.693602693601971,214244.329365,173984.490072,1359138.348537,1377539.841927,,243
4,XRP,crypto,hyperliquid,XRP,1.4859499999999999,0.6729927989779227,1236084.4022,665747.5783,2115565.5322,1206376.9595,589,200
5,BTC,crypto,rh_lighter,1,83082.15,0.5897951003674962,1636084.038374,2121368.943267,3969377.83235,3876146.501116,,253
5,BTC,crypto,hyperliquid,BTC,83092.5,0.1203485293399531,3622867.5586099997,4332311.7456,3622867.5586099997,4332311.7456,566,216
5,ETH,crypto,rh_lighter,0,2665.5,1.3506820944564346,985693.569674,1450861.070981,4141079.673363,5162006.612546,,241
5,ETH,crypto,hyperliquid,ETH,2667.05,0.37495313085722515,8318035.79397,10432828.17444,8318035.79397,10432828.17444,561,219
5,SOL,crypto,rh_lighter,3,117.6525,2.1251275076505927,268130.99725899997,418960.368274,1869097.559322,2034178.042687,,232
5,SOL,crypto,hyperliquid,SOL,117.66499999999999,0.8499065102851588,2302071.7421999997,2723665.7429,4458691.7972,4580532.0115,539,205
5,HYPE,crypto,rh_lighter,2,86.9765,2.6447421376407654,361814.412593,278436.699523,1447810.510663,1370208.971819,,255
5,HYPE,crypto,hyperliquid,HYPE,86.9495,0.11500994836044498,109281.84041,75802.68093,109281.84041,75802.68093,563,209
5,ZEC,crypto,rh_lighter,4,1385.1750000000002,3.5380849573618534,48404.099574,83421.440222,792642.41021,696318.4477970001,,217
5,ZEC,crypto,hyperliquid,ZEC,1384.4,1.4447735317490995,371405.993,577468.506,1041680.521,1498816.638,534,210
5,XAU,commodities,rh_lighter,40,4134.09,1.2579133636370088,832426.919168,437444.372558,2061144.044333,1583523.341271,,234
5,XAU,commodities,hyperliquid,xyz:GOLD,4132.35,0.24199598286589463,1371226.84957,1660273.75935,1371226.84957,1660273.75935,549,210
5,XAG,commodities,rh_lighter,41,60.4989,3.339461189511006,393392.313182,249954.817331,2107771.547236,1615899.861273,,241
5,XAG,commodities,hyperliquid,xyz:SILVER,60.4435,0.16544513012251016,1047445.99745,555986.70371,1047445.99745,555986.70371,552,207
5,NVDA,stocks,rh_lighter,15,228.54,2.6257056583967042,271757.637195,218503.653645,1395378.2893410001,1402810.298546,,251
5,NVDA,stocks,hyperliquid,xyz:NVDA,228.245,0.4381352961790874,737603.97337,539656.1497899999,737603.97337,539656.1497899999,580,219
5,AAPL,stocks,rh_lighter,10,337.74,1.1844131232963129,182555.334663,131019.755074,1143609.908576,1275999.381591,,234
5,AAPL,stocks,hyperliquid,xyz:AAPL,337.48,0.5926452721727316,191181.25191,221647.77531,191181.25191,221647.77531,443,196
5,TSLA,stocks,rh_lighter,16,356.86,1.1209505660803032,232719.401035,142458.885614,1099187.677758,1117317.110142,,243
5,TSLA,stocks,hyperliquid,xyz:TSLA,356.675,0.28037121148294375,240092.16417,200077.19017000002,240092.16417,200077.19017000002,538,278
5,META,stocks,rh_lighter,13,713.81,1.6812609457095284,153517.445183,166435.556973,1089392.194472,999495.97827,,240
5,META,stocks,hyperliquid,xyz:META,713.03,0.5610019494817209,98519.10461,212928.74635,98519.10461,212928.74635,533,265
5,GOOGL,stocks,rh_lighter,12,342.28999999999996,1.7530532343834615,175169.959851,125483.313083,1480658.368264,1195987.772506,,233
5,GOOGL,stocks,hyperliquid,xyz:GOOGL,341.905,0.8774752113271944,179531.37561000002,135334.02126,179531.37561000002,135334.02126,470,205
5,AMZN,stocks,rh_lighter,11,246.13,2.4380333197893123,165231.756714,98397.542937,736675.80018,607151.356488,,271
5,AMZN,stocks,hyperliquid,xyz:AMZN,245.97,0.813140348023822,161009.24242,178190.73395,161009.24242,178190.73395,544,228
5,MSFT,stocks,rh_lighter,14,507.78,3.1514674020094446,164942.23223,123292.630231,1092985.157029,1148407.236101,,217
5,MSFT,stocks,hyperliquid,xyz:MSFT,507.165,0.1971764334718351,273025.14729,76317.25634,273025.14729,76317.25634,463,199
5,AMD,stocks,rh_lighter,29,605.185,2.4788881360415793,109422.222655,89133.981176,493320.287167,469518.652617,,260
5,AMD,stocks,hyperliquid,xyz:AMD,605.0699999999999,1.322248483546229,82594.61011,42690.17877,82594.61011,42690.17877,476,246
5,COIN,stocks,rh_lighter,23,191.465,2.6117843710826705,85086.729271,90706.932407,410889.476196,392541.890723,,259
5,COIN,stocks,hyperliquid,xyz:COIN,191.375,0.522547943773155,52685.24639,126209.92775999999,83413.73591,169251.29483,542,223
5,PLTR,stocks,rh_lighter,34,186.5455,4.98662191218191,102129.987418,118621.061529,446364.540677,405782.151425,,231
5,PLTR,stocks,hyperliquid,xyz:PLTR,186.44,1.0727887142625292,111275.41366,120916.45906,115716.42227,140808.27309,344,230
5,MU,stocks,rh_lighter,31,1050.8200000000002,2.474564333914131,246275.890114,183559.496542,1089717.183035,890627.927957,,209
5,MU,stocks,hyperliquid,xyz:MU,1050.45,0.952018278750355,909220.7980000001,799629.1088,1742611.5961,1781977.8358,315,203
5,SNDK,stocks,rh_lighter,32,1698.16,3.062606749513197,247716.815585,156285.304778,922538.191817,832586.770797,,218
5,SNDK,stocks,hyperliquid,xyz:SNDK,1697.15,0.5892404690355235,1239071.3825,1461899.764,1489624.9578,1618820.1627,321,193
5,XRP,crypto,rh_lighter,6,1.4858,2.692514808830815,200246.598203,176339.228122,1359086.662586,1374197.309588,,234
5,XRP,crypto,hyperliquid,XRP,1.48645,0.6727664155015134,1398031.256,633259.7119,2141610.602,1055511.3105,412,205
6,BTC,crypto,rh_lighter,1,83088.1,1.468428781203901,1821329.089997,2452930.565703,3866984.113289,4125881.11816,,253
6,BTC,crypto,hyperliquid,BTC,83099.5,0.12033839155600745,4727765.24943,4234474.46049,4727765.24943,4234474.46049,679,198
6,ETH,crypto,rh_lighter,0,2665.725,0.6377455320305536,920055.584043,1447406.538572,4166839.211943,5120234.464136,,448
6,ETH,crypto,hyperliquid,ETH,2667.05,0.37495313085722515,8841106.953499999,8965462.75167,8841106.953499999,8965462.75167,395,244
6,SOL,crypto,rh_lighter,3,117.6485,1.9551671667916715,270919.696179,384780.160427,1862032.634352,2049784.236139,,286
6,SOL,crypto,hyperliquid,SOL,117.67500000000001,0.8498342823148874,2111368.8594,2941161.6659,4091940.2904,4575232.5042,752,233
6,HYPE,crypto,rh_lighter,2,86.985,2.299511353838213,385850.1834,264685.422812,1406375.741658,1384796.012377,,264
6,HYPE,crypto,hyperliquid,HYPE,86.9575,0.11499936750425377,167871.38374000002,44909.17978,167871.38374000002,44909.17978,691,192
6,ZEC,crypto,rh_lighter,4,1383.47,3.470138733254746,49753.617417,69930.710079,797248.806787,694726.329661,,282
6,ZEC,crypto,hyperliquid,ZEC,1382.55,0.7233273056050926,580798.489,564931.289,1027746.779,1613252.588,747,233
6,XAU,commodities,rh_lighter,40,4135.155000000001,1.475265124490921,792995.444075,445816.658867,2122026.176035,1801805.970466,,271
6,XAU,commodities,hyperliquid,xyz:GOLD,4132.75,0.24197256031310843,920608.75861,865823.14974,920608.75861,865823.14974,720,213
6,XAG,commodities,rh_lighter,41,60.526650000000004,3.552785301053074,464248.028812,282365.438882,2250366.440141,1728609.360018,,252
6,XAG,commodities,hyperliquid,xyz:SILVER,60.4645,0.826965697462434,494188.85667999997,822624.16343,494188.85667999997,822624.16343,684,202
6,NVDA,stocks,rh_lighter,15,228.51,2.626050420169168,265920.563745,221927.57015,1407849.85692,1402428.6886780001,,285
6,NVDA,stocks,hyperliquid,xyz:NVDA,228.20499999999998,0.43821209465555455,832481.39827,656151.31779,832481.39827,656151.31779,756,234
6,AAPL,stocks,rh_lighter,10,337.76,2.368826246594846,180413.920642,126643.973974,1144458.035755,1271623.6004909999,,229
6,AAPL,stocks,hyperliquid,xyz:AAPL,337.475,0.2963226360863658,200429.48931,243672.51049000002,200429.48931,243672.51049000002,571,197
6,TSLA,stocks,rh_lighter,16,356.89,2.2418383074107595,149846.18707800002,137424.094533,1104965.155588,1117160.142167,,229
6,TSLA,stocks,hyperliquid,xyz:TSLA,356.68,0.560742422968108,242035.44136,253414.71326,242035.44136,253414.71326,576,197
6,META,stocks,rh_lighter,13,713.61,2.803044105899044,152984.150335,171517.545954,1114536.7655769999,1009405.72424,,209
6,META,stocks,hyperliquid,xyz:META,712.895,0.14027409558359238,84229.95825,178387.24282,84229.95825,178387.24282,582,216
6,GOOGL,stocks,rh_lighter,12,342.28999999999996,1.7530532343834615,192483.242186,126769.707481,1480961.89824,1196277.81093,,258
6,GOOGL,stocks,hyperliquid,xyz:GOOGL,341.915,0.2924746278254453,177068.25153,163079.69002,177068.25153,163079.69002,674,230
6,AMZN,stocks,rh_lighter,11,246.14,1.6252234682267996,164314.163863,98315.083612,737534.885524,607082.62718,,238
6,AMZN,stocks,hyperliquid,xyz:AMZN,245.97,0.813140348023822,172665.34798,177588.65863999998,172665.34798,177588.65863999998,678,227
6,MSFT,stocks,rh_lighter,14,507.78999999999996,3.1514053298153932,174339.38200800002,123393.452843,1099400.264807,1148499.41691,,229
6,MSFT,stocks,hyperliquid,xyz:MSFT,507.165,0.1971764334718351,283005.80297,78939.8687,283005.80297,78939.8687,669,223
6,AMD,stocks,rh_lighter,29,605.1800000000001,2.644191042802113,105591.02825,90132.23445,494286.732769,470479.936017,,228
6,AMD,stocks,hyperliquid,xyz:AMD,605.0550000000001,0.8264053022166706,71410.28255999999,43287.94507,71410.28255999999,43287.94507,664,214
6,COIN,stocks,rh_lighter,23,191.43,3.1347962382444194,92252.126813,75750.246954,414824.88127199997,352684.557479,,251
6,COIN,stocks,hyperliquid,xyz:COIN,191.32,2.090956612650352,84312.31654,121492.39100999999,99934.99678,138302.57471,858,209
6,PLTR,stocks,rh_lighter,34,186.51850000000002,6.274804247559107,94672.295745,112636.56447299999,438143.131924,406692.305202,,234
6,PLTR,stocks,hyperliquid,xyz:PLTR,186.40499999999997,1.6095284081774075,108536.8415,125025.08608000001,116048.88426,135260.26153,482,238
6,MU,stocks,rh_lighter,31,1050.85,2.664864710528736,236978.71883,184016.718357,1094582.343514,885562.915175,,257
6,MU,stocks,hyperliquid,xyz:MU,1050.45,0.952018278750355,880817.061,960503.0495,1623559.8753,1905304.7633,540,268
6,SNDK,stocks,rh_lighter,32,1698.245,2.5323463071913466,207524.271911,156285.64271,927415.303097,827692.825313,,237
6,SNDK,stocks,hyperliquid,xyz:SNDK,1697.25,0.5892057506473591,984709.0460999999,1331908.5796,1387022.2925,1738455.0172,487,228
6,XRP,crypto,rh_lighter,6,1.4858,2.692514808830815,201648.848755,187323.884069,1355266.164337,1370198.181992,,235
6,XRP,crypto,hyperliquid,XRP,1.48645,0.6727664155015134,1513446.0888,709669.4628000001,2288091.2231,1116191.7991,629,290
7,BTC,crypto,rh_lighter,1,83078.65,1.023179222479076,1415680.7013670001,1814154.3939150001,2805850.735169,3478895.1561310003,,244
7,BTC,crypto,hyperliquid,BTC,83093.5,0.12034708098074276,2106348.90331,2920565.48549,2106348.90331,2920565.48549,868,217
7,ETH,crypto,rh_lighter,0,2665.365,0.037518384006229866,1059764.458167,1278459.396189,4096678.916881,4936642.755408,,252
7,ETH,crypto,hyperliquid,ETH,2667.05,0.37495313085722515,8276566.43914,9808658.95943,8276566.43914,9808658.95943,373,256
7,SOL,crypto,rh_lighter,3,117.6105,2.125886494668272,229056.078382,308787.998637,1822614.4313700001,2052774.633795,,241
7,SOL,crypto,hyperliquid,SOL,117.63499999999999,0.8501232678748138,1857157.5576,2566112.4748,4050664.9833,4493831.6591,333,227
7,HYPE,crypto,rh_lighter,2,86.9615,1.7250500264509583,307288.383416,213278.531598,1409364.67895,1294849.234039,,237
7,HYPE,crypto,hyperliquid,HYPE,86.92850000000001,1.0353872348267679,85033.11396,164340.49471,85033.11396,164340.49471,857,209
7,ZEC,crypto,rh_lighter,4,1382.825,2.6760400393444073,49751.371948,57150.325486999995,787733.314573,685696.902048,,227
7,ZEC,crypto,hyperliquid,ZEC,1382.15,0.7235366471314286,353654.748,790083.983,1048013.683,1085066.456,862,226
7,XAU,commodities,rh_lighter,40,4135.115,1.1850433024496176,898462.201077,504210.263683,2127574.543605,1609563.989687,,244
7,XAU,commodities,hyperliquid,xyz:GOLD,4132.75,0.24197256031310843,1110983.81798,1278496.43543,1110983.81798,1278496.43543,339,225
7,XAG,commodities,rh_lighter,41,60.5385,2.9076635106406457,474951.39075599995,284431.294504,2255064.584312,1687757.047642,,244
7,XAG,commodities,hyperliquid,xyz:SILVER,60.477999999999994,0.3307042346678557,524186.08168,1068405.741,524186.08168,1068405.741,452,343
7,NVDA,stocks,rh_lighter,15,228.555,2.187896556251623,280158.419094,260418.37126800002,1422368.330309,1399939.235129,,244
7,NVDA,stocks,hyperliquid,xyz:NVDA,228.245,0.4381352961790874,729139.67259,713508.63982,729139.67259,713508.63982,869,210
7,AAPL,stocks,rh_lighter,10,337.755,1.4804725668415841,185813.895718,129564.185789,1146886.188096,1274543.812306,,223
7,AAPL,stocks,hyperliquid,xyz:AAPL,337.43,0.5927330922883556,207731.51633,164935.10919,207731.51633,164935.10919,735,200
7,TSLA,stocks,rh_lighter,16,356.975,2.5215028156777564,151546.001553,141484.134031,1107084.564024,1122127.120312,,221
7,TSLA,stocks,hyperliquid,xyz:TSLA,356.74,0.560648109213524,246345.58059000003,170982.13739999998,246345.58059000003,170982.13739999998,731,193
7,META,stocks,rh_lighter,13,713.915,2.101311218198898,149971.206052,164872.796115,1088372.6542749999,1011478.113616,,223
7,META,stocks,hyperliquid,xyz:META,713.155,0.4206747623181073,120927.30612,237047.41705000002,120927.30612,237047.41705000002,747,199
7,GOOGL,stocks,rh_lighter,12,342.29999999999995,1.7530020159517434,196684.38412600002,124213.896362,1485159.542144,1198730.695461,,241
7,GOOGL,stocks,hyperliquid,xyz:GOOGL,341.945,0.29244896765590056,158155.78189,170915.09145,158155.78189,170915.09145,775,207
7,AMZN,stocks,rh_lighter,11,246.14999999999998,0.8125457056973318,169634.704558,100688.340205,742855.426219,607082.137874,,231
7,AMZN,stocks,hyperliquid,xyz:AMZN,245.985,1.2196609342596254,186133.85389,172451.4741,186133.85389,172451.4741,770,205
7,MSFT,stocks,rh_lighter,14,507.81,3.9392566622686864,165683.47153100002,126378.725713,1094038.79737,1142494.420867,,229
7,MSFT,stocks,hyperliquid,xyz:MSFT,507.165,0.1971764334718351,221118.98908,100787.44023000001,221118.98908,100787.44023000001,781,211
7,AMD,stocks,rh_lighter,29,605.2850000000001,2.147979247215659,100377.850742,94128.737809,493897.12931399996,470509.815675,,226
7,AMD,stocks,hyperliquid,xyz:AMD,605.1600000000001,1.3220518244327906,89361.09578999999,54602.77921,89361.09578999999,54602.77921,844,244
7,COIN,stocks,rh_lighter,23,191.53,2.0886637773487315,55655.502498,61355.601094,390184.33684,377676.565493,,231
7,COIN,stocks,hyperliquid,xyz:COIN,191.475,0.5222750300304391,53762.17749,112389.21987999999,129870.0775,147602.42764,307,187
7,PLTR,stocks,rh_lighter,34,186.52949999999998,5.094325457684068,98805.88474899999,107155.980908,440058.911154,396188.102377,,227
7,PLTR,stocks,hyperliquid,xyz:PLTR,186.39999999999998,1.0730189387841982,118809.18094,151025.90771,126321.2237,154067.7413,581,186
7,MU,stocks,rh_lighter,31,1051.355,2.1878923937457273,197551.756434,156331.301247,1096979.977781,887726.493249,,215
7,MU,stocks,hyperliquid,xyz:MU,1050.95,0.9515653249581035,675460.7343,1037719.3852,1513254.951,2314733.4168000002,588,200
7,SNDK,stocks,rh_lighter,32,1699.34,2.5895757804050845,234172.756315,137215.720056,930641.797802,824721.555546,,223
7,SNDK,stocks,hyperliquid,xyz:SNDK,1698.1999999999998,1.1777869383422512,918747.6279,1352916.3542,1243424.7989999999,1838551.1116,606,198
7,XRP,crypto,rh_lighter,6,1.4846499999999998,2.0208824520029367,175904.990685,186856.91301100003,1316312.374602,1328882.855226,,241
7,XRP,crypto,hyperliquid,XRP,1.4858500000000001,0.6730380939568015,1002147.1453,966010.8552,1937658.9075,1496569.3903,669,221
8,BTC,crypto,rh_lighter,1,83094.9,0.8905876915976663,1852632.151124,1762560.027656,3868195.229413,3559090.9762480003,,240
8,BTC,crypto,hyperliquid,BTC,83112.5,0.12031956877489591,1668077.66101,6744249.1547300005,1668077.66101,6744249.1547300005,611,242
8,ETH,crypto,rh_lighter,0,2666.875,1.5374980781257541,1052951.222085,1373246.118477,4544711.865889,5146901.54889,,220
8,ETH,crypto,hyperliquid,ETH,2668.35,1.1243534967397828,8216228.84375,9502129.34527,8216228.84375,9502129.34527,641,286
8,SOL,crypto,rh_lighter,3,117.6785,2.12465793007377,271644.723701,410868.165204,1820940.363328,2063783.160154,,237
8,SOL,crypto,hyperliquid,SOL,117.715,2.5488530161421608,1265703.0411,2888962.0803,3729881.4567,5065872.3663,575,207
8,HYPE,crypto,rh_lighter,2,87.07249999999999,2.182327739681522,375405.43765,205654.38295199999,1411585.5942860001,1387626.941137,,232
8,HYPE,crypto,hyperliquid,HYPE,87.0565,0.11486859033293939,164999.29093,103235.19026999999,164999.29093,103235.19026999999,558,193
8,ZEC,crypto,rh_lighter,4,1382.655,1.9529554726149811,47170.517044,78679.733943,791205.778846,705103.877912,,234
8,ZEC,crypto,hyperliquid,ZEC,1382.65,0.723274989151701,164151.09199999998,1019893.793,609736.503,2126227.77,578,205
8,XAU,commodities,rh_lighter,40,4135.18,1.4510699222203272,846227.275582,504218.670605,2075629.224221,1609572.396609,,240
8,XAU,commodities,hyperliquid,xyz:GOLD,4132.75,0.24197256031310843,1342251.41357,1249058.02716,1342251.41357,1249058.02716,623,249
8,XAG,commodities,rh_lighter,41,60.5409,3.6345673790982858,425963.037902,324516.760747,2165653.195861,1687764.24734,,230
8,XAG,commodities,hyperliquid,xyz:SILVER,60.4825,0.165338447801755,938427.28565,790772.9821499999,938427.28565,790772.9821499999,562,201
8,NVDA,stocks,rh_lighter,15,228.54500000000002,3.063323268128748,279776.324264,258414.665797,1417599.028287,1397915.882976,,253
8,NVDA,stocks,hyperliquid,xyz:NVDA,228.255,0.4381161007671608,765905.02085,742769.63322,765905.02085,742769.63322,606,220
8,AAPL,stocks,rh_lighter,10,337.70500000000004,2.0730298812443593,183920.029554,122628.476737,1169586.7908360001,1276569.127286,,219
8,AAPL,stocks,hyperliquid,xyz:AAPL,337.425,0.2963665461441778,171756.11077,184538.71581,171756.11077,184538.71581,443,195
8,TSLA,stocks,rh_lighter,16,357.005,2.5212909009431073,190147.920826,139191.525601,1105959.418328,1119188.453865,,214
8,TSLA,stocks,hyperliquid,xyz:TSLA,356.78,0.5605852510037757,252158.46622,197679.32776000001,252158.46622,197679.32776000001,979,202
8,META,stocks,rh_lighter,13,713.97,1.9610589718443983,128247.668119,173875.730518,1098750.709135,1011092.644719,,243
8,META,stocks,hyperliquid,xyz:META,713.175,0.42066296483289634,136988.27949,202146.28932,136988.27949,202146.28932,482,194
8,GOOGL,stocks,rh_lighter,12,342.315,0.8764241893066682,201663.228374,124216.669324,1485143.715382,1198738.56896,,241
8,GOOGL,stocks,hyperliquid,xyz:GOOGL,341.95,0.5848979353095807,200564.18563,162308.20329,200564.18563,162308.20329,489,198
8,AMZN,stocks,rh_lighter,11,246.14999999999998,0.8125457056973318,150452.835833,81672.772151,723673.557494,588066.56982,,377
8,AMZN,stocks,hyperliquid,xyz:AMZN,245.985,1.2196609342596254,180360.56279,140941.81224,180360.56279,140941.81224,713,260
8,MSFT,stocks,rh_lighter,14,507.83000000000004,3.1511570654862986,169735.46264800002,127692.514473,1098094.041561,1148553.366112,,231
8,MSFT,stocks,hyperliquid,xyz:MSFT,507.195,0.19716477059894544,216080.88252,73913.13758,216080.88252,73913.13758,505,193
8,AMD,stocks,rh_lighter,29,605.24,1.3218770654321865,84323.39544200001,73034.800849,481694.22104,454434.581747,,220
8,AMD,stocks,hyperliquid,xyz:AMD,605.0899999999999,0.9916371930063228,99897.12584000001,59345.1553,99897.12584000001,59345.1553,501,187
8,COIN,stocks,rh_lighter,23,191.60500000000002,2.609875769912229,68868.157614,90754.287209,398639.297522,392599.454995,,224
8,COIN,stocks,hyperliquid,xyz:COIN,191.555,0.5220569042019285,54074.9726,128450.48332,78337.32341,166210.6119,532,197
8,PLTR,stocks,rh_lighter,34,186.5335,4.6651294975585955,86755.609711,98868.395062,422996.640248,387900.516531,,215
8,PLTR,stocks,hyperliquid,xyz:PLTR,186.405,0.5364806866947625,119639.90765000001,134588.89149,122798.50347,135398.92209,326,189
8,MU,stocks,rh_lighter,31,1050.8,0.9517011658322083,204097.142015,161114.190541,1077599.236755,868195.1876460001,,211
8,MU,stocks,hyperliquid,xyz:MU,1050.35,0.9521089212616296,926150.7511999999,861849.9728999999,1637503.078,1755174.173,332,194
8,SNDK,stocks,rh_lighter,32,1698.35,2.591085488152789,228223.337979,142199.33443,903859.430353,818322.791401,,223
8,SNDK,stocks,hyperliquid,xyz:SNDK,1697.05,0.5892751915137495,1282624.3397,1125396.9713,1689791.4057999998,1394851.691,441,257
8,XRP,crypto,rh_lighter,6,1.4857,1.3462574044154074,190080.16280400002,175128.623939,1356161.853453,1377831.279802,,214
8,XRP,crypto,hyperliquid,XRP,1.4865499999999998,0.6727211570800584,1525705.2593,712870.4963,2187426.9968,1195553.1973,450,268
9,BTC,crypto,rh_lighter,1,83106.5,1.444034632764879,1644781.216799,2266876.812542,3831285.362706,3722490.282102,,248
9,BTC,crypto,hyperliquid,BTC,83114.5,0.12031667348422204,3127866.61039,5071678.65727,3127866.61039,5071678.65727,468,211
9,ETH,crypto,rh_lighter,0,2667.5299999999997,1.5746142195149915,927150.1694039999,1396990.577583,4561866.956901,5074714.880219,,223
9,ETH,crypto,hyperliquid,ETH,2668.8500000000004,0.37470023980690215,8523489.97293,8660942.05456,8523489.97293,8660942.05456,436,201
9,SOL,crypto,rh_lighter,3,117.65700000000001,2.2100574614936086,292995.632852,399483.04888899997,1840587.26516,2074254.4493179999,,236
9,SOL,crypto,hyperliquid,SOL,117.685,0.8497620666214623,2033533.9271,2923703.943,4074481.9797,5567933.9754,453,199
9,HYPE,crypto,rh_lighter,2,87.2065,1.720203213340099,373858.513445,267522.288762,1428547.5710780001,1339121.290557,,232
9,HYPE,crypto,hyperliquid,HYPE,87.1685,0.11472099852971596,215496.69739,514552.00457000005,215496.69739,514552.00457000005,460,217
9,ZEC,crypto,rh_lighter,4,1383.5149999999999,3.1085086387627747,55381.235819,87626.073167,806562.190983,702049.817739,,232
9,ZEC,crypto,hyperliquid,ZEC,1382.55,0.7233273056050926,470364.329,787885.3999999999,971919.754,1707512.2650000001,441,193
9,XAU,commodities,rh_lighter,40,4134.575000000001,0.7014267988569856,915243.0004049999,451741.03626,2143519.6680449997,1848582.735097,,223
9,XAU,commodities,hyperliquid,xyz:GOLD,4131.85,0.24202526743621888,1211913.9002099999,1182488.61131,1211913.9002099999,1182488.61131,444,207
9,XAG,commodities,rh_lighter,41,60.5303,2.7758546906153647,471475.101169,281454.136109,2254674.211322,1685357.646042,,232
9,XAG,commodities,hyperliquid,xyz:SILVER,60.468,0.6615287930400449,516831.12609,1341354.03591,516831.12609,1341354.03591,462,209
9,NVDA,stocks,rh_lighter,15,228.51,0.8752735229755615,297159.32468,212235.45371200002,1421438.798738,1371836.900093,,231
9,NVDA,stocks,hyperliquid,xyz:NVDA,228.215,0.4381928925112355,863807.63163,668207.1543,863807.63163,668207.1543,446,196
9,AAPL,stocks,rh_lighter,10,337.685,2.073152672887879,181168.289877,125637.921497,1145924.3526,1249623.817328,,226
9,AAPL,stocks,hyperliquid,xyz:AAPL,337.385,0.2964016835615979,169949.89013,142704.16402999999,169949.89013,142704.16402999999,338,211
9,TSLA,stocks,rh_lighter,16,357.005,2.5212909009431073,189571.01631,137210.70994,1105230.584162,1092223.718879,,239
9,TSLA,stocks,hyperliquid,xyz:TSLA,356.78499999999997,0.8408778765045533,199082.86607,205599.98151,199082.86607,205599.98151,349,204
9,META,stocks,rh_lighter,13,713.675,2.10201793721998,140658.84866,132952.472692,1085337.40753,1010560.309443,,218
9,META,stocks,hyperliquid,xyz:META,712.875,0.4208399966332266,149514.73371,192209.98265,149514.73371,192209.98265,334,203
9,GOOGL,stocks,rh_lighter,12,342.30499999999995,1.4607923337628392,194182.93174200002,121721.42469100001,1482658.0897600001,1171254.265271,,233
9,GOOGL,stocks,hyperliquid,xyz:GOOGL,341.94,0.5849150410908166,208152.30954000002,158159.62761,208152.30954000002,158159.62761,405,257
9,AMZN,stocks,rh_lighter,11,246.14999999999998,0.8125457056973318,168608.616959,101771.972113,716914.703007,583175.913098,,215
9,AMZN,stocks,hyperliquid,xyz:AMZN,245.97500000000002,1.219710522035733,191446.67883,174761.06417,191446.67883,174761.06417,382,249
9,MSFT,stocks,rh_lighter,14,507.84000000000003,3.1510950055158027,168597.227163,127441.96342,1072030.973106,1123314.139832,,210
9,MSFT,stocks,hyperliquid,xyz:MSFT,507.18,0.39434509139013585,166635.37037,76044.09185,166635.37037,76044.09185,356,219
9,AMD,stocks,rh_lighter,29,605.395,2.1475889184419117,96093.16663,84620.701956,468562.409338,444495.892954,,239
9,AMD,stocks,hyperliquid,xyz:AMD,605.29,1.3217678645194297,78404.23723,65009.04159,78404.23723,65009.04159,367,198
9,COIN,stocks,rh_lighter,23,191.63,1.0437323870160498,89475.579982,89047.79909,390526.081375,367602.003938,,218
9,COIN,stocks,hyperliquid,xyz:COIN,191.53500000000003,1.5664160400996607,77206.53459,119387.48782,89037.90537,161078.51677,401,249
9,PLTR,stocks,rh_lighter,34,186.53449999999998,4.557836261074311,99982.517462,118776.322371,411307.038535,382828.220661,,263
9,PLTR,stocks,hyperliquid,xyz:PLTR,186.405,0.5364806866947625,109223.68211,126848.78227,116735.72487,127658.81287000001,793,195
9,MU,stocks,rh_lighter,31,1051.1799999999998,3.2349834920686327,224768.558171,164678.826723,1088002.659436,844638.864977,,275
9,MU,stocks,hyperliquid,xyz:MU,1050.75,0.951746454742608,856205.8192,1048322.2924,1642459.9161999999,2241653.1573,294,198
9,SNDK,stocks,rh_lighter,32,1699.02,2.236833585467224,206368.567261,140859.66126,904636.626688,797662.529304,,252
9,SNDK,stocks,hyperliquid,xyz:SNDK,1697.95,0.5889628364452726,954203.4083,1525928.6753,1162150.638,1605774.1755,278,195
9,XRP,crypto,rh_lighter,6,1.48605,2.018978396931548,200436.236864,187185.09205900002,1352258.01361,1371824.542119,,247
9,XRP,crypto,hyperliquid,XRP,1.48685,0.6725854183486923,1456745.6658,954008.1696,2217056.2808,1365971.8047,282,196
10,BTC,crypto,rh_lighter,1,83154.7,1.6356396252947825,1898907.699703,2137066.006787,4060556.392401,3600178.708772,,258
10,BTC,crypto,hyperliquid,BTC,83165.5,0.12024289063994331,4981998.1962,5709473.14031,4981998.1962,5709473.14031,674,320
10,ETH,crypto,rh_lighter,0,2669.1,1.7235758954159408,980570.8065289999,1353469.96614,4535599.210754,5095206.880804,,253
10,ETH,crypto,hyperliquid,ETH,2670.1499999999996,0.37451780832142845,10171327.01217,7577824.46023,10171327.01217,7577824.46023,593,237
10,SOL,crypto,rh_lighter,3,117.773,2.3777375826905534,282291.016175,451222.151797,1882225.510487,2021573.07519,,237
10,SOL,crypto,hyperliquid,SOL,117.765,0.8491847826075372,2772672.5625,2612479.3641999997,4855499.1566,4672804.8498,535,199
10,HYPE,crypto,rh_lighter,2,87.29,2.062304510719315,258722.66926599998,297169.504464,1451869.811991,1344558.228076,,261
10,HYPE,crypto,hyperliquid,HYPE,87.2485,0.11461580781135794,198412.61956,49504.70829,198412.61956,49504.70829,554,192
10,ZEC,crypto,rh_lighter,4,1385.08,2.8883368956145183,55448.624635,56297.063566,803459.067455,678899.560527,,265
10,ZEC,crypto,hyperliquid,ZEC,1384.3000000000002,1.4448779078168883,338497.139,1168957.229,569927.069,2062365.183,571,206
10,XAU,commodities,rh_lighter,40,4135.594999999999,0.6528898840740816,908462.0823809999,497707.64544,2177967.255496,1603110.208958,,240
10,XAU,commodities,hyperliquid,xyz:GOLD,4133.15,0.24194914229003217,1083520.88692,1387422.54477,1083520.88692,1387422.54477,811,473
10,XAG,commodities,rh_lighter,41,60.57115,2.922610270745807,459799.334715,321015.128615,2253215.261019,1684949.783281,,241
10,XAG,commodities,hyperliquid,xyz:SILVER,60.5125,0.1652564780529886,440597.77057,784395.38989,440597.77057,784395.38989,413,634
10,NVDA,stocks,rh_lighter,15,228.61,2.6249015661905517,268129.553985,191904.765912,1434680.759305,1327796.693897,,267
10,NVDA,stocks,hyperliquid,xyz:NVDA,228.31,0.8760402978524873,590936.62683,795333.88763,590936.62683,795333.88763,862,490
10,AAPL,stocks,rh_lighter,10,337.66999999999996,2.3694576903698916,180937.19045300002,125948.35940100001,1145474.117112,1249937.798925,,223
10,AAPL,stocks,hyperliquid,xyz:AAPL,337.415,0.29637532971804603,154910.33826999998,188124.20648,154910.33826999998,188124.20648,407,217
10,TSLA,stocks,rh_lighter,16,357.025,1.960839239194545,181560.275268,138571.14022899998,1097371.77277,1094230.674816,,210
10,TSLA,stocks,hyperliquid,xyz:TSLA,356.8,0.5605538271802324,215629.81183000002,198675.59247,215629.81183000002,198675.59247,389,193
10,META,stocks,rh_lighter,13,713.71,2.5223508309735188,153211.41327,132017.693817,1094612.085711,1012550.062078,,218
10,META,stocks,hyperliquid,xyz:META,712.925,0.7013606396411021,140363.56175,141539.65936000002,140363.56175,141539.65936000002,421,199
10,GOOGL,stocks,rh_lighter,12,342.33000000000004,1.7528483786155569,201290.224679,129645.849153,1484770.711687,1174178.599853,,220
10,GOOGL,stocks,hyperliquid,xyz:GOOGL,341.925,0.8774238834763359,192616.30052000002,149973.60108,192616.30052000002,149973.60108,440,194
10,AMZN,stocks,rh_lighter,11,246.12,0.8126447523459923,166004.777411,96127.122137,717523.942254,579904.809021,,227
10,AMZN,stocks,hyperliquid,xyz:AMZN,245.98000000000002,1.626280696047644,122695.42042,175738.4932,122695.42042,175738.4932,526,192
10,MSFT,stocks,rh_lighter,14,507.845,2.9540933887406418,144577.16737,102430.52718800001,1048014.833023,1098302.7036000001,,225
10,MSFT,stocks,hyperliquid,xyz:MSFT,507.17,0.39435286694589067,161972.52107,98561.08776,161972.52107,98561.08776,663,194
10,AMD,stocks,rh_lighter,29,605.56,2.642531545220539,103661.993523,92004.34325800001,468527.33210199996,444598.14880100003,,217
10,AMD,stocks,hyperliquid,xyz:AMD,605.425,1.8170705518949504,99365.04226,84666.85855,99365.04226,84666.85855,704,192
10,COIN,stocks,rh_lighter,23,191.815,0.5213492518629792,109609.94428699999,88242.51277,406975.85932499997,376689.02723300003,,228
10,COIN,stocks,hyperliquid,xyz:COIN,191.755,1.564618754563707,80336.50144,124071.04753,94851.17083,157396.49319,811,193
10,PLTR,stocks,rh_lighter,34,186.5995,5.306888233715945,96377.473823,129471.728551,410697.424886,388562.76258599997,,216
10,PLTR,stocks,hyperliquid,xyz:PLTR,186.46499999999997,1.609010458567539,91831.32329,106794.58735,100608.54492,121934.63339,821,196
10,MU,stocks,rh_lighter,31,1051.33,3.424820434760889,229730.316713,151770.367586,1089096.832949,863620.455021,,238
10,MU,stocks,hyperliquid,xyz:MU,1050.95,0.9515653249581035,837905.2324999999,950495.8006,1682456.0588,2217999.7429,300,204
10,SNDK,stocks,rh_lighter,32,1699.505,3.001324113578452,181804.558312,146641.143498,885030.568937,808362.78497,,212
10,SNDK,stocks,hyperliquid,xyz:SNDK,1698.55,0.5887547836325169,1025373.2315,1505642.7809,1246063.9773000001,2150383.221,837,202
10,XRP,crypto,rh_lighter,6,1.4876,1.3445378151266674,231557.063967,153384.922129,1356402.53104,1375826.5192469999,,227
10,XRP,crypto,hyperliquid,XRP,1.4884499999999998,0.6718624025792153,1347729.1651,790593.2601000001,2166433.1343,1431476.3737,310,199
11,BTC,crypto,rh_lighter,1,83123.35,0.3488851915078861,1768712.289964,2112489.56124,4074871.50206,4192193.2353560003,,268
11,BTC,crypto,hyperliquid,BTC,83139.5,0.12028049411139108,2797672.31318,5955184.15482,2797672.31318,5955184.15482,412,207
11,ETH,crypto,rh_lighter,0,2667.91,1.9492812025556638,1003178.804858,1386491.47617,4547066.41416,4921670.163036,,237
11,ETH,crypto,hyperliquid,ETH,2669.45,0.37461601858135296,9124714.95737,8367999.86718,9124714.95737,8367999.86718,392,208
11,SOL,crypto,rh_lighter,3,117.668,0.33994526881242493,271788.542214,380068.400766,1790349.480411,2055667.377024,,266
11,SOL,crypto,hyperliquid,SOL,117.705,0.8496176720473869,1501599.659,2778302.3359,4134253.3543,4957177.8237,407,200
11,HYPE,crypto,rh_lighter,2,87.28049999999999,1.7187446289224084,357947.174581,269774.71917,1413223.517542,1372290.896062,,251
11,HYPE,crypto,hyperliquid,HYPE,87.2655,0.11459347963205246,35493.12373,419697.98576999997,35493.12373,419697.98576999997,442,240
11,ZEC,crypto,rh_lighter,4,1383.28,2.8920959019007597,44692.843627,74144.117688,792568.778193,692506.19378,,246
11,ZEC,crypto,hyperliquid,ZEC,1382.5500000000002,2.1701388888883955,445122.526,585629.783,1114715.133,1044307.137,399,205
11,XAU,commodities,rh_lighter,40,4135.74,1.1123174650773393,690939.589067,519230.994397,1960818.45631,1850161.1496889999,,259
11,XAU,commodities,hyperliquid,xyz:GOLD,4133.45,0.24193158175034313,1107983.44007,1674133.28346,1107983.44007,1674133.28346,419,222
11,XAG,commodities,rh_lighter,41,60.60095,2.6240654861120483,458104.326199,245419.301288,2152089.528109,1630728.263611,,252
11,XAG,commodities,hyperliquid,xyz:SILVER,60.5405,0.49554832421971895,503958.4335,1067728.3785299999,503958.4335,1067728.3785299999,403,213
11,NVDA,stocks,rh_lighter,15,228.61,1.7498578240515705,318840.636558,192267.174714,1443498.953149,1376784.440578,,227
11,NVDA,stocks,hyperliquid,xyz:NVDA,228.315,0.4380009636006932,609795.13953,663596.64755,609795.13953,663596.64755,388,217
11,AAPL,stocks,rh_lighter,10,337.66999999999996,2.3694576903698916,180051.608032,126588.375579,1144901.00347,1275567.475903,,234
11,AAPL,stocks,hyperliquid,xyz:AAPL,337.42,0.5927506594338716,138709.80891,199294.84315,138709.80891,199294.84315,880,257
11,TSLA,stocks,rh_lighter,16,357.055,2.52093778885909,193082.887047,138812.909571,1100214.570327,1119241.336198,,243
11,TSLA,stocks,hyperliquid,xyz:TSLA,356.825,0.840783610323026,262879.19814,229038.95328,262879.19814,229038.95328,782,686
11,META,stocks,rh_lighter,13,713.7,2.2420896275332503,162150.14642499998,139613.42803,1103550.818866,1036908.2663659999,,221
11,META,stocks,hyperliquid,xyz:META,712.925,0.1402681927853422,132915.40586,157804.34276,132915.40586,157804.34276,876,255
11,GOOGL,stocks,rh_lighter,12,342.255,2.6299640571592064,186568.530827,131465.011662,1480036.752865,1195974.332126,,234
11,GOOGL,stocks,hyperliquid,xyz:GOOGL,341.885,0.2925002925002751,177264.57857,160502.10332999998,177264.57857,160502.10332999998,855,757
11,AMZN,stocks,rh_lighter,11,246.12,0.8126447523459923,168339.548117,96143.115458,739786.017027,604910.659026,,234
11,AMZN,stocks,hyperliquid,xyz:AMZN,245.985,1.2196609342596254,127100.0514,146949.57178,127100.0514,146949.57178,472,370
11,MSFT,stocks,rh_lighter,14,507.855,3.3479725072371735,166688.565863,127516.484447,1095049.850326,1148377.336086,,233
11,MSFT,stocks,hyperliquid,xyz:MSFT,507.165,0.1971764334718351,164050.40277000002,96480.4635,164050.40277000002,96480.4635,818,712
11,AMD,stocks,rh_lighter,29,605.5350000000001,3.1382135306534664,100833.032305,88187.008778,493409.140431,469589.136818,,226
11,AMD,stocks,hyperliquid,xyz:AMD,605.425,1.1562794231823048,89615.66942,33653.138829999996,89615.66942,33653.138829999996,817,709
11,COIN,stocks,rh_lighter,23,191.665,2.6090586516391845,97239.619689,92804.450021,426172.371091,401352.162429,,224
11,COIN,stocks,hyperliquid,xyz:COIN,191.595,0.5219479095974755,83887.38249,124050.79671,96590.05756,169021.31238,490,363
11,PLTR,stocks,rh_lighter,34,186.5845,6.808884790452385,101419.430244,128071.696748,437669.956614,415140.921657,,220
11,PLTR,stocks,hyperliquid,xyz:PLTR,186.45499999999998,0.5363368195232532,117037.21152,108448.54926,130752.67036,134226.82842,755,199
11,MU,stocks,rh_lighter,31,1051.245,2.9493192780849498,231368.502507,151163.243827,1084200.535294,888619.028351,,222
11,MU,stocks,hyperliquid,xyz:MU,1050.75,0.951746454742608,1038399.584,642799.9628999999,1714207.0281,2023759.3421,760,198
11,SNDK,stocks,rh_lighter,32,1698.42,3.0621378433126623,233155.156463,142828.071,883940.395471,824614.426809,,227
11,SNDK,stocks,hyperliquid,xyz:SNDK,1697.35,0.5891710363536973,1006511.6674,1204771.5404,1473591.6449,1355339.6092,373,199
11,XRP,crypto,rh_lighter,6,1.4853,1.3466199838396697,223937.621528,195405.64798299997,1357442.658285,1376198.437271,,208
11,XRP,crypto,hyperliquid,XRP,1.48625,0.672856950612033,1331091.9694,986360.0839000001,2256499.1052,1304311.0993000001,469,297
12,BTC,crypto,rh_lighter,1,83165.55,0.7816041643859961,1790186.671873,2301959.562217,4009171.612855,4047598.210124,,249
12,BTC,crypto,hyperliquid,BTC,83168.5,0.12023855328946453,4331483.76521,3796584.0634,4331483.76521,3796584.0634,708,201
12,ETH,crypto,rh_lighter,0,2669.635,2.2852176388843404,1445034.532625,1414150.765834,5084639.701253,4883674.320881,,238
12,ETH,crypto,hyperliquid,ETH,2671.05,0.37439161362673445,7733608.70435,8699081.6159,7733608.70435,8699081.6159,697,201
12,SOL,crypto,rh_lighter,3,117.792,3.3963930306013523,307296.816644,341910.796877,1838567.938665,2040982.239538,,220
12,SOL,crypto,hyperliquid,SOL,117.805,0.8488964346353711,1733148.6012,3414122.2581,4062835.0009,5105675.4199,687,207
12,HYPE,crypto,rh_lighter,2,87.34,1.8320890395284728,373318.426546,255339.546633,1427182.618897,1379970.149748,,254
12,HYPE,crypto,hyperliquid,HYPE,87.3115,0.11453310579279119,134965.07338,167447.24877,134965.07338,167447.24877,710,198
12,ZEC,crypto,rh_lighter,4,1385.465,1.6602302667201307,86982.296989,91921.863557,831098.044453,705002.84993,,224
12,ZEC,crypto,hyperliquid,ZEC,1384.8000000000002,1.4443561782329084,356676.866,1037586.953,682861.951,1767393.404,693,201
12,XAU,commodities,rh_lighter,40,4135.735000000001,1.0881366506176882,896423.951434,518571.897296,2165913.651716,1623974.917957,,224
12,XAU,commodities,hyperliquid,xyz:GOLD,4133.45,0.24193158175034313,1103459.2076,1648649.37824,1103459.2076,1648649.37824,679,197
12,XAG,commodities,rh_lighter,41,60.613249999999994,3.349663631069255,459298.704638,329558.67922,2252682.815668,1667906.177777,,235
12,XAG,commodities,hyperliquid,xyz:SILVER,60.5475,0.1651609493458217,451817.32638,1009094.17434,451817.32638,1009094.17434,731,231
12,NVDA,stocks,rh_lighter,15,228.655,2.1869395967288874,282592.300179,219497.992676,1444584.077558,1376292.378589,,235
12,NVDA,stocks,hyperliquid,xyz:NVDA,228.35000000000002,0.875886835420836,745222.86101,804523.71872,745222.86101,804523.71872,702,199
12,AAPL,stocks,rh_lighter,10,337.66499999999996,2.6657188555168077,222563.92351,123286.964789,1142014.266893,1275573.834171,,247
12,AAPL,stocks,hyperliquid,xyz:AAPL,337.425,0.8891259891519177,135286.88977,197208.83992,135286.88977,197208.83992,601,208
12,TSLA,stocks,rh_lighter,16,357.135,3.640742711512601,155427.183496,140013.527131,1128445.011404,1123540.4746680001,,246
12,TSLA,stocks,hyperliquid,xyz:TSLA,356.935,0.8405244872800033,199602.09322,212850.23851999998,199602.09322,212850.23851999998,589,189
12,META,stocks,rh_lighter,13,713.8,1.6812845013580713,176784.744177,169507.592642,1113352.5197339999,1036349.447646,,245
12,META,stocks,hyperliquid,xyz:META,713.045,0.14024458655947925,133538.97913,209542.53858,133538.97913,209542.53858,626,221
12,GOOGL,stocks,rh_lighter,12,342.28499999999997,2.0452885317756575,191086.609156,129598.14599799999,1479564.099198,1199117.746112,,248
12,GOOGL,stocks,hyperliquid,xyz:GOOGL,341.93,0.5849321478712532,200139.66539,155320.77099000002,200139.66539,155320.77099000002,635,223
12,AMZN,stocks,rh_lighter,11,246.14,2.437934257037977,162632.608946,96290.353537,735855.756051,605053.035542,,250
12,AMZN,stocks,hyperliquid,xyz:AMZN,245.985,1.2196609342596254,147443.89901,144573.26817,147443.89901,144573.26817,616,197
12,MSFT,stocks,rh_lighter,14,507.88,3.544772445303046,170467.885686,124397.346781,1093984.915328,1150316.632582,,230
12,MSFT,stocks,hyperliquid,xyz:MSFT,507.2,0.3943295411978909,185009.47878,83354.79523,185009.47878,83354.79523,611,203
12,AMD,stocks,rh_lighter,29,605.91,4.2919871900681805,83672.19803,76204.983679,481761.19648499996,468075.813453,,237
12,AMD,stocks,hyperliquid,xyz:AMD,605.705,0.49530287770993553,79549.81622000001,79339.04246,79549.81622000001,79339.04246,624,207
12,COIN,stocks,rh_lighter,23,191.81,5.214851898207584,77776.872683,87694.562284,421393.86734,386544.507269,,232
12,COIN,stocks,hyperliquid,xyz:COIN,191.72,1.043242397369415,79221.86097,117508.74879,99711.32917,164880.24936,642,211
12,PLTR,stocks,rh_lighter,34,186.6145,6.593300563377813,98075.80801,121900.29753499999,437310.44911600003,411009.30991199997,,234
12,PLTR,stocks,hyperliquid,xyz:PLTR,186.48000000000002,1.0725585885129618,112645.67407000001,119593.93714,118117.00823,133334.14379,612,323
12,MU,stocks,rh_lighter,31,1051.915,3.32781866240639,223663.745406,123623.528832,1087091.704083,861849.914571,,241
12,MU,stocks,hyperliquid,xyz:MU,1051.55,0.9510223490249992,735638.3167,1252932.9866,1570525.2346,1985267.0857,734,426
12,SNDK,stocks,rh_lighter,32,1699.4099999999999,3.648990642104444,249421.515815,130399.67763199999,932622.429867,819947.9725329999,,229
12,SNDK,stocks,hyperliquid,xyz:SNDK,1698.05,0.5889281507642785,1070184.2597999999,1126813.1545,1359681.592,1559603.4893,724,418
12,XRP,crypto,rh_lighter,6,1.4876,1.3445378151266674,214231.34992900002,170990.586884,1355225.065088,1371776.554021,,239
12,XRP,crypto,hyperliquid,XRP,1.4884499999999998,0.6718624025792153,1137161.9414000001,759942.1135,2089597.9545,1217430.8567000001,749,428
13,BTC,crypto,rh_lighter,1,83197.4,1.3703290111877209,1859233.135931,2315536.854349,4309133.35133,3882817.870556,,118
13,BTC,crypto,hyperliquid,BTC,83210.5,0.12017786323870183,2483238.27196,6653143.47748,2483238.27196,6653143.47748,449,187
13,ETH,crypto,rh_lighter,0,2670.8100000000004,1.6475760038048293,1476827.011497,1961104.519835,5112739.998684,5430721.000689,,336
13,ETH,crypto,hyperliquid,ETH,2672.3500000000004,0.37420948246769115,8225018.68449,8278139.7132399995,8225018.68449,8278139.7132399995,708,225
13,SOL,crypto,rh_lighter,3,117.8985,2.460045468426486,298727.304912,472028.330328,1850645.342746,2075818.966571,,397
13,SOL,crypto,hyperliquid,SOL,117.905,0.8481764206957898,2264466.2377,2508563.3056,4530098.1797,4294475.4119,746,190
13,HYPE,crypto,rh_lighter,2,87.42250000000001,2.402416144235975,376954.05988300004,257837.679734,1424509.539997,1371440.848197,,417
13,HYPE,crypto,hyperliquid,HYPE,87.3935,0.11442564049835013,113389.46785,224889.99349,113389.46785,224889.99349,764,201
13,ZEC,crypto,rh_lighter,4,1386.225,2.813791909266339,65644.337746,75009.102056,816700.488283,702817.355177,,260
13,ZEC,crypto,hyperliquid,ZEC,1385.05,0.7220216606484975,809323.377,1202210.014,1349516.733,1585312.047,620,205
13,XAU,commodities,rh_lighter,40,4135.025,1.4269371881603377,702748.241403,431091.20091099996,1972176.874018,1827148.974734,,330
13,XAU,commodities,hyperliquid,xyz:GOLD,4132.75,0.24197256031310843,1115114.62543,1607693.0541,1115114.62543,1607693.0541,751,273
13,XAG,commodities,rh_lighter,41,60.60095,3.2513025840419374,435679.780965,325890.972679,2048015.997502,1687491.339265,,271
13,XAG,commodities,hyperliquid,xyz:SILVER,60.536,0.3303873792015466,1108075.27781,840375.93024,1108075.27781,840375.93024,615,187
13,NVDA,stocks,rh_lighter,15,228.675,3.0615815255430334,277537.863108,238013.329424,1444766.692461,1359897.235105,,305
13,NVDA,stocks,hyperliquid,xyz:NVDA,228.365,0.43790506218277514,724709.58649,774860.07485,724709.58649,774860.07485,656,198
13,AAPL,stocks,rh_lighter,10,337.70000000000005,2.3692471717096097,161233.54765,119356.045279,1170965.673866,1276597.679754,,246
13,AAPL,stocks,hyperliquid,xyz:AAPL,337.475,0.2963226360863658,138458.69744,197967.66318,138458.69744,197967.66318,890,194
13,TSLA,stocks,rh_lighter,16,357.21000000000004,2.7998656064509575,196565.011887,141167.90315,1130348.72946,1117610.603983,,234
13,TSLA,stocks,hyperliquid,xyz:TSLA,356.96000000000004,0.560302563386017,264473.8476,182564.99328,264473.8476,182564.99328,438,192
13,META,stocks,rh_lighter,13,713.8050000000001,3.222687721557982,142074.271172,146288.046675,1110385.7952069999,1007652.568342,,218
13,META,stocks,hyperliquid,xyz:META,712.935,0.7013508016440184,172308.01161,242567.37383,172308.01161,242567.37383,482,195
13,GOOGL,stocks,rh_lighter,12,342.28499999999997,2.0452885317756575,196349.58235,129119.758784,1484827.0723920001,1198639.358898,,240
13,GOOGL,stocks,hyperliquid,xyz:GOOGL,341.935,0.8773982218057697,201061.36107,166445.759,201061.36107,166445.759,486,193
13,AMZN,stocks,rh_lighter,11,246.125,1.2189671285178783,166541.042175,99444.834256,737987.511085,608207.516261,,234
13,AMZN,stocks,hyperliquid,xyz:AMZN,245.995,1.219611350515848,110835.98296,145083.32728,110835.98296,145083.32728,531,193
13,MSFT,stocks,rh_lighter,14,507.88,2.7569366495350245,173562.03323,130283.647065,1096767.683272,1151143.7147620001,,208
13,MSFT,stocks,hyperliquid,xyz:MSFT,507.185,0.19716865806929107,188482.28764999998,105143.65734,188482.28764999998,105143.65734,591,188
13,AMD,stocks,rh_lighter,29,606.04,2.97054212393677,92883.997603,64903.634333,481748.65830899996,450029.65782900003,,218
13,AMD,stocks,hyperliquid,xyz:AMD,605.885,0.8252731654168066,67517.03033,55414.41261,67517.03033,55414.41261,548,182
13,COIN,stocks,rh_lighter,23,191.83999999999997,5.214036185410276,92927.456968,94438.612073,422174.923699,401658.219397,,284
13,COIN,stocks,hyperliquid,xyz:COIN,191.75,2.0862671465082805,66144.1121,125467.84924,98498.68987999999,171534.13016,635,191
13,PLTR,stocks,rh_lighter,34,186.612,6.861504813773234,102369.249394,120653.293206,441603.8905,409734.727191,,216
13,PLTR,stocks,hyperliquid,xyz:PLTR,186.475,0.5362792942564809,115737.62299,102021.47849,119831.15629,123959.98125,699,197
13,MU,stocks,rh_lighter,31,1052.375,2.5659545350875668,164570.967935,148599.701035,1093957.39319,874411.894463,,212
13,MU,stocks,hyperliquid,xyz:MU,1052.05,0.9505703422041378,657233.3193,1078547.5842,1512394.1621,2106808.7825,377,217
13,SNDK,stocks,rh_lighter,32,1700.5949999999998,3.117041985967184,213349.493878,130616.599029,935980.832573,818835.104874,,209
13,SNDK,stocks,hyperliquid,xyz:SNDK,1699.55,0.5884083553975294,1179008.7651,1440775.8299999998,1327291.5433999998,1665668.3936,358,193
13,XRP,crypto,rh_lighter,6,1.4897,2.6854649211149884,146467.756128,142278.536247,1317067.205263,1378784.774539,,359
13,XRP,crypto,hyperliquid,XRP,1.4901499999999999,0.67109589960479,2042514.9124999999,580714.1579,3072120.5777,1418605.5386,555,192
14,BTC,crypto,rh_lighter,1,83187.95000000001,1.2382367508667613,1640949.844876,2179559.446004,4263400.290728,3767609.17832,,302
14,BTC,crypto,hyperliquid,BTC,83196.5,0.12019808644625485,3120309.10284,5406758.78115,3120309.10284,5406758.78115,719,204
14,ETH,crypto,rh_lighter,0,2669.54,1.0489248520251238,1647988.617463,1438026.542345,5144721.928849,4919531.903916,,228
14,ETH,crypto,hyperliquid,ETH,2670.75,0.37443366907696785,10125647.42684,8570335.14877,10125647.42684,8570335.14877,651,200
14,SOL,crypto,rh_lighter,3,117.81049999999999,2.6316906490087,253721.499897,467502.152095,1852380.393832,2079351.941625,,402
14,SOL,crypto,hyperliquid,SOL,117.815,0.8488243782345251,2284071.5309,2377766.6146,4820760.4337,4557561.7865,278,207
14,HYPE,crypto,rh_lighter,2,87.3425,2.1755808228274276,307129.094204,188607.956022,1430346.216935,1297263.031348,,246
14,HYPE,crypto,hyperliquid,HYPE,87.3055,0.11454097703422761,128409.759,144488.01718999998,128409.759,144488.01718999998,670,207
14,ZEC,crypto,rh_lighter,4,1384.94,2.888628912287583,79688.317551,70550.349243,820064.414499,697646.239904,,221
14,ZEC,crypto,hyperliquid,ZEC,1383.95,0.7225955632628178,549146.5549999999,568186.084,973087.827,961955.551,645,203
14,XAU,commodities,rh_lighter,40,4134.84,1.3544367478024455,760140.25688,460371.65489400004,2128344.572092,1831404.175547,,233
14,XAU,commodities,hyperliquid,xyz:GOLD,4132.35,0.24199598286589463,1152954.5639,919634.30988,1152954.5639,919634.30988,664,203
14,XAG,commodities,rh_lighter,41,60.613699999999994,3.4321563347217143,459618.807189,332349.370267,2252593.974693,1687653.268002,,242
14,XAG,commodities,hyperliquid,xyz:SILVER,60.549499999999995,0.16515549389639617,448568.29118999996,884403.02102,448568.29118999996,884403.02102,659,202
14,NVDA,stocks,rh_lighter,15,228.63,3.499715648103141,281182.766705,212320.43895,1421559.102928,1401788.584132,,295
14,NVDA,stocks,hyperliquid,xyz:NVDA,228.315,0.4380009636006932,780338.85044,513611.49106,780338.85044,513611.49106,713,192
14,AAPL,stocks,rh_lighter,10,337.765,0.29606821411620743,161668.098944,100406.29299,1137174.382726,1253346.492296,,240
14,AAPL,stocks,hyperliquid,xyz:AAPL,337.53999999999996,0.5925399223793981,158302.26088,247012.62221,158302.26088,247012.62221,537,194
14,TSLA,stocks,rh_lighter,16,357.145,3.0804559074737448,156021.945954,145855.229237,1128748.718939,1121715.2460410001,,290
14,TSLA,stocks,hyperliquid,xyz:TSLA,356.925,0.8405480373196994,293258.67813,168169.79764,293258.67813,168169.79764,608,208
14,META,stocks,rh_lighter,13,713.7950000000001,1.8214170624752946,164157.500883,173606.51806099998,1103666.155168,1035600.968443,,217
14,META,stocks,hyperliquid,xyz:META,712.985,0.1402563886787611,107525.04764,175163.1251,107525.04764,175163.1251,521,188
14,GOOGL,stocks,rh_lighter,12,342.265,1.4609630668549478,191284.675409,112153.81804299999,1480762.144683,1181667.589469,,228
14,GOOGL,stocks,hyperliquid,xyz:GOOGL,341.9,0.5849834742188698,192777.63413000002,159837.37303,192777.63413000002,159837.37303,543,193
14,AMZN,stocks,rh_lighter,11,246.125,1.2189671285178783,168113.796421,99443.682675,739560.265331,608206.36468,,228
14,AMZN,stocks,hyperliquid,xyz:AMZN,245.995,0.4065205902681335,117764.54294,142256.52561,117764.54294,142256.52561,566,209
14,MSFT,stocks,rh_lighter,14,507.825,2.9542097488910457,170046.266221,128150.286853,1095113.070684,1149010.35455,,227
14,MSFT,stocks,hyperliquid,xyz:MSFT,507.165,0.1971764334718351,219255.27643,114539.50612,219255.27643,114539.50612,602,204
14,AMD,stocks,rh_lighter,29,605.87,4.29227061115256,110103.65154199999,87591.619356,493934.013446,468946.989568,,218
14,AMD,stocks,hyperliquid,xyz:AMD,605.73,1.651036851142429,67459.74325,71028.19324,67459.74325,71028.19324,594,199
14,COIN,stocks,rh_lighter,23,191.79500000000002,3.650396328744865,96990.296372,97680.881,427814.163826,401594.960156,,225
14,COIN,stocks,hyperliquid,xyz:COIN,191.72,1.043242397369415,74259.73841,120206.54244,91459.95112,129149.90466,708,203
14,PLTR,stocks,rh_lighter,34,186.6065,4.127181510227285,108601.999552,121658.078288,442821.039386,410739.51227300003,,249
14,PLTR,stocks,hyperliquid,xyz:PLTR,186.45999999999998,1.0726736390465064,104817.23189,102947.22315,116690.74893,123786.86513,474,248
14,MU,stocks,rh_lighter,31,1052.175,3.326996197716703,204168.029626,183590.47691,1094255.858553,885260.653263,,239
14,MU,stocks,hyperliquid,xyz:MU,1051.75,0.9508414947223542,710531.6333,1134772.4407,1585869.4973,2169297.5161,427,196
14,SNDK,stocks,rh_lighter,32,1699.8899999999999,3.29487352981106,210311.440792,140002.503646,907412.45639,822506.078427,,222
14,SNDK,stocks,hyperliquid,xyz:SNDK,1698.95,0.5886161633994469,956229.7407,1789076.5984,1156356.5853,1986027.899,495,274
14,XRP,crypto,rh_lighter,6,1.4887,2.687269062815467,237148.95806900001,145444.693589,1351121.927971,1373246.589684,,237
14,XRP,crypto,hyperliquid,XRP,1.48975,0.6712760958582642,989339.7472,863384.2747,2006267.5489,1799735.5217,480,220
15,BTC,crypto,rh_lighter,1,83234.25,1.2375479249437937,1721862.1220759999,2119103.155407,3837993.929017,3653297.721724,,255
15,BTC,crypto,hyperliquid,BTC,83240.5,0.12013455069626033,5009159.80546,6789730.76906,5009159.80546,6789730.76906,299,215
15,ETH,crypto,rh_lighter,0,2671.605,1.534775773002206,970765.090185,1373604.531978,4409537.365249,4725351.167409,,239
15,ETH,crypto,hyperliquid,ETH,2673.05,0.3741114852218175,8565614.13333,9353031.48965,8565614.13333,9353031.48965,285,213
15,SOL,crypto,rh_lighter,3,117.94200000000001,2.3743300997214334,263882.36793,407658.044079,1835328.885295,2068076.563108,,243
15,SOL,crypto,hyperliquid,SOL,117.945,0.8478887569962623,2488290.8529,2269927.4525,4460770.8429,4192592.4024,290,205
15,HYPE,crypto,rh_lighter,2,87.4605,2.401372212692543,388180.032152,250176.415654,1424367.759062,1355395.152389,,241
15,HYPE,crypto,hyperliquid,HYPE,87.4255,0.11438375750794094,73278.95651,118637.41296,73278.95651,118637.41296,807,194
15,ZEC,crypto,rh_lighter,4,1388.3850000000002,3.674007477685315,36894.334446,73382.729201,785402.915733,692638.770237,,239
15,ZEC,crypto,hyperliquid,ZEC,1386.95,0.721032518566922,750583.151,428221.57,1116937.746,921141.995,804,202
15,XAU,commodities,rh_lighter,40,4134.645,1.42706834205919,785671.649693,479483.894101,2114193.76223,1625696.753091,,243
15,XAU,commodities,hyperliquid,xyz:GOLD,4132.65,0.24197841552497934,1163033.54759,1587695.99857,1163033.54759,1587695.99857,280,202
15,XAG,commodities,rh_lighter,41,60.61385,3.7127119958557664,419530.932218,329349.25298,2127682.989747,1689004.3107140001,,313
15,XAG,commodities,hyperliquid,xyz:SILVER,60.5475,0.1651609493458217,975350.62278,721750.6369,975350.62278,721750.6369,342,192
15,NVDA,stocks,rh_lighter,15,228.71,2.6237537169837566,292987.489604,250398.431308,1444795.655392,1357889.644787,,245
15,NVDA,stocks,hyperliquid,xyz:NVDA,228.385,0.4378667133719816,627754.66182,696621.49001,627754.66182,696621.49001,294,206
15,AAPL,stocks,rh_lighter,10,337.825,2.6644561548949675,190177.088333,120971.585219,1170626.857401,1273476.544394,,227
15,AAPL,stocks,hyperliquid,xyz:AAPL,337.605,0.8886519150452798,161228.31871,204899.37038,161228.31871,204899.37038,701,201
15,TSLA,stocks,rh_lighter,16,357.16,3.3604032483891544,197385.01396399998,139717.38410999998,1134228.661261,1101575.729259,,238
15,TSLA,stocks,hyperliquid,xyz:TSLA,356.93,0.5603496581851886,302236.19087,127847.59844,302236.19087,127847.59844,719,205
15,META,stocks,rh_lighter,13,713.8900000000001,1.6810725242710767,160505.993298,174436.736656,1106062.788102,1035612.674589,,227
15,META,stocks,hyperliquid,xyz:META,713.045,0.14024458655947925,137952.39717,159130.98869,137952.39717,159130.98869,723,214
15,GOOGL,stocks,rh_lighter,12,342.28499999999997,2.6297335203362415,196233.588516,127063.083917,1484711.078558,1196576.855343,,214
15,GOOGL,stocks,hyperliquid,xyz:GOOGL,341.94,0.5849150410908166,165546.86528,161261.51547,165546.86528,161261.51547,697,196
15,AMZN,stocks,rh_lighter,11,246.16,2.4377361556893185,174582.31104200002,105390.782941,743404.898844,606764.206417,,240
15,AMZN,stocks,hyperliquid,xyz:AMZN,246.01,0.8130081300827818,121159.20748,183620.35811,121159.20748,183620.35811,738,206
15,MSFT,stocks,rh_lighter,14,507.90999999999997,3.5445630341457424,169808.096448,133340.026691,1098371.989876,1149144.05862,,232
15,MSFT,stocks,hyperliquid,xyz:MSFT,507.21500000000003,0.5914826498432113,193292.50793999998,121326.76716,193292.50793999998,121326.76716,777,247
15,AMD,stocks,rh_lighter,29,605.935,4.45691647408486,105283.766232,78937.116326,494118.65493099997,469083.579264,,250
15,AMD,stocks,hyperliquid,xyz:AMD,605.75,1.9812115108375217,77999.28464,70163.0191,77999.28464,70163.0191,782,231
15,COIN,stocks,rh_lighter,23,191.89999999999998,1.0422637969664805,118384.80359,87785.06588899999,441142.420657,401548.122204,,303
15,COIN,stocks,hyperliquid,xyz:COIN,191.85500000000002,1.5638031693088195,80382.56159,116259.98063,91424.28289,134050.86971,835,188
15,PLTR,stocks,rh_lighter,34,186.6355,4.233745632276076,107575.469117,117757.653035,441814.731601,406670.124892,,246
15,PLTR,stocks,hyperliquid,xyz:PLTR,186.495,1.6087516087526232,104341.45682,122401.63631,107595.28983,124762.16766,578,187
15,MU,stocks,rh_lighter,31,1052.2800000000002,2.6612428003880417,226640.068167,172710.449635,1065701.679262,883049.912331,,272
15,MU,stocks,hyperliquid,xyz:MU,1051.75,0.9508414947223542,797845.9468,815438.292,1551623.0536,1824709.4951,630,208
15,SNDK,stocks,rh_lighter,32,1700.0,3.4123468121038947,234195.68125999998,143317.345713,927773.580559,831364.564453,,214
15,SNDK,stocks,hyperliquid,xyz:SNDK,1699.05,0.588581518539133,942938.5649,1336881.1888000001,1092122.4297,1699839.8617,572,191
15,XRP,crypto,rh_lighter,6,1.49085,2.012477359631948,198283.039846,184379.53538000002,1357639.392297,1372653.30009,,265
15,XRP,crypto,hyperliquid,XRP,1.49145,0.6705109293281275,1395738.6513999999,778096.0795999999,2156765.4375,1320871.4526,621,185
16,BTC,crypto,rh_lighter,1,83239.1,0.9611329835612636,1651395.731224,2185533.56448,4085885.529168,3716120.864901,,219
16,BTC,crypto,hyperliquid,BTC,83232.5,0.1201460976552049,11975445.64511,2287698.92773,11975445.64511,2287698.92773,505,194
16,ETH,crypto,rh_lighter,0,2671.515,1.235330450894967,1501384.12643,1925897.8581380001,4969659.643357,5188778.249506,,231
16,ETH,crypto,hyperliquid,ETH,2672.6499999999996,0.37416747736163103,10843821.16775,8254056.76202,10843821.16775,8254056.76202,525,197
16,SOL,crypto,rh_lighter,3,117.98400000000001,2.2039314746846728,261906.10006,314876.66292,1826104.393609,2009304.115557,,219
16,SOL,crypto,hyperliquid,SOL,117.985,0.8476012883540385,2489773.7741,2317397.5137,4752844.8841,4386956.6482,521,204
16,HYPE,crypto,rh_lighter,2,87.47999999999999,1.6004938666780433,317796.407734,256360.77495800002,1401847.767746,1332669.529212,,281
16,HYPE,crypto,hyperliquid,HYPE,87.43100000000001,0.22875443211667346,199831.31152,33457.97549,199831.31152,33457.97549,580,198
16,ZEC,crypto,rh_lighter,4,1388.6149999999998,3.5293185534124305,48747.663163,76217.492631,812753.795898,688495.625811,,221
16,ZEC,crypto,hyperliquid,ZEC,1387.15,0.7209285559817147,581452.276,1135301.544,901199.877,2081148.126,531,206
16,XAU,commodities,rh_lighter,40,4134.325,0.6047119152441383,676143.94879,426568.585883,1904818.435474,1823435.679184,,225
16,XAU,commodities,hyperliquid,xyz:GOLD,4132.65,0.24197841552497934,842091.4257199999,1678173.29397,842091.4257199999,1678173.29397,546,225
16,XAG,commodities,rh_lighter,41,60.59385,3.3837540192394044,375390.21450299997,290726.98741199996,2014761.218215,1687105.042007,,241
16,XAG,commodities,hyperliquid,xyz:SILVER,60.5265,0.16521825331183848,1260945.847,727421.53434,1260945.847,727421.53434,540,198
16,NVDA,stocks,rh_lighter,15,228.7,2.623868456728129,294756.098921,212528.764658,1428324.434076,1378377.923464,,220
16,NVDA,stocks,hyperliquid,xyz:NVDA,228.38,0.8757717738738791,632392.28176,707560.41069,632392.28176,707560.41069,510,196
16,AAPL,stocks,rh_lighter,10,337.84000000000003,2.36826524570688,190141.553316,127016.61495100001,1170890.009884,1274567.687979,,221
16,AAPL,stocks,hyperliquid,xyz:AAPL,337.58500000000004,0.8887045649808023,153203.49512,208673.56981000002,153203.49512,208673.56981000002,467,280
16,TSLA,stocks,rh_lighter,16,357.155,3.080369644357095,198071.432726,146401.117889,1134701.292448,1110312.256654,,230
16,TSLA,stocks,hyperliquid,xyz:TSLA,356.96500000000003,0.8404538450768051,296482.31052,141830.97806999998,296482.31052,141830.97806999998,402,201
16,META,stocks,rh_lighter,13,713.9200000000001,1.9611963297605506,158078.215055,162711.813085,1131327.9607229999,1023887.751018,,230
16,META,stocks,hyperliquid,xyz:META,713.105,0.14023278642527615,112221.8775,167718.70195,112221.8775,167718.70195,477,266
16,GOOGL,stocks,rh_lighter,12,342.28499999999997,2.6297335203362415,195662.923987,127016.46560899999,1484140.414029,1196523.240963,,221
16,GOOGL,stocks,hyperliquid,xyz:GOOGL,341.94,0.5849150410908166,184363.65714,170895.48065,184363.65714,170895.48065,472,265
16,AMZN,stocks,rh_lighter,11,246.16,2.4377361556893185,129001.619295,62351.013226,697829.06866,563724.436702,,253
16,AMZN,stocks,hyperliquid,xyz:AMZN,246.01,0.8130081300827818,118556.97988,182397.47537,118556.97988,182397.47537,444,199
16,MSFT,stocks,rh_lighter,14,507.91499999999996,3.347576945040842,168236.553867,121451.910541,1096493.484127,1142315.160574,,225
16,MSFT,stocks,hyperliquid,xyz:MSFT,507.24,0.39429844449268003,201392.84141,85667.99173,201392.84141,85667.99173,484,258
16,AMD,stocks,rh_lighter,29,605.89,2.9712776493906468,110106.474081,66841.92044,494113.48806899996,452139.19978,,245
16,AMD,stocks,hyperliquid,xyz:AMD,605.6600000000001,1.6512276877866938,57885.26621,50982.94649,57885.26621,50982.94649,496,244
16,COIN,stocks,rh_lighter,23,191.925,4.6904315197005,92882.016428,97616.66854999999,424481.113342,401660.245712,,220
16,COIN,stocks,hyperliquid,xyz:COIN,191.84,2.0852882911071013,79033.44463,118003.96936999999,86796.75316,141703.56614,503,242
16,PLTR,stocks,rh_lighter,34,186.635,3.965744541740701,107267.29865,116547.17853,441506.561134,410486.283119,,225
16,PLTR,stocks,hyperliquid,xyz:PLTR,186.495,1.6087516087526232,105589.83509000001,131303.01069,111749.26354,133663.54204,320,198
16,MU,stocks,rh_lighter,31,1052.365,3.896745742091312,207782.569293,179712.75166399998,1091675.780706,885161.5701659999,,236
16,MU,stocks,hyperliquid,xyz:MU,1051.95,0.9506607091913644,779963.3732,1017398.4700000001,1503811.4056,1852886.2936,517,343
16,SNDK,stocks,rh_lighter,32,1700.405,0.8821816941417815,209638.002339,125763.267098,902456.205863,813812.740332,,234
16,SNDK,stocks,hyperliquid,xyz:SNDK,1699.65,0.5883737349976492,971114.9336000001,1666722.9525000001,1179100.7343000001,1818459.9349,484,289
16,XRP,crypto,rh_lighter,6,1.4907,2.6836632002691374,237776.68300699999,184730.531295,1357554.114865,1372862.7313309999,,224
16,XRP,crypto,hyperliquid,XRP,1.4915500000000002,0.6704659738510088,1157730.0444,841431.2043999999,2207489.5065,1617032.9966,478,287
17,BTC,crypto,rh_lighter,1,83210.85,0.660993340793059,1743291.4443919999,2349712.33116,3928835.13945,3946447.617944,,266
17,BTC,crypto,hyperliquid,BTC,83216.5,0.12016919823221173,4900356.87541,6507311.88602,4900356.87541,6507311.88602,949,203
17,ETH,crypto,rh_lighter,0,2670.1099999999997,1.7978403442864277,1028534.395516,1214053.607822,4359169.876445,4613804.777764,,267
17,ETH,crypto,hyperliquid,ETH,2671.3500000000004,0.37434956762671945,13657389.16842,9814774.275390001,13657389.16842,9814774.275390001,956,215
17,SOL,crypto,rh_lighter,3,117.82249999999999,1.7825009336913666,230166.042405,291476.769026,1838412.800623,2050946.152428,,244
17,SOL,crypto,hyperliquid,SOL,117.85499999999999,0.8485362749266478,2907392.2776,3299606.5199,5240248.3648,5307113.6128,940,224
17,HYPE,crypto,rh_lighter,2,87.42750000000001,2.4022787329691653,336539.93756,237358.89225499998,1379382.374876,1297841.908807,,249
17,HYPE,crypto,hyperliquid,HYPE,87.3965,0.11442171266473622,81455.27159,136635.15207,81455.27159,136635.15207,960,223
17,ZEC,crypto,rh_lighter,4,1385.99,0.577221400483996,66860.503855,57375.624385,806897.767336,687765.460194,,254
17,ZEC,crypto,hyperliquid,ZEC,1385.25,0.721917412647155,659795.51,918328.441,1390092.447,1123309.884,931,199
17,XAU,commodities,rh_lighter,40,4133.98,1.2579468372297953,771275.289105,521149.482503,2159061.991278,1627934.186859,,270
17,XAU,commodities,hyperliquid,xyz:GOLD,4132.65,0.24197841552497934,747998.46924,1682904.52845,747998.46924,1682904.52845,301,218
17,XAG,commodities,rh_lighter,41,60.602999999999994,2.508441234814196,419330.977385,291747.006637,2211970.725548,1652608.762629,,266
17,XAG,commodities,hyperliquid,xyz:SILVER,60.5405,0.49554832421971895,645167.35425,781686.82823,645167.35425,781686.82823,315,227
17,NVDA,stocks,rh_lighter,15,228.75,2.6232948583415627,280691.746981,252420.388394,1436790.302662,1378410.536235,,244
17,NVDA,stocks,hyperliquid,xyz:NVDA,228.445,0.4377517072318149,588516.59416,719757.79549,588516.59416,719757.79549,938,217
17,AAPL,stocks,rh_lighter,10,337.83,2.9605068387716926,190397.52459,121582.69773500001,1170847.293658,1274087.65691,,251
17,AAPL,stocks,hyperliquid,xyz:AAPL,337.555,0.8887835515780651,161431.45247,199362.89898,161431.45247,199362.89898,743,227
17,TSLA,stocks,rh_lighter,16,357.18,2.8001008036304675,198169.730225,141521.632164,1134988.448397,1111460.092641,,251
17,TSLA,stocks,hyperliquid,xyz:TSLA,356.97,0.5602868668774796,258183.68434,165114.28537,258183.68434,165114.28537,737,212
17,META,stocks,rh_lighter,13,713.865,1.8212384421412153,169117.962029,167686.000749,1111083.040697,1035608.8682329999,,258
17,META,stocks,hyperliquid,xyz:META,713.0699999999999,0.5609704789288905,151511.77985,169535.12967999998,151511.77985,169535.12967999998,304,230
17,GOOGL,stocks,rh_lighter,12,342.29499999999996,2.629656683710291,196240.584995,127006.16532,1484718.075037,1196512.940674,,231
17,GOOGL,stocks,hyperliquid,xyz:GOOGL,341.93,0.5849321478712532,183715.28160000002,148991.76713,183715.28160000002,148991.76713,792,211
17,AMZN,stocks,rh_lighter,11,246.125,2.03169443315776,171941.432991,105008.000181,743393.576028,608750.709668,,244
17,AMZN,stocks,hyperliquid,xyz:AMZN,245.985,1.2196609342596254,124616.71796,184116.69119,124616.71796,184116.69119,360,283
17,MSFT,stocks,rh_lighter,14,507.905,2.953744363272115,169288.277811,128224.875248,1097545.208071,1149090.4654650001,,235
17,MSFT,stocks,hyperliquid,xyz:MSFT,507.225,0.19715310910495276,204573.82843,136834.4093,204573.82843,136834.4093,291,220
17,AMD,stocks,rh_lighter,29,605.985,3.1358827509953002,113947.907476,55281.939762,494141.99864099995,445219.194677,,224
17,AMD,stocks,hyperliquid,xyz:AMD,605.75,0.660360226503176,51107.25173,89885.75945,51107.25173,89885.75945,293,227
17,COIN,stocks,rh_lighter,23,191.845,3.6494447630475157,107281.343733,99261.990119,436529.680549,401626.416119,,235
17,COIN,stocks,hyperliquid,xyz:COIN,191.78,1.0429159931168996,82421.43008,122439.54785,98861.38885,154551.62474,472,378
17,PLTR,stocks,rh_lighter,34,186.64499999999998,5.251988252694684,88322.027327,120174.071805,447539.058521,409086.543662,,229
17,PLTR,stocks,hyperliquid,xyz:PLTR,186.49,1.0725010725010087,104228.69693,112472.05243,110388.12538,122701.45607,736,242
17,MU,stocks,rh_lighter,31,1052.3600000000001,1.3304317250950604,130081.542852,131946.516172,1059496.074252,859946.419422,,227
17,MU,stocks,hyperliquid,xyz:MU,1051.95,0.9506607091913644,762075.3307,1086697.2489,1443658.6598,1865403.0243,742,238
17,SNDK,stocks,rh_lighter,32,1700.475,0.05880727093066085,218683.742056,128790.463739,931565.511499,827487.24346,,229
17,SNDK,stocks,hyperliquid,xyz:SNDK,1699.85,0.5883045064125625,934470.9188,1399826.5546,1199981.953,1859160.0286,728,214
17,XRP,crypto,rh_lighter,6,1.4890500000000002,0.671591672263272,180891.677055,206917.32402,1357253.326494,1372326.686063,,245
17,XRP,crypto,hyperliquid,XRP,1.4898500000000001,0.6712310377232633,1332400.6543,899179.7481,2142695.7178,1317054.5057,801,260
18,BTC,crypto,rh_lighter,1,83213.45,0.9734477114364815,1702581.181837,2084746.024381,4089597.394721,3685299.749958,,222
18,BTC,crypto,hyperliquid,BTC,83223.5,0.12015909063523011,4586301.944809999,9108732.2247,4586301.944809999,9108732.2247,791,204
18,ETH,crypto,rh_lighter,0,2670.98,1.3479107383540523,949768.7541639999,1272709.6601779999,4404469.786505,4556598.186754,,230
18,ETH,crypto,hyperliquid,ETH,2671.95,0.3742655039484788,13798385.855519999,9759304.5439,13798385.855519999,9759304.5439,801,196
18,SOL,crypto,rh_lighter,3,117.8715,2.121178696579129,290270.950232,289552.49057799997,1872203.854244,2025493.80774,,243
18,SOL,crypto,hyperliquid,SOL,117.85499999999999,0.8485362749266478,3104752.3992,3357654.5975,5582722.9998,5249601.4691,815,194
18,HYPE,crypto,rh_lighter,2,87.4555,2.401509520268963,354058.277697,297704.98729,1436587.30679,1323763.325875,,239
18,HYPE,crypto,hyperliquid,HYPE,87.42150000000001,0.11438899120141954,152166.51152,126558.72033,152166.51152,126558.72033,819,207
18,ZEC,crypto,rh_lighter,4,1387.28,2.595342801530176,59269.319795,75754.507161,818024.310018,683282.446358,,239
18,ZEC,crypto,hyperliquid,ZEC,1385.95,0.7215527815862544,668546.335,549073.898,958500.046,1391159.455,826,208
18,XAU,commodities,rh_lighter,40,4134.3099999999995,1.1610833875597137,894893.69609,509937.318036,2182534.601524,1866683.182345,,222
18,XAU,commodities,hyperliquid,xyz:GOLD,4132.65,0.24197841552497934,820895.28875,1597265.43426,820895.28875,1597265.43426,796,205
18,XAG,commodities,rh_lighter,41,60.602599999999995,2.739531606108514,416833.82752,332018.445898,2209608.607182,1687766.306162,,233
18,XAG,commodities,hyperliquid,xyz:SILVER,60.539500000000004,0.16518277474064647,666154.81076,1011818.57995,666154.81076,1011818.57995,808,208
18,NVDA,stocks,rh_lighter,15,228.76,2.6231801687570666,286775.943958,193593.67927700002,1444555.917565,1360030.816037,,233
18,NVDA,stocks,hyperliquid,xyz:NVDA,228.445,0.4377517072318149,622396.5247,714671.77803,622396.5247,714671.77803,806,202
18,AAPL,stocks,rh_lighter,10,337.83,2.9605068387716926,190570.454654,124002.64437200001,1171030.854801,1276507.6035469999,,220
18,AAPL,stocks,hyperliquid,xyz:AAPL,337.555,0.29625240705044575,147615.76657,193993.55908,147615.76657,193993.55908,597,204
18,TSLA,stocks,rh_lighter,16,357.205,3.6400291202332014,197962.10311,147021.773385,1135013.553641,1111468.544107,,245
18,TSLA,stocks,hyperliquid,xyz:TSLA,356.98,0.5602711712460184,318718.59251,135745.14946,318718.59251,135745.14946,625,201
18,META,stocks,rh_lighter,13,713.94,0.8404420725316442,171309.004067,169082.484311,1110552.051705,1035107.946601,,220
18,META,stocks,hyperliquid,xyz:META,713.095,0.14023475297664234,145527.02198,181731.76703,145527.02198,181731.76703,602,199
18,GOOGL,stocks,rh_lighter,12,342.35,1.7527459686839109,193191.706618,126264.194943,1482673.109474,1195539.764103,,215
18,GOOGL,stocks,hyperliquid,xyz:GOOGL,341.985,0.8772699359593794,207825.83877,183484.31099,207825.83877,183484.31099,630,225
18,AMZN,stocks,rh_lighter,11,246.27,2.436647173489348,173598.302031,104405.344461,745438.64183,610807.9276930001,,217
18,AMZN,stocks,hyperliquid,xyz:AMZN,246.12,0.8126447523459923,71265.67223,197204.73984,80973.84918,197204.73984,627,217
18,MSFT,stocks,rh_lighter,14,507.955,2.5596093642321627,181482.611346,125225.178114,1104893.731086,1151150.782019,,217
18,MSFT,stocks,hyperliquid,xyz:MSFT,507.295,0.19712590431542054,177985.45958999998,143665.40448,177985.45958999998,143665.40448,615,200
18,AMD,stocks,rh_lighter,29,605.9300000000001,3.30125612795662,104435.537791,83768.926944,494121.851858,469122.603305,,218
18,AMD,stocks,hyperliquid,xyz:AMD,605.6600000000001,1.6512276877866938,119088.06432,53915.26913,119088.06432,53915.26913,621,200
18,COIN,stocks,rh_lighter,23,191.87,4.170359172182003,106795.771287,102261.459634,433956.046019,400935.470432,,218
18,COIN,stocks,hyperliquid,xyz:COIN,191.805,0.5213764337841376,84011.83482,120848.79712999999,103939.1073,203120.85176,639,211
18,PLTR,stocks,rh_lighter,34,186.6285,3.6978680986532453,77100.381702,113551.10986099999,443390.023197,407490.21444999997,,245
18,PLTR,stocks,hyperliquid,xyz:PLTR,186.47,1.072616110693314,106676.2138,106763.72909000001,118057.51747,114461.18564000001,628,394
18,MU,stocks,rh_lighter,31,1052.7800000000002,2.850004275005702,190345.119896,154664.53686,1096515.635165,887314.491372,,269
18,MU,stocks,hyperliquid,xyz:MU,1052.35,0.9502993442955798,768980.813,925704.4188999999,1593731.1793,2260230.128,521,258
18,SNDK,stocks,rh_lighter,32,1700.9,2.8224336434101716,246221.678931,162199.603371,923870.686402,849916.318205,,239
18,SNDK,stocks,hyperliquid,xyz:SNDK,1699.95,0.5882698982295764,1145814.3925,1437812.9719,1442296.6216,1872493.2507,514,268
18,XRP,crypto,rh_lighter,6,1.48915,2.014775016789816,228880.77061099999,162131.387776,1357359.912671,1374559.291282,,269
18,XRP,crypto,hyperliquid,XRP,1.4898500000000001,0.6712310377232633,1211443.7284,757641.9867,2257917.0573,1460412.9648,535,253
19,BTC,crypto,rh_lighter,1,83195.85,0.9255697663235196,1856376.617516,2216514.0588,4152448.8551,4104118.048196,,233
19,BTC,crypto,hyperliquid,BTC,83214.5,0.12017208642856048,3243705.13375,10826764.57462,3243705.13375,10826764.57462,537,203
19,ETH,crypto,rh_lighter,0,2669.8199999999997,1.4983405877999623,1064179.138581,1440662.866701,4396489.42047,4761994.857431,,230
19,ETH,crypto,hyperliquid,ETH,2670.95,0.37440563106061475,13045914.63666,10855787.41389,13045914.63666,10855787.41389,585,243
19,SOL,crypto,rh_lighter,3,117.80199999999999,1.697908177125118,277019.765273,381111.674963,1850462.809855,2071680.42641,,246
19,SOL,crypto,hyperliquid,SOL,117.815,0.8488243782345251,2857440.9107,3663453.6434,5422005.243,5776468.0325,557,206
19,HYPE,crypto,rh_lighter,2,87.4305,0.11437721605833673,367181.891877,289026.99081,1359257.663715,1373598.57303,,377
19,HYPE,crypto,hyperliquid,HYPE,87.4015,0.11441516687415998,152332.86537,179622.98567,152332.86537,179622.98567,681,200
19,ZEC,crypto,rh_lighter,4,1384.74,2.4556360458483084,53697.586015999994,62537.115599,796176.002286,689124.593673,,267
19,ZEC,crypto,hyperliquid,ZEC,1383.65,0.7227522405339748,873802.8740000001,1086682.188,1194070.803,1521118.225,576,207
19,XAU,commodities,rh_lighter,40,4133.63,1.2096637618608241,858193.648247,487842.014677,2151784.300384,1594627.125651,,233
19,XAU,commodities,hyperliquid,xyz:GOLD,4132.65,0.24197841552497934,667293.39642,1688856.88577,667293.39642,1688856.88577,547,204
19,XAG,commodities,rh_lighter,41,60.61055,3.547866494608698,413670.03619,291139.39344799996,2249609.585141,1689390.983082,,222
19,XAG,commodities,hyperliquid,xyz:SILVER,60.545500000000004,0.16516640515273906,813812.64336,1068817.5394599999,813812.64336,1068817.5394599999,532,205
19,NVDA,stocks,rh_lighter,15,228.715,3.061046003147716,285309.59165200003,217010.232471,1421123.219048,1383419.944522,,241
19,NVDA,stocks,hyperliquid,xyz:NVDA,228.405,0.4378283712780373,666155.02732,639154.47494,666155.02732,639154.47494,552,204
19,AAPL,stocks,rh_lighter,10,337.805,2.6646139270503078,182494.333457,128512.72831,1167897.193453,1276264.1936589999,,233
19,AAPL,stocks,hyperliquid,xyz:AAPL,337.52,0.5925750348123593,200481.52599,176344.27747,200481.52599,176344.27747,358,194
19,TSLA,stocks,rh_lighter,16,357.06,1.120322652923278,193547.653163,133533.127046,1134679.294825,1111589.28599,,244
19,TSLA,stocks,hyperliquid,xyz:TSLA,356.87,0.5604438715467452,322336.77185,139641.0295,322336.77185,139641.0295,372,192
19,META,stocks,rh_lighter,13,713.72,1.4012078411584916,159719.43478,134428.982841,1129652.934409,1037605.73045,,236
19,META,stocks,hyperliquid,xyz:META,712.9100000000001,0.8416563797553067,246191.52195999998,114942.09221,246191.52195999998,114942.09221,379,196
19,GOOGL,stocks,rh_lighter,12,342.29499999999996,2.0452287734462615,170772.328705,128477.837214,1481197.527345,1197980.994775,,234
19,GOOGL,stocks,hyperliquid,xyz:GOOGL,341.91499999999996,0.8774495466523646,236108.4867,137480.33776999998,236108.4867,137480.33776999998,384,198
19,AMZN,stocks,rh_lighter,11,246.27,2.436647173489348,169607.615518,104396.323429,741447.955317,610788.788891,,240
19,AMZN,stocks,hyperliquid,xyz:AMZN,246.125,1.2189671285178783,77053.9658,257687.79339,77053.9658,257687.79339,391,194
19,MSFT,stocks,rh_lighter,14,507.77,1.5756405963807119,165872.380211,131333.657399,1086212.936812,1151384.35865,,233
19,MSFT,stocks,hyperliquid,xyz:MSFT,507.205,0.19716088327959014,232024.19108000002,113899.15048,232024.19108000002,113899.15048,397,187
19,AMD,stocks,rh_lighter,29,605.495,1.486497646376872,100561.83875,96225.595962,494000.449958,469024.75133,,221
19,AMD,stocks,hyperliquid,xyz:AMD,605.285,0.4956465709504698,90062.52309,35763.559199999996,90062.52309,35763.559199999996,404,197
19,COIN,stocks,rh_lighter,23,191.71499999999997,4.695570511816793,98708.7353,97518.00790899999,428050.084261,401464.68265699997,,228
19,COIN,stocks,hyperliquid,xyz:COIN,191.635,1.5655985805240746,89503.36376000001,117249.90766,105166.52,205762.84235,497,187
19,PLTR,stocks,rh_lighter,34,186.5405,7.025070384769627,97787.267703,118358.071267,442026.691523,412471.615338,,222
19,PLTR,stocks,hyperliquid,xyz:PLTR,186.39999999999998,1.0730189387841982,110267.20998,102177.41322,119759.57613,115734.75694,293,205
19,MU,stocks,rh_lighter,31,1052.245,1.615723844281547,245553.676525,176353.482113,1109352.30057,889361.157055,,238
19,MU,stocks,hyperliquid,xyz:MU,1051.85,0.9507510933648433,757696.2762,960945.4263,1590387.709,1868945.7293,311,191
19,SNDK,stocks,rh_lighter,32,1700.355,3.352803119871517,203729.756362,163824.59576,930696.923041,846821.719521,,225
19,SNDK,stocks,hyperliquid,xyz:SNDK,1699.35,0.5884776084275067,1344503.5041,1246331.9061999999,1491868.0803,1426438.1445,387,273
19,XRP,crypto,rh_lighter,6,1.48785,2.01653559185333,239251.585918,193190.733973,1354991.20074,1374401.4673889999,,229
19,XRP,crypto,hyperliquid,XRP,1.48875,0.6717270101419537,1377637.7139,889512.7653000001,2206356.5573,1541595.3279,327,204
