asset,buy_venue,buy_market,sell_venue,sell_market,target_notional,entry_round,horizon_minutes,four_leg_net_bps
ZEC,hyperliquid,ZEC,rh_lighter,4,1000,0,5,-12.360455832186034
ZEC,hyperliquid,ZEC,rh_lighter,4,1000,0,10,-12.069790230092835
XAG,hyperliquid,xyz:SILVER,rh_lighter,41,1000,0,5,-6.944989275949116
XAG,hyperliquid,xyz:SILVER,rh_lighter,41,1000,0,10,-5.672954151816615
XAG,hyperliquid,xyz:SILVER,rh_lighter,41,10000,0,5,-8.027029352908237
XAG,hyperliquid,xyz:SILVER,rh_lighter,41,10000,0,10,-6.030578119740074
XAG,hyperliquid,xyz:SILVER,rh_lighter,41,100000,0,5,-9.84435996598478
XAG,hyperliquid,xyz:SILVER,rh_lighter,41,100000,0,10,-8.563524894324766
NVDA,hyperliquid,xyz:NVDA,rh_lighter,15,1000,0,5,-4.430049088359129
NVDA,hyperliquid,xyz:NVDA,rh_lighter,15,1000,0,10,-4.868574684430747
NVDA,hyperliquid,xyz:NVDA,rh_lighter,15,10000,0,5,-4.948404228131393
NVDA,hyperliquid,xyz:NVDA,rh_lighter,15,10000,0,10,-5.076395466759237
NVDA,hyperliquid,xyz:NVDA,rh_lighter,15,100000,0,5,-9.72257094296422
NVDA,hyperliquid,xyz:NVDA,rh_lighter,15,100000,0,10,-10.784552041443662
AAPL,hyperliquid,xyz:AAPL,rh_lighter,10,1000,0,5,-4.673512003131316
AAPL,hyperliquid,xyz:AAPL,rh_lighter,10,1000,0,10,-4.838784270556321
AAPL,hyperliquid,xyz:AAPL,rh_lighter,10,10000,0,5,-6.76032878263671
AAPL,hyperliquid,xyz:AAPL,rh_lighter,10,10000,0,10,-7.109181651665545
AAPL,hyperliquid,xyz:AAPL,rh_lighter,10,100000,0,5,-14.640202993727671
AAPL,hyperliquid,xyz:AAPL,rh_lighter,10,100000,0,10,-14.04203008726244
TSLA,hyperliquid,xyz:TSLA,rh_lighter,16,1000,0,5,-3.0745496988661625
TSLA,hyperliquid,xyz:TSLA,rh_lighter,16,1000,0,10,-4.9559268728837464
TSLA,hyperliquid,xyz:TSLA,rh_lighter,16,10000,0,5,-5.314867914851552
TSLA,hyperliquid,xyz:TSLA,rh_lighter,16,10000,0,10,-6.481996234332316
META,hyperliquid,xyz:META,rh_lighter,13,1000,0,5,-5.019696173270606
META,hyperliquid,xyz:META,rh_lighter,13,1000,0,10,-5.208003519950007
META,hyperliquid,xyz:META,rh_lighter,13,10000,0,5,-6.526158282345619
META,hyperliquid,xyz:META,rh_lighter,13,10000,0,10,-6.529705773779521
META,hyperliquid,xyz:META,rh_lighter,13,100000,0,10,-13.070167409184322
GOOGL,hyperliquid,xyz:GOOGL,rh_lighter,12,1000,0,5,-5.08719152690957
GOOGL,hyperliquid,xyz:GOOGL,rh_lighter,12,1000,0,10,-5.601345147235473
GOOGL,hyperliquid,xyz:GOOGL,rh_lighter,12,10000,0,5,-6.517788258135529
GOOGL,hyperliquid,xyz:GOOGL,rh_lighter,12,10000,0,10,-6.889998883678797
GOOGL,hyperliquid,xyz:GOOGL,rh_lighter,12,100000,0,5,-14.987631272965102
GOOGL,hyperliquid,xyz:GOOGL,rh_lighter,12,100000,0,10,-15.022564634483528
AMZN,hyperliquid,xyz:AMZN,rh_lighter,11,1000,0,5,-2.206517054924539
AMZN,hyperliquid,xyz:AMZN,rh_lighter,11,1000,0,10,-1.3617055820494537
AMZN,hyperliquid,xyz:AMZN,rh_lighter,11,10000,0,5,-5.186026210079272
AMZN,hyperliquid,xyz:AMZN,rh_lighter,11,10000,0,10,-5.223024349065203
AMZN,hyperliquid,xyz:AMZN,rh_lighter,11,100000,0,5,-17.75361323973118
AMZN,hyperliquid,xyz:AMZN,rh_lighter,11,100000,0,10,-18.196436668024724
MSFT,hyperliquid,xyz:MSFT,rh_lighter,14,1000,0,5,-5.900122532857216
MSFT,hyperliquid,xyz:MSFT,rh_lighter,14,1000,0,10,-7.0823837937018235
MSFT,hyperliquid,xyz:MSFT,rh_lighter,14,10000,0,5,-6.90464099600032
MSFT,hyperliquid,xyz:MSFT,rh_lighter,14,10000,0,10,-8.24126387513112
MSFT,hyperliquid,xyz:MSFT,rh_lighter,14,100000,0,5,-14.147486569458696
MSFT,hyperliquid,xyz:MSFT,rh_lighter,14,100000,0,10,-15.26191023912153
AMD,hyperliquid,xyz:AMD,rh_lighter,29,1000,0,5,-4.031532621380565
AMD,hyperliquid,xyz:AMD,rh_lighter,29,1000,0,10,-4.015636423632938
COIN,hyperliquid,xyz:COIN,rh_lighter,23,1000,0,5,-7.121496536272421
COIN,hyperliquid,xyz:COIN,rh_lighter,23,1000,0,10,-7.355325893543857
PLTR,hyperliquid,xyz:PLTR,rh_lighter,34,1000,0,5,-9.497431771862423
PLTR,hyperliquid,xyz:PLTR,rh_lighter,34,1000,0,10,-11.024459989913248
MU,hyperliquid,xyz:MU,rh_lighter,31,1000,0,5,-4.482095372862195
MU,hyperliquid,xyz:MU,rh_lighter,31,1000,0,10,-4.274069844894681
MU,hyperliquid,xyz:MU,rh_lighter,31,10000,0,5,-6.11197987281827
MU,hyperliquid,xyz:MU,rh_lighter,31,10000,0,10,-5.56029502960637
SNDK,hyperliquid,xyz:SNDK,rh_lighter,32,1000,0,5,-5.392513841442875
SNDK,hyperliquid,xyz:SNDK,rh_lighter,32,1000,0,10,-5.553242826381825
SNDK,hyperliquid,xyz:SNDK,rh_lighter,32,10000,0,5,-6.706074702610735
SNDK,hyperliquid,xyz:SNDK,rh_lighter,32,10000,0,10,-6.524924111754757
SNDK,hyperliquid,xyz:SNDK,rh_lighter,32,100000,0,5,-11.496751138504228
SNDK,hyperliquid,xyz:SNDK,rh_lighter,32,100000,0,10,-11.799123609620036
XRP,rh_lighter,6,hyperliquid,XRP,1000,0,5,-9.685258829873485
XRP,rh_lighter,6,hyperliquid,XRP,1000,0,10,-10.979670510337977
XRP,rh_lighter,6,hyperliquid,XRP,10000,0,5,-9.954122507350503
XRP,rh_lighter,6,hyperliquid,XRP,10000,0,10,-11.180118796941043
XAG,hyperliquid,xyz:SILVER,rh_lighter,41,1000,1,5,-5.571581698480464
XAG,hyperliquid,xyz:SILVER,rh_lighter,41,1000,1,10,-4.81913616733
XAG,hyperliquid,xyz:SILVER,rh_lighter,41,10000,1,5,-5.671040922596309
XAG,hyperliquid,xyz:SILVER,rh_lighter,41,10000,1,10,-6.055302542065051
XAG,hyperliquid,xyz:SILVER,rh_lighter,41,100000,1,5,-8.953198141984428
XAG,hyperliquid,xyz:SILVER,rh_lighter,41,100000,1,10,-9.31341008084046
NVDA,hyperliquid,xyz:NVDA,rh_lighter,15,1000,1,5,-3.991973408299953
NVDA,hyperliquid,xyz:NVDA,rh_lighter,15,1000,1,10,-3.3352763695378407
NVDA,hyperliquid,xyz:NVDA,rh_lighter,15,10000,1,5,-4.851029025476278
NVDA,hyperliquid,xyz:NVDA,rh_lighter,15,10000,1,10,-3.9968343651503893
NVDA,hyperliquid,xyz:NVDA,rh_lighter,15,100000,1,5,-11.122386476174894
NVDA,hyperliquid,xyz:NVDA,rh_lighter,15,100000,1,10,-10.928780780151328
AAPL,hyperliquid,xyz:AAPL,rh_lighter,10,1000,1,5,-6.563952864061468
AAPL,hyperliquid,xyz:AAPL,rh_lighter,10,1000,1,10,-4.772752891159938
AAPL,hyperliquid,xyz:AAPL,rh_lighter,10,10000,1,5,-7.802605369388137
AAPL,hyperliquid,xyz:AAPL,rh_lighter,10,10000,1,10,-6.533241549628726
TSLA,hyperliquid,xyz:TSLA,rh_lighter,16,1000,1,5,-3.835590501236237
TSLA,hyperliquid,xyz:TSLA,rh_lighter,16,1000,1,10,-4.322734534855055
TSLA,hyperliquid,xyz:TSLA,rh_lighter,16,10000,1,5,-5.579080415593076
TSLA,hyperliquid,xyz:TSLA,rh_lighter,16,10000,1,10,-5.856833326060206
META,hyperliquid,xyz:META,rh_lighter,13,1000,1,5,-3.5654144326548165
META,hyperliquid,xyz:META,rh_lighter,13,1000,1,10,-3.988990524819769
META,hyperliquid,xyz:META,rh_lighter,13,10000,1,5,-5.065587245953514
META,hyperliquid,xyz:META,rh_lighter,13,10000,1,10,-5.571897700416551
META,hyperliquid,xyz:META,rh_lighter,13,100000,1,10,-12.28937381520786
GOOGL,hyperliquid,xyz:GOOGL,rh_lighter,12,1000,1,5,-5.13135059057855
GOOGL,hyperliquid,xyz:GOOGL,rh_lighter,12,1000,1,10,-4.89944329989837
GOOGL,hyperliquid,xyz:GOOGL,rh_lighter,12,10000,1,5,-6.806534072016488
GOOGL,hyperliquid,xyz:GOOGL,rh_lighter,12,10000,1,10,-6.061162184019746
GOOGL,hyperliquid,xyz:GOOGL,rh_lighter,12,100000,1,5,-15.455925245520243
GOOGL,hyperliquid,xyz:GOOGL,rh_lighter,12,100000,1,10,-15.019684123009617
AMZN,hyperliquid,xyz:AMZN,rh_lighter,11,1000,1,5,-2.233117018699543
AMZN,hyperliquid,xyz:AMZN,rh_lighter,11,1000,1,10,-0.9817918198642044
AMZN,hyperliquid,xyz:AMZN,rh_lighter,11,10000,1,5,-5.630205034386673
AMZN,hyperliquid,xyz:AMZN,rh_lighter,11,10000,1,10,-4.134703266254702
MSFT,hyperliquid,xyz:MSFT,rh_lighter,14,1000,1,5,-4.95386374388839
MSFT,hyperliquid,xyz:MSFT,rh_lighter,14,1000,1,10,-6.516579901554189
MSFT,hyperliquid,xyz:MSFT,rh_lighter,14,10000,1,5,-5.939131144702535
MSFT,hyperliquid,xyz:MSFT,rh_lighter,14,10000,1,10,-7.159912507949828
MSFT,hyperliquid,xyz:MSFT,rh_lighter,14,100000,1,5,-14.050601434856752
MSFT,hyperliquid,xyz:MSFT,rh_lighter,14,100000,1,10,-14.722251873660845
COIN,hyperliquid,xyz:COIN,rh_lighter,23,1000,1,5,-8.576942427800097
COIN,hyperliquid,xyz:COIN,rh_lighter,23,1000,1,10,-4.940545064600819
COIN,hyperliquid,xyz:COIN,rh_lighter,23,10000,1,5,-10.967568572658944
COIN,hyperliquid,xyz:COIN,rh_lighter,23,10000,1,10,-7.884834356114581
PLTR,hyperliquid,xyz:PLTR,rh_lighter,34,1000,1,5,-10.000832070420124
PLTR,hyperliquid,xyz:PLTR,rh_lighter,34,1000,1,10,-10.561033182037503
MU,hyperliquid,xyz:MU,rh_lighter,31,1000,1,5,-3.1319756376074235
MU,hyperliquid,xyz:MU,rh_lighter,31,1000,1,10,-4.179054054052972
MU,hyperliquid,xyz:MU,rh_lighter,31,10000,1,5,-4.810748980297283
MU,hyperliquid,xyz:MU,rh_lighter,31,10000,1,10,-6.03957679444986
SNDK,hyperliquid,xyz:SNDK,rh_lighter,32,1000,1,5,-4.182935296561493
SNDK,hyperliquid,xyz:SNDK,rh_lighter,32,1000,1,10,-4.889826973537746
SNDK,hyperliquid,xyz:SNDK,rh_lighter,32,10000,1,5,-4.695107442378576
SNDK,hyperliquid,xyz:SNDK,rh_lighter,32,10000,1,10,-5.047886773406386
XAG,hyperliquid,xyz:SILVER,rh_lighter,41,1000,2,5,-5.2350319479188565
XAG,hyperliquid,xyz:SILVER,rh_lighter,41,1000,2,10,-6.245221673027493
XAG,hyperliquid,xyz:SILVER,rh_lighter,41,10000,2,5,-6.023886710565298
XAG,hyperliquid,xyz:SILVER,rh_lighter,41,10000,2,10,-6.661699034758067
XAG,hyperliquid,xyz:SILVER,rh_lighter,41,100000,2,5,-8.917498128952765
XAG,hyperliquid,xyz:SILVER,rh_lighter,41,100000,2,10,-9.404391294388939
NVDA,hyperliquid,xyz:NVDA,rh_lighter,15,1000,2,5,-4.429584994960424
NVDA,hyperliquid,xyz:NVDA,rh_lighter,15,1000,2,10,-4.429979403127917
NVDA,hyperliquid,xyz:NVDA,rh_lighter,15,10000,2,5,-5.197046244139453
NVDA,hyperliquid,xyz:NVDA,rh_lighter,15,10000,2,10,-5.154496803696654
NVDA,hyperliquid,xyz:NVDA,rh_lighter,15,100000,2,5,-10.556229344136502
NVDA,hyperliquid,xyz:NVDA,rh_lighter,15,100000,2,10,-10.510269183041755
AAPL,hyperliquid,xyz:AAPL,rh_lighter,10,1000,2,5,-7.069532682996089
AAPL,hyperliquid,xyz:AAPL,rh_lighter,10,1000,2,10,-5.056875317266348
AAPL,hyperliquid,xyz:AAPL,rh_lighter,10,10000,2,5,-8.41604240080855
AAPL,hyperliquid,xyz:AAPL,rh_lighter,10,10000,2,10,-7.026997370209838
AAPL,hyperliquid,xyz:AAPL,rh_lighter,10,100000,2,5,-15.038335559927779
AAPL,hyperliquid,xyz:AAPL,rh_lighter,10,100000,2,10,-13.843307843052413
TSLA,hyperliquid,xyz:TSLA,rh_lighter,16,1000,2,5,-4.882783071747799
TSLA,hyperliquid,xyz:TSLA,rh_lighter,16,1000,2,10,-4.602993273541826
TSLA,hyperliquid,xyz:TSLA,rh_lighter,16,10000,2,5,-6.738012845360639
TSLA,hyperliquid,xyz:TSLA,rh_lighter,16,10000,2,10,-6.844488206226021
META,hyperliquid,xyz:META,rh_lighter,13,1000,2,5,-2.3159922638658097
META,hyperliquid,xyz:META,rh_lighter,13,1000,2,10,-2.1897310841824695
META,hyperliquid,xyz:META,rh_lighter,13,10000,2,5,-3.962146871293454
META,hyperliquid,xyz:META,rh_lighter,13,10000,2,10,-3.5340398609988766
META,hyperliquid,xyz:META,rh_lighter,13,100000,2,5,-9.589353075026331
META,hyperliquid,xyz:META,rh_lighter,13,100000,2,10,-9.636102051275497
GOOGL,hyperliquid,xyz:GOOGL,rh_lighter,12,1000,2,5,-3.4448747612422688
GOOGL,hyperliquid,xyz:GOOGL,rh_lighter,12,1000,2,10,-3.737253776346453
GOOGL,hyperliquid,xyz:GOOGL,rh_lighter,12,10000,2,5,-5.934573881163954
GOOGL,hyperliquid,xyz:GOOGL,rh_lighter,12,10000,2,10,-5.824264215894049
GOOGL,hyperliquid,xyz:GOOGL,rh_lighter,12,100000,2,5,-15.13462463095748
GOOGL,hyperliquid,xyz:GOOGL,rh_lighter,12,100000,2,10,-14.74956334845951
AMZN,hyperliquid,xyz:AMZN,rh_lighter,11,1000,2,5,-3.0197471133525995
AMZN,hyperliquid,xyz:AMZN,rh_lighter,11,1000,2,10,-3.4263172873637755
AMZN,hyperliquid,xyz:AMZN,rh_lighter,11,10000,2,5,-6.048463836103158
AMZN,hyperliquid,xyz:AMZN,rh_lighter,11,10000,2,10,-5.355573593718386
MSFT,hyperliquid,xyz:MSFT,rh_lighter,14,1000,2,5,-5.625012431856357
MSFT,hyperliquid,xyz:MSFT,rh_lighter,14,1000,2,10,-5.979251210650707
MSFT,hyperliquid,xyz:MSFT,rh_lighter,14,10000,2,5,-7.619359944196093
MSFT,hyperliquid,xyz:MSFT,rh_lighter,14,10000,2,10,-8.010482451036978
MSFT,hyperliquid,xyz:MSFT,rh_lighter,14,100000,2,5,-14.807846429486508
MSFT,hyperliquid,xyz:MSFT,rh_lighter,14,100000,2,10,-15.03918368736597
COIN,hyperliquid,xyz:COIN,rh_lighter,23,1000,2,5,-3.4732679533561726
COIN,hyperliquid,xyz:COIN,rh_lighter,23,1000,2,10,-7.03092287581749
COIN,hyperliquid,xyz:COIN,rh_lighter,23,10000,2,5,-7.58682429205851
COIN,hyperliquid,xyz:COIN,rh_lighter,23,10000,2,10,-9.147925797984785
PLTR,hyperliquid,xyz:PLTR,rh_lighter,34,1000,2,5,-9.539445846017841
PLTR,hyperliquid,xyz:PLTR,rh_lighter,34,1000,2,10,-10.361125108510308
MU,hyperliquid,xyz:MU,rh_lighter,31,1000,2,5,-5.2077535484697135
MU,hyperliquid,xyz:MU,rh_lighter,31,1000,2,10,-5.398634949573394
MU,hyperliquid,xyz:MU,rh_lighter,31,10000,2,5,-6.434033907996259
MU,hyperliquid,xyz:MU,rh_lighter,31,10000,2,10,-6.621434615312689
SNDK,hyperliquid,xyz:SNDK,rh_lighter,32,1000,2,5,-4.819206099817784
SNDK,hyperliquid,xyz:SNDK,rh_lighter,32,1000,2,10,-6.325310828915197
SNDK,hyperliquid,xyz:SNDK,rh_lighter,32,10000,2,5,-5.820296037645607
SNDK,hyperliquid,xyz:SNDK,rh_lighter,32,10000,2,10,-6.911985461261021
SNDK,hyperliquid,xyz:SNDK,rh_lighter,32,100000,2,5,-10.86727565082051
SNDK,hyperliquid,xyz:SNDK,rh_lighter,32,100000,2,10,-12.500496423127936
XAG,hyperliquid,xyz:SILVER,rh_lighter,41,1000,3,5,-6.153363453626988
XAG,hyperliquid,xyz:SILVER,rh_lighter,41,1000,3,10,-5.9939547585991315
XAG,hyperliquid,xyz:SILVER,rh_lighter,41,10000,3,5,-6.381941624683473
XAG,hyperliquid,xyz:SILVER,rh_lighter,41,10000,3,10,-6.458639631938711
XAG,hyperliquid,xyz:SILVER,rh_lighter,41,100000,3,5,-9.412822070129007
XAG,hyperliquid,xyz:SILVER,rh_lighter,41,100000,3,10,-9.322178432227709
NVDA,hyperliquid,xyz:NVDA,rh_lighter,15,1000,3,5,-3.9905805038339
NVDA,hyperliquid,xyz:NVDA,rh_lighter,15,1000,3,10,-4.867246440307218
NVDA,hyperliquid,xyz:NVDA,rh_lighter,15,10000,3,5,-4.884917460909291
NVDA,hyperliquid,xyz:NVDA,rh_lighter,15,10000,3,10,-4.979299714080716
NVDA,hyperliquid,xyz:NVDA,rh_lighter,15,100000,3,5,-9.57352844391134
NVDA,hyperliquid,xyz:NVDA,rh_lighter,15,100000,3,10,-9.866889480098806
AAPL,hyperliquid,xyz:AAPL,rh_lighter,10,1000,3,5,-4.896313896320766
AAPL,hyperliquid,xyz:AAPL,rh_lighter,10,1000,3,10,-2.393099188344911
AAPL,hyperliquid,xyz:AAPL,rh_lighter,10,10000,3,5,-6.543579557579435
AAPL,hyperliquid,xyz:AAPL,rh_lighter,10,10000,3,10,-4.3788968923803315
AAPL,hyperliquid,xyz:AAPL,rh_lighter,10,100000,3,5,-14.938958793498712
AAPL,hyperliquid,xyz:AAPL,rh_lighter,10,100000,3,10,-12.729226428128511
TSLA,hyperliquid,xyz:TSLA,rh_lighter,16,1000,3,5,-4.603030048211794
TSLA,hyperliquid,xyz:TSLA,rh_lighter,16,1000,3,10,-5.444485572514509
TSLA,hyperliquid,xyz:TSLA,rh_lighter,16,10000,3,5,-6.14056835155444
TSLA,hyperliquid,xyz:TSLA,rh_lighter,16,10000,3,10,-6.900388000264022
META,hyperliquid,xyz:META,rh_lighter,13,1000,3,5,-3.338942563498225
META,hyperliquid,xyz:META,rh_lighter,13,1000,3,10,-5.158896916742669
META,hyperliquid,xyz:META,rh_lighter,13,10000,3,5,-4.846064840952756
META,hyperliquid,xyz:META,rh_lighter,13,10000,3,10,-7.494634582268761
META,hyperliquid,xyz:META,rh_lighter,13,100000,3,5,-11.479740633012009
META,hyperliquid,xyz:META,rh_lighter,13,100000,3,10,-14.095429489929312
GOOGL,hyperliquid,xyz:GOOGL,rh_lighter,12,1000,3,5,-3.5068771213284684
GOOGL,hyperliquid,xyz:GOOGL,rh_lighter,12,1000,3,10,-3.7300550347942805
GOOGL,hyperliquid,xyz:GOOGL,rh_lighter,12,10000,3,5,-5.983136315158776
GOOGL,hyperliquid,xyz:GOOGL,rh_lighter,12,10000,3,10,-5.3841747735246726
GOOGL,hyperliquid,xyz:GOOGL,rh_lighter,12,100000,3,5,-15.160132140885764
GOOGL,hyperliquid,xyz:GOOGL,rh_lighter,12,100000,3,10,-14.725361685452299
AMZN,hyperliquid,xyz:AMZN,rh_lighter,11,1000,3,5,-3.019230143890059
AMZN,hyperliquid,xyz:AMZN,rh_lighter,11,1000,3,10,-2.12428115840351
AMZN,hyperliquid,xyz:AMZN,rh_lighter,11,10000,3,5,-5.7221393518939685
AMZN,hyperliquid,xyz:AMZN,rh_lighter,11,10000,3,10,-5.0269000446037015
AMZN,hyperliquid,xyz:AMZN,rh_lighter,11,100000,3,5,-18.275761140664304
AMZN,hyperliquid,xyz:AMZN,rh_lighter,11,100000,3,10,-17.610392670717616
MSFT,hyperliquid,xyz:MSFT,rh_lighter,14,1000,3,5,-5.10247206437245
MSFT,hyperliquid,xyz:MSFT,rh_lighter,14,1000,3,10,-5.940343059935643
MSFT,hyperliquid,xyz:MSFT,rh_lighter,14,10000,3,5,-6.150438191728598
MSFT,hyperliquid,xyz:MSFT,rh_lighter,14,10000,3,10,-6.905389731104719
COIN,hyperliquid,xyz:COIN,rh_lighter,23,1000,3,5,-4.413402654403894
COIN,hyperliquid,xyz:COIN,rh_lighter,23,1000,3,10,-8.594414254362157
PLTR,hyperliquid,xyz:PLTR,rh_lighter,34,1000,3,5,-8.957080376693169
PLTR,hyperliquid,xyz:PLTR,rh_lighter,34,1000,3,10,-10.971536534310031
MU,hyperliquid,xyz:MU,rh_lighter,31,1000,3,5,-4.470022307613799
MU,hyperliquid,xyz:MU,rh_lighter,31,1000,3,10,-3.4194023624357706
MU,hyperliquid,xyz:MU,rh_lighter,31,10000,3,5,-6.271840316937773
MU,hyperliquid,xyz:MU,rh_lighter,31,10000,3,10,-5.3495248754762725
SNDK,hyperliquid,xyz:SNDK,rh_lighter,32,1000,3,5,-5.373654903744717
SNDK,hyperliquid,xyz:SNDK,rh_lighter,32,1000,3,10,-4.137794175572114
SNDK,hyperliquid,xyz:SNDK,rh_lighter,32,10000,3,5,-6.475962039746543
SNDK,hyperliquid,xyz:SNDK,rh_lighter,32,10000,3,10,-6.294905762787512
SNDK,hyperliquid,xyz:SNDK,rh_lighter,32,100000,3,5,-12.063785956741325
SNDK,hyperliquid,xyz:SNDK,rh_lighter,32,100000,3,10,-11.976750040087811
ETH,rh_lighter,0,hyperliquid,ETH,1000,4,5,-9.683204531811088
ETH,rh_lighter,0,hyperliquid,ETH,1000,4,10,-9.011141956782712
ETH,rh_lighter,0,hyperliquid,ETH,10000,4,5,-9.683204531812544
ETH,rh_lighter,0,hyperliquid,ETH,10000,4,10,-9.011141956782712
XAG,hyperliquid,xyz:SILVER,rh_lighter,41,1000,4,5,-5.544203251309151
XAG,hyperliquid,xyz:SILVER,rh_lighter,41,1000,4,10,-5.9519109567545865
XAG,hyperliquid,xyz:SILVER,rh_lighter,41,10000,4,5,-5.963377478303236
XAG,hyperliquid,xyz:SILVER,rh_lighter,41,10000,4,10,-6.641472842943749
XAG,hyperliquid,xyz:SILVER,rh_lighter,41,100000,4,5,-8.95889619588493
XAG,hyperliquid,xyz:SILVER,rh_lighter,41,100000,4,10,-9.304118124081384
NVDA,hyperliquid,xyz:NVDA,rh_lighter,15,1000,4,5,-4.864508896428878
NVDA,hyperliquid,xyz:NVDA,rh_lighter,15,1000,4,10,-5.7417966012598045
NVDA,hyperliquid,xyz:NVDA,rh_lighter,15,10000,4,5,-4.937313799085055
NVDA,hyperliquid,xyz:NVDA,rh_lighter,15,10000,4,10,-6.207903516308256
NVDA,hyperliquid,xyz:NVDA,rh_lighter,15,100000,4,5,-9.166510221799903
NVDA,hyperliquid,xyz:NVDA,rh_lighter,15,100000,4,10,-10.155009879993914
AAPL,hyperliquid,xyz:AAPL,rh_lighter,10,1000,4,5,-4.467509410475428
AAPL,hyperliquid,xyz:AAPL,rh_lighter,10,1000,4,10,-3.427234466463298
AAPL,hyperliquid,xyz:AAPL,rh_lighter,10,10000,4,5,-6.373102612646876
AAPL,hyperliquid,xyz:AAPL,rh_lighter,10,10000,4,10,-7.209895143240275
AAPL,hyperliquid,xyz:AAPL,rh_lighter,10,100000,4,5,-14.783606181225627
AAPL,hyperliquid,xyz:AAPL,rh_lighter,10,100000,4,10,-15.81655399053622
TSLA,hyperliquid,xyz:TSLA,rh_lighter,16,1000,4,5,-5.163272513243974
TSLA,hyperliquid,xyz:TSLA,rh_lighter,16,1000,4,10,-5.443902575744282
TSLA,hyperliquid,xyz:TSLA,rh_lighter,16,10000,4,5,-6.586961623958802
TSLA,hyperliquid,xyz:TSLA,rh_lighter,16,10000,4,10,-7.012842418197139
META,hyperliquid,xyz:META,rh_lighter,13,1000,4,5,-4.496682032454615
META,hyperliquid,xyz:META,rh_lighter,13,1000,4,10,-4.454742954337624
META,hyperliquid,xyz:META,rh_lighter,13,10000,4,5,-5.625431065153077
META,hyperliquid,xyz:META,rh_lighter,13,10000,4,10,-5.711458618816531
META,hyperliquid,xyz:META,rh_lighter,13,100000,4,5,-12.14102636962989
META,hyperliquid,xyz:META,rh_lighter,13,100000,4,10,-12.893560478734047
GOOGL,hyperliquid,xyz:GOOGL,rh_lighter,12,1000,4,5,-3.1745738426428467
GOOGL,hyperliquid,xyz:GOOGL,rh_lighter,12,1000,4,10,-3.4205876221917557
GOOGL,hyperliquid,xyz:GOOGL,rh_lighter,12,10000,4,5,-5.580417685686264
GOOGL,hyperliquid,xyz:GOOGL,rh_lighter,12,10000,4,10,-5.209001775385672
GOOGL,hyperliquid,xyz:GOOGL,rh_lighter,12,100000,4,5,-15.005349188682164
GOOGL,hyperliquid,xyz:GOOGL,rh_lighter,12,100000,4,10,-14.930374455170035
AMZN,hyperliquid,xyz:AMZN,rh_lighter,11,1000,4,5,-4.322967670343095
AMZN,hyperliquid,xyz:AMZN,rh_lighter,11,1000,4,10,-2.3304275782381976
AMZN,hyperliquid,xyz:AMZN,rh_lighter,11,10000,4,5,-7.02951086131444
AMZN,hyperliquid,xyz:AMZN,rh_lighter,11,10000,4,10,-5.973919540663223
MSFT,hyperliquid,xyz:MSFT,rh_lighter,14,1000,4,5,-6.334647082018299
MSFT,hyperliquid,xyz:MSFT,rh_lighter,14,1000,4,10,-6.137468454257728
MSFT,hyperliquid,xyz:MSFT,rh_lighter,14,10000,4,5,-6.873940498053233
MSFT,hyperliquid,xyz:MSFT,rh_lighter,14,10000,4,10,-6.869875735440922
MSFT,hyperliquid,xyz:MSFT,rh_lighter,14,100000,4,5,-14.02378171618224
MSFT,hyperliquid,xyz:MSFT,rh_lighter,14,100000,4,10,-13.796840481137142
COIN,hyperliquid,xyz:COIN,rh_lighter,23,1000,4,5,-7.776700539722206
COIN,hyperliquid,xyz:COIN,rh_lighter,23,1000,4,10,-6.792458892395061
PLTR,hyperliquid,xyz:PLTR,rh_lighter,34,1000,4,5,-7.801981345031179
PLTR,hyperliquid,xyz:PLTR,rh_lighter,34,1000,4,10,-9.225262596886347
PLTR,hyperliquid,xyz:PLTR,rh_lighter,34,10000,4,5,-11.611200878749637
PLTR,hyperliquid,xyz:PLTR,rh_lighter,34,10000,4,10,-12.005460888470203
MU,hyperliquid,xyz:MU,rh_lighter,31,1000,4,5,-6.404347335886731
MU,hyperliquid,xyz:MU,rh_lighter,31,1000,4,10,-6.405203581724425
SNDK,hyperliquid,xyz:SNDK,rh_lighter,32,1000,4,5,-4.9326227387855885
SNDK,hyperliquid,xyz:SNDK,rh_lighter,32,1000,4,10,-4.7322915552616385
SNDK,hyperliquid,xyz:SNDK,rh_lighter,32,10000,4,5,-5.696037248280458
SNDK,hyperliquid,xyz:SNDK,rh_lighter,32,10000,4,10,-5.859958053685575
SNDK,hyperliquid,xyz:SNDK,rh_lighter,32,100000,4,5,-11.746620797475854
SNDK,hyperliquid,xyz:SNDK,rh_lighter,32,100000,4,10,-11.597851347575762
ETH,rh_lighter,0,hyperliquid,ETH,1000,5,5,-9.047372527833819
ETH,rh_lighter,0,hyperliquid,ETH,1000,5,10,-10.440281654210374
ETH,rh_lighter,0,hyperliquid,ETH,10000,5,5,-9.590015957206113
ETH,rh_lighter,0,hyperliquid,ETH,10000,5,10,-10.440368649295975
XAG,hyperliquid,xyz:SILVER,rh_lighter,41,1000,5,5,-5.639276024087468
XAG,hyperliquid,xyz:SILVER,rh_lighter,41,1000,5,10,-7.32309849675864
XAG,hyperliquid,xyz:SILVER,rh_lighter,41,10000,5,5,-6.051871539404777
XAG,hyperliquid,xyz:SILVER,rh_lighter,41,10000,5,10,-7.786784676628315
XAG,hyperliquid,xyz:SILVER,rh_lighter,41,100000,5,5,-8.90814069969572
XAG,hyperliquid,xyz:SILVER,rh_lighter,41,100000,5,10,-9.97040984088026
NVDA,hyperliquid,xyz:NVDA,rh_lighter,15,1000,5,5,-5.305125958378448
NVDA,hyperliquid,xyz:NVDA,rh_lighter,15,1000,5,10,-6.181673603505696
NVDA,hyperliquid,xyz:NVDA,rh_lighter,15,10000,5,5,-5.670868552140779
NVDA,hyperliquid,xyz:NVDA,rh_lighter,15,10000,5,10,-6.339756155945693
NVDA,hyperliquid,xyz:NVDA,rh_lighter,15,100000,5,5,-11.531857601765278
NVDA,hyperliquid,xyz:NVDA,rh_lighter,15,100000,5,10,-11.46779158923656
AAPL,hyperliquid,xyz:AAPL,rh_lighter,10,1000,5,5,-3.8739221902857994
AAPL,hyperliquid,xyz:AAPL,rh_lighter,10,1000,5,10,-3.2818920458103613
AAPL,hyperliquid,xyz:AAPL,rh_lighter,10,10000,5,5,-6.200216933695035
AAPL,hyperliquid,xyz:AAPL,rh_lighter,10,10000,5,10,-4.784431601112928
AAPL,hyperliquid,xyz:AAPL,rh_lighter,10,100000,5,5,-13.535576018635327
AAPL,hyperliquid,xyz:AAPL,rh_lighter,10,100000,5,10,-13.130688042341497
TSLA,hyperliquid,xyz:TSLA,rh_lighter,16,1000,5,5,-5.238624488589266
TSLA,hyperliquid,xyz:TSLA,rh_lighter,16,1000,5,10,-5.725692497478023
TSLA,hyperliquid,xyz:TSLA,rh_lighter,16,10000,5,5,-7.0795738434387
TSLA,hyperliquid,xyz:TSLA,rh_lighter,16,10000,5,10,-6.880146443221702
META,hyperliquid,xyz:META,rh_lighter,13,1000,5,5,-4.993891092502717
META,hyperliquid,xyz:META,rh_lighter,13,1000,5,10,-5.031939568433327
META,hyperliquid,xyz:META,rh_lighter,13,10000,5,5,-6.514418750840543
META,hyperliquid,xyz:META,rh_lighter,13,10000,5,10,-6.766770619175643
META,hyperliquid,xyz:META,rh_lighter,13,100000,5,5,-12.517165195911046
META,hyperliquid,xyz:META,rh_lighter,13,100000,5,10,-13.345180326183382
GOOGL,hyperliquid,xyz:GOOGL,rh_lighter,12,1000,5,5,-5.192670156041882
GOOGL,hyperliquid,xyz:GOOGL,rh_lighter,12,1000,5,10,-3.7462860209375357
GOOGL,hyperliquid,xyz:GOOGL,rh_lighter,12,10000,5,5,-6.740260598032101
GOOGL,hyperliquid,xyz:GOOGL,rh_lighter,12,10000,5,10,-5.955340736180622
GOOGL,hyperliquid,xyz:GOOGL,rh_lighter,12,100000,5,5,-15.422201473915234
GOOGL,hyperliquid,xyz:GOOGL,rh_lighter,12,100000,5,10,-15.112192223267202
AMZN,hyperliquid,xyz:AMZN,rh_lighter,11,1000,5,5,-4.515563329269492
AMZN,hyperliquid,xyz:AMZN,rh_lighter,11,1000,5,10,-5.278026614050188
AMZN,hyperliquid,xyz:AMZN,rh_lighter,11,10000,5,5,-8.048401477831908
AMZN,hyperliquid,xyz:AMZN,rh_lighter,11,10000,5,10,-7.54626761696462
MSFT,hyperliquid,xyz:MSFT,rh_lighter,14,1000,5,5,-6.492694651145527
MSFT,hyperliquid,xyz:MSFT,rh_lighter,14,1000,5,10,-7.123711970347031
MSFT,hyperliquid,xyz:MSFT,rh_lighter,14,10000,5,5,-7.210158941132144
MSFT,hyperliquid,xyz:MSFT,rh_lighter,14,10000,5,10,-7.868676906879668
COIN,hyperliquid,xyz:COIN,rh_lighter,23,1000,5,5,-5.4178257141152635
COIN,hyperliquid,xyz:COIN,rh_lighter,23,1000,5,10,-5.162528393872167
COIN,hyperliquid,xyz:COIN,rh_lighter,23,10000,5,5,-8.406576420673675
COIN,hyperliquid,xyz:COIN,rh_lighter,23,10000,5,10,-9.12020829074812
PLTR,hyperliquid,xyz:PLTR,rh_lighter,34,1000,5,5,-9.876115808278806
PLTR,hyperliquid,xyz:PLTR,rh_lighter,34,1000,5,10,-10.121315842871109
PLTR,hyperliquid,xyz:PLTR,rh_lighter,34,10000,5,5,-12.276917872998528
PLTR,hyperliquid,xyz:PLTR,rh_lighter,34,10000,5,10,-13.007252205559224
MU,hyperliquid,xyz:MU,rh_lighter,31,1000,5,5,-5.836475905768228
MU,hyperliquid,xyz:MU,rh_lighter,31,1000,5,10,-6.884281712528987
MU,hyperliquid,xyz:MU,rh_lighter,31,10000,5,5,-6.721661232604393
MU,hyperliquid,xyz:MU,rh_lighter,31,10000,5,10,-7.698867756367664
SNDK,hyperliquid,xyz:SNDK,rh_lighter,32,1000,5,5,-5.613808431906341
SNDK,hyperliquid,xyz:SNDK,rh_lighter,32,1000,5,10,-6.435568700591169
SNDK,hyperliquid,xyz:SNDK,rh_lighter,32,10000,5,5,-6.367236238228287
SNDK,hyperliquid,xyz:SNDK,rh_lighter,32,10000,5,10,-6.945994346903797
SNDK,hyperliquid,xyz:SNDK,rh_lighter,32,100000,5,5,-12.221298929017376
SNDK,hyperliquid,xyz:SNDK,rh_lighter,32,100000,5,10,-12.259379952835406
ZEC,hyperliquid,ZEC,rh_lighter,4,1000,6,5,-12.293474854137866
ZEC,hyperliquid,ZEC,rh_lighter,4,1000,6,10,-17.227042046384316
XAG,hyperliquid,xyz:SILVER,rh_lighter,41,1000,6,5,-5.430162008543894
XAG,hyperliquid,xyz:SILVER,rh_lighter,41,1000,6,10,-6.63025863397111
XAG,hyperliquid,xyz:SILVER,rh_lighter,41,10000,6,5,-6.703162996059554
XAG,hyperliquid,xyz:SILVER,rh_lighter,41,10000,6,10,-7.208241922508716
XAG,hyperliquid,xyz:SILVER,rh_lighter,41,100000,6,5,-9.233287809683247
XAG,hyperliquid,xyz:SILVER,rh_lighter,41,100000,6,10,-9.651122522976129
NVDA,hyperliquid,xyz:NVDA,rh_lighter,15,1000,6,5,-4.210865275766067
NVDA,hyperliquid,xyz:NVDA,rh_lighter,15,1000,6,10,-5.74436703036746
NVDA,hyperliquid,xyz:NVDA,rh_lighter,15,10000,6,5,-4.801902805892607
NVDA,hyperliquid,xyz:NVDA,rh_lighter,15,10000,6,10,-6.398776129917411
NVDA,hyperliquid,xyz:NVDA,rh_lighter,15,100000,6,5,-10.069015902584162
NVDA,hyperliquid,xyz:NVDA,rh_lighter,15,100000,6,10,-10.535151002363945
AAPL,hyperliquid,xyz:AAPL,rh_lighter,10,1000,6,5,-3.5776964560849924
AAPL,hyperliquid,xyz:AAPL,rh_lighter,10,1000,6,10,-3.8744370036741085
AAPL,hyperliquid,xyz:AAPL,rh_lighter,10,10000,6,5,-5.252266850148388
AAPL,hyperliquid,xyz:AAPL,rh_lighter,10,10000,6,10,-5.069497258637998
AAPL,hyperliquid,xyz:AAPL,rh_lighter,10,100000,6,5,-13.23041180949225
AAPL,hyperliquid,xyz:AAPL,rh_lighter,10,100000,6,10,-13.09033804285012
TSLA,hyperliquid,xyz:TSLA,rh_lighter,16,1000,6,5,-5.4449241638393255
TSLA,hyperliquid,xyz:TSLA,rh_lighter,16,1000,6,10,-4.964849866732163
TSLA,hyperliquid,xyz:TSLA,rh_lighter,16,10000,6,5,-6.756821888216968
TSLA,hyperliquid,xyz:TSLA,rh_lighter,16,10000,6,10,-5.8670201135087146
META,hyperliquid,xyz:META,rh_lighter,13,1000,6,5,-5.567297535342113
META,hyperliquid,xyz:META,rh_lighter,13,1000,6,10,-6.094746588983811
META,hyperliquid,xyz:META,rh_lighter,13,10000,6,5,-6.797085626348267
META,hyperliquid,xyz:META,rh_lighter,13,10000,6,10,-7.273376236225848
META,hyperliquid,xyz:META,rh_lighter,13,100000,6,5,-12.56483426823278
META,hyperliquid,xyz:META,rh_lighter,13,100000,6,10,-12.799657928881938
GOOGL,hyperliquid,xyz:GOOGL,rh_lighter,12,1000,6,5,-4.372966020484501
GOOGL,hyperliquid,xyz:GOOGL,rh_lighter,12,1000,6,10,-3.8040590730251522
GOOGL,hyperliquid,xyz:GOOGL,rh_lighter,12,10000,6,5,-5.595461485032279
GOOGL,hyperliquid,xyz:GOOGL,rh_lighter,12,10000,6,10,-5.977571565553101
GOOGL,hyperliquid,xyz:GOOGL,rh_lighter,12,100000,6,5,-14.74455818192071
GOOGL,hyperliquid,xyz:GOOGL,rh_lighter,12,100000,6,10,-14.790061964206874
AMZN,hyperliquid,xyz:AMZN,rh_lighter,11,1000,6,5,-3.3663130694330614
AMZN,hyperliquid,xyz:AMZN,rh_lighter,11,1000,6,10,-4.211167981928238
AMZN,hyperliquid,xyz:AMZN,rh_lighter,11,10000,6,5,-6.355479895552091
AMZN,hyperliquid,xyz:AMZN,rh_lighter,11,10000,6,10,-6.772365341164591
MSFT,hyperliquid,xyz:MSFT,rh_lighter,14,1000,6,5,-6.714970626143398
MSFT,hyperliquid,xyz:MSFT,rh_lighter,14,1000,6,10,-6.335075024154144
MSFT,hyperliquid,xyz:MSFT,rh_lighter,14,10000,6,5,-7.290590247575884
MSFT,hyperliquid,xyz:MSFT,rh_lighter,14,10000,6,10,-7.160728606225437
COIN,hyperliquid,xyz:COIN,rh_lighter,23,1000,6,5,-3.8916954113104376
COIN,hyperliquid,xyz:COIN,rh_lighter,23,1000,6,10,-6.50592662276654
COIN,hyperliquid,xyz:COIN,rh_lighter,23,10000,6,5,-6.861310394130424
COIN,hyperliquid,xyz:COIN,rh_lighter,23,10000,6,10,-8.208308278023296
PLTR,hyperliquid,xyz:PLTR,rh_lighter,34,1000,6,5,-10.989980005935585
PLTR,hyperliquid,xyz:PLTR,rh_lighter,34,1000,6,10,-10.211692368173509
MU,hyperliquid,xyz:MU,rh_lighter,31,1000,6,5,-6.4646168491198015
MU,hyperliquid,xyz:MU,rh_lighter,31,1000,6,10,-6.180066634934479
MU,hyperliquid,xyz:MU,rh_lighter,31,10000,6,5,-7.867401075215126
MU,hyperliquid,xyz:MU,rh_lighter,31,10000,6,10,-6.957006326225166
SNDK,hyperliquid,xyz:SNDK,rh_lighter,32,1000,6,5,-5.629611736287804
SNDK,hyperliquid,xyz:SNDK,rh_lighter,32,1000,6,10,-2.6849761385740782
SNDK,hyperliquid,xyz:SNDK,rh_lighter,32,10000,6,5,-6.191601995735654
SNDK,hyperliquid,xyz:SNDK,rh_lighter,32,10000,6,10,-3.7590867111743327
SNDK,hyperliquid,xyz:SNDK,rh_lighter,32,100000,6,5,-12.594784139113717
SNDK,hyperliquid,xyz:SNDK,rh_lighter,32,100000,6,10,-11.02480752328348
XAG,hyperliquid,xyz:SILVER,rh_lighter,41,1000,7,5,-6.213980015467861
XAG,hyperliquid,xyz:SILVER,rh_lighter,41,1000,7,10,-5.583838802837495
XAG,hyperliquid,xyz:SILVER,rh_lighter,41,10000,7,5,-6.556313471824579
XAG,hyperliquid,xyz:SILVER,rh_lighter,41,10000,7,10,-5.94446809443976
XAG,hyperliquid,xyz:SILVER,rh_lighter,41,100000,7,5,-9.63619528351352
XAG,hyperliquid,xyz:SILVER,rh_lighter,41,100000,7,10,-9.05485455698848
NVDA,hyperliquid,xyz:NVDA,rh_lighter,15,1000,7,5,-4.429051478642301
NVDA,hyperliquid,xyz:NVDA,rh_lighter,15,1000,7,10,-4.429445783132991
NVDA,hyperliquid,xyz:NVDA,rh_lighter,15,10000,7,5,-5.183142878792002
NVDA,hyperliquid,xyz:NVDA,rh_lighter,15,10000,7,10,-4.950268791905409
NVDA,hyperliquid,xyz:NVDA,rh_lighter,15,100000,7,5,-10.082002498089198
NVDA,hyperliquid,xyz:NVDA,rh_lighter,15,100000,7,10,-10.346135431475243
AAPL,hyperliquid,xyz:AAPL,rh_lighter,10,1000,7,5,-2.389117368317188
AAPL,hyperliquid,xyz:AAPL,rh_lighter,10,1000,7,10,-3.5748600188635025
AAPL,hyperliquid,xyz:AAPL,rh_lighter,10,10000,7,5,-4.314069493612305
AAPL,hyperliquid,xyz:AAPL,rh_lighter,10,10000,7,10,-5.420056173456066
AAPL,hyperliquid,xyz:AAPL,rh_lighter,10,100000,7,5,-12.651889079421585
AAPL,hyperliquid,xyz:AAPL,rh_lighter,10,100000,7,10,-13.425038044262129
TSLA,hyperliquid,xyz:TSLA,rh_lighter,16,1000,7,5,-4.603512263488813
TSLA,hyperliquid,xyz:TSLA,rh_lighter,16,1000,7,10,-4.559491861884118
TSLA,hyperliquid,xyz:TSLA,rh_lighter,16,10000,7,5,-6.439948844772654
TSLA,hyperliquid,xyz:TSLA,rh_lighter,16,10000,7,10,-5.838366528684469
META,hyperliquid,xyz:META,rh_lighter,13,1000,7,5,-4.295854553627147
META,hyperliquid,xyz:META,rh_lighter,13,1000,7,10,-5.095325627873993
META,hyperliquid,xyz:META,rh_lighter,13,10000,7,5,-5.30413311227302
META,hyperliquid,xyz:META,rh_lighter,13,10000,7,10,-6.263244084332585
META,hyperliquid,xyz:META,rh_lighter,13,100000,7,5,-12.143814458004455
META,hyperliquid,xyz:META,rh_lighter,13,100000,7,10,-13.169320437343202
GOOGL,hyperliquid,xyz:GOOGL,rh_lighter,12,1000,7,5,-4.143143674492528
GOOGL,hyperliquid,xyz:GOOGL,rh_lighter,12,1000,7,10,-4.755598089083409
GOOGL,hyperliquid,xyz:GOOGL,rh_lighter,12,10000,7,5,-6.0419136872320225
GOOGL,hyperliquid,xyz:GOOGL,rh_lighter,12,10000,7,10,-6.3788255938343905
GOOGL,hyperliquid,xyz:GOOGL,rh_lighter,12,100000,7,5,-14.53246699666335
GOOGL,hyperliquid,xyz:GOOGL,rh_lighter,12,100000,7,10,-14.42125406430667
AMZN,hyperliquid,xyz:AMZN,rh_lighter,11,1000,7,5,-4.238914634146875
AMZN,hyperliquid,xyz:AMZN,rh_lighter,11,1000,7,10,-3.4259065040661536
AMZN,hyperliquid,xyz:AMZN,rh_lighter,11,10000,7,5,-6.403531566147705
AMZN,hyperliquid,xyz:AMZN,rh_lighter,11,10000,7,10,-6.677462099628282
MSFT,hyperliquid,xyz:MSFT,rh_lighter,14,1000,7,5,-6.8882146388841345
MSFT,hyperliquid,xyz:MSFT,rh_lighter,14,1000,7,10,-6.290386319914973
MSFT,hyperliquid,xyz:MSFT,rh_lighter,14,10000,7,5,-8.97336777524452
MSFT,hyperliquid,xyz:MSFT,rh_lighter,14,10000,7,10,-7.721369507078055
MSFT,hyperliquid,xyz:MSFT,rh_lighter,14,100000,7,5,-15.715057409459156
MSFT,hyperliquid,xyz:MSFT,rh_lighter,14,100000,7,10,-14.87139347664432
COIN,hyperliquid,xyz:COIN,rh_lighter,23,1000,7,5,-8.550478217727443
COIN,hyperliquid,xyz:COIN,rh_lighter,23,1000,7,10,-6.462469215184538
PLTR,hyperliquid,xyz:PLTR,rh_lighter,34,1000,7,5,-9.572024283503069
PLTR,hyperliquid,xyz:PLTR,rh_lighter,34,1000,7,10,-10.297916777862795
PLTR,hyperliquid,xyz:PLTR,rh_lighter,34,10000,7,5,-13.147305566868418
PLTR,hyperliquid,xyz:PLTR,rh_lighter,34,10000,7,10,-14.113102691309804
MU,hyperliquid,xyz:MU,rh_lighter,31,1000,7,5,-5.168628895818595
MU,hyperliquid,xyz:MU,rh_lighter,31,1000,7,10,-4.5980865551919745
MU,hyperliquid,xyz:MU,rh_lighter,31,10000,7,5,-6.612554531153094
MU,hyperliquid,xyz:MU,rh_lighter,31,10000,7,10,-5.651847297029404
SNDK,hyperliquid,xyz:SNDK,rh_lighter,32,1000,7,5,-7.099258081611622
SNDK,hyperliquid,xyz:SNDK,rh_lighter,32,1000,7,10,-2.3979206497422423
SNDK,hyperliquid,xyz:SNDK,rh_lighter,32,10000,7,5,-7.243006969565489
SNDK,hyperliquid,xyz:SNDK,rh_lighter,32,10000,7,10,-4.126946034708836
SNDK,hyperliquid,xyz:SNDK,rh_lighter,32,100000,7,5,-12.87416277001191
SNDK,hyperliquid,xyz:SNDK,rh_lighter,32,100000,7,10,-11.142141266010977
XRP,rh_lighter,6,hyperliquid,XRP,1000,7,5,-10.934781566629951
XRP,rh_lighter,6,hyperliquid,XRP,1000,7,10,-10.265533183008802
XAG,hyperliquid,xyz:SILVER,rh_lighter,41,1000,8,5,-6.588658002015428
XAG,hyperliquid,xyz:SILVER,rh_lighter,41,1000,8,10,-5.934226146189319
XAG,hyperliquid,xyz:SILVER,rh_lighter,41,10000,8,5,-7.116549505463346
XAG,hyperliquid,xyz:SILVER,rh_lighter,41,10000,8,10,-6.226703205485797
XAG,hyperliquid,xyz:SILVER,rh_lighter,41,100000,8,5,-9.568172692816763
XAG,hyperliquid,xyz:SILVER,rh_lighter,41,100000,8,10,-9.186865884640145
NVDA,hyperliquid,xyz:NVDA,rh_lighter,15,1000,8,5,-6.181363357575464
NVDA,hyperliquid,xyz:NVDA,rh_lighter,15,1000,8,10,-6.181678787347392
NVDA,hyperliquid,xyz:NVDA,rh_lighter,15,10000,8,5,-6.307886464323938
NVDA,hyperliquid,xyz:NVDA,rh_lighter,15,10000,8,10,-6.308201894095185
NVDA,hyperliquid,xyz:NVDA,rh_lighter,15,100000,8,5,-11.032946415091294
NVDA,hyperliquid,xyz:NVDA,rh_lighter,15,100000,8,10,-11.529339391054496
AAPL,hyperliquid,xyz:AAPL,rh_lighter,10,1000,8,5,-2.6891799780694474
AAPL,hyperliquid,xyz:AAPL,rh_lighter,10,1000,8,10,-4.467539934208341
AAPL,hyperliquid,xyz:AAPL,rh_lighter,10,10000,8,5,-3.4071467746280124
AAPL,hyperliquid,xyz:AAPL,rh_lighter,10,10000,8,10,-5.699716655961696
AAPL,hyperliquid,xyz:AAPL,rh_lighter,10,100000,8,5,-12.289404860373496
AAPL,hyperliquid,xyz:AAPL,rh_lighter,10,100000,8,10,-13.916169182001648
TSLA,hyperliquid,xyz:TSLA,rh_lighter,16,1000,8,5,-5.724280389024635
TSLA,hyperliquid,xyz:TSLA,rh_lighter,16,1000,8,10,-5.444153943724431
TSLA,hyperliquid,xyz:TSLA,rh_lighter,16,10000,8,5,-7.258778106928268
TSLA,hyperliquid,xyz:TSLA,rh_lighter,16,10000,8,10,-6.84623376907945
META,hyperliquid,xyz:META,rh_lighter,13,1000,8,5,-6.104269921529321
META,hyperliquid,xyz:META,rh_lighter,13,1000,8,10,-4.42654159240653
META,hyperliquid,xyz:META,rh_lighter,13,10000,8,5,-7.858752813391036
META,hyperliquid,xyz:META,rh_lighter,13,10000,8,10,-5.9862622027056025
META,hyperliquid,xyz:META,rh_lighter,13,100000,8,5,-14.2260791277385
META,hyperliquid,xyz:META,rh_lighter,13,100000,8,10,-13.418583112771353
GOOGL,hyperliquid,xyz:GOOGL,rh_lighter,12,1000,8,5,-3.5544859047817168
GOOGL,hyperliquid,xyz:GOOGL,rh_lighter,12,1000,8,10,-4.022628493596779
GOOGL,hyperliquid,xyz:GOOGL,rh_lighter,12,10000,8,5,-5.200937455460812
GOOGL,hyperliquid,xyz:GOOGL,rh_lighter,12,10000,8,10,-6.130201603471231
GOOGL,hyperliquid,xyz:GOOGL,rh_lighter,12,100000,8,5,-14.613367712375657
GOOGL,hyperliquid,xyz:GOOGL,rh_lighter,12,100000,8,10,-15.15532417432247
AMZN,hyperliquid,xyz:AMZN,rh_lighter,11,1000,8,5,-2.9905984090002056
AMZN,hyperliquid,xyz:AMZN,rh_lighter,11,1000,8,10,-3.88610740998163
AMZN,hyperliquid,xyz:AMZN,rh_lighter,11,10000,8,5,-6.370641645046076
AMZN,hyperliquid,xyz:AMZN,rh_lighter,11,10000,8,10,-6.41493260114305
MSFT,hyperliquid,xyz:MSFT,rh_lighter,14,1000,8,5,-6.137503943216718
MSFT,hyperliquid,xyz:MSFT,rh_lighter,14,1000,8,10,-5.381885737314727
MSFT,hyperliquid,xyz:MSFT,rh_lighter,14,10000,8,5,-6.524009674764352
MSFT,hyperliquid,xyz:MSFT,rh_lighter,14,10000,8,10,-6.074005847145269
AMD,hyperliquid,xyz:AMD,rh_lighter,29,1000,8,5,-5.833398388234249
AMD,hyperliquid,xyz:AMD,rh_lighter,29,1000,8,10,-7.989592587160717
COIN,hyperliquid,xyz:COIN,rh_lighter,23,1000,8,5,-9.109213823344477
COIN,hyperliquid,xyz:COIN,rh_lighter,23,1000,8,10,-6.499394445603012
COIN,hyperliquid,xyz:COIN,rh_lighter,23,10000,8,5,-10.293750724582246
COIN,hyperliquid,xyz:COIN,rh_lighter,23,10000,8,10,-8.12454629859322
PLTR,hyperliquid,xyz:PLTR,rh_lighter,34,1000,8,5,-9.354833553274682
PLTR,hyperliquid,xyz:PLTR,rh_lighter,34,1000,8,10,-8.734166102071544
PLTR,hyperliquid,xyz:PLTR,rh_lighter,34,10000,8,5,-12.519752888793484
PLTR,hyperliquid,xyz:PLTR,rh_lighter,34,10000,8,10,-12.609639909488138
MU,hyperliquid,xyz:MU,rh_lighter,31,1000,8,5,-3.419981983654606
MU,hyperliquid,xyz:MU,rh_lighter,31,1000,8,10,-4.467279131760734
MU,hyperliquid,xyz:MU,rh_lighter,31,10000,8,5,-5.854418338227103
MU,hyperliquid,xyz:MU,rh_lighter,31,10000,8,10,-6.389505982352838
SNDK,hyperliquid,xyz:SNDK,rh_lighter,32,1000,8,5,-3.745766307228197
SNDK,hyperliquid,xyz:SNDK,rh_lighter,32,1000,8,10,-3.0388898709553054
SNDK,hyperliquid,xyz:SNDK,rh_lighter,32,10000,8,5,-5.9341739122599195
SNDK,hyperliquid,xyz:SNDK,rh_lighter,32,10000,8,10,-4.502621066143469
SNDK,hyperliquid,xyz:SNDK,rh_lighter,32,100000,8,5,-12.25123813877753
SNDK,hyperliquid,xyz:SNDK,rh_lighter,32,100000,8,10,-11.17883381239801
XRP,rh_lighter,6,hyperliquid,XRP,1000,8,5,-11.486697597083568
XRP,rh_lighter,6,hyperliquid,XRP,1000,8,10,-10.765818995355568
XRP,rh_lighter,6,hyperliquid,XRP,10000,8,5,-11.981248023635958
XRP,rh_lighter,6,hyperliquid,XRP,10000,8,10,-11.385132598502237
ZEC,hyperliquid,ZEC,rh_lighter,4,1000,9,5,-12.949123631804643
ZEC,hyperliquid,ZEC,rh_lighter,4,1000,9,10,-13.929631370847245
XAG,hyperliquid,xyz:SILVER,rh_lighter,41,1000,9,5,-5.69477086049623
XAG,hyperliquid,xyz:SILVER,rh_lighter,41,1000,9,10,-5.883471771163305
XAG,hyperliquid,xyz:SILVER,rh_lighter,41,10000,9,5,-6.285190103317488
XAG,hyperliquid,xyz:SILVER,rh_lighter,41,10000,9,10,-6.4048152677717605
XAG,hyperliquid,xyz:SILVER,rh_lighter,41,100000,9,5,-8.849411697782605
XAG,hyperliquid,xyz:SILVER,rh_lighter,41,100000,9,10,-8.858890757841294
NVDA,hyperliquid,xyz:NVDA,rh_lighter,15,1000,9,5,-5.305844464920199
NVDA,hyperliquid,xyz:NVDA,rh_lighter,15,1000,9,10,-4.867925685740092
NVDA,hyperliquid,xyz:NVDA,rh_lighter,15,10000,9,5,-5.7080051719587805
NVDA,hyperliquid,xyz:NVDA,rh_lighter,15,10000,9,10,-4.875847571698853
NVDA,hyperliquid,xyz:NVDA,rh_lighter,15,100000,9,5,-10.201111728237704
NVDA,hyperliquid,xyz:NVDA,rh_lighter,15,100000,9,10,-10.36517912698661
AAPL,hyperliquid,xyz:AAPL,rh_lighter,10,1000,9,5,-3.130390322240092
AAPL,hyperliquid,xyz:AAPL,rh_lighter,10,1000,9,10,-4.171463291739321
AAPL,hyperliquid,xyz:AAPL,rh_lighter,10,10000,9,5,-5.685215242194143
AAPL,hyperliquid,xyz:AAPL,rh_lighter,10,10000,9,10,-5.588514659365993
AAPL,hyperliquid,xyz:AAPL,rh_lighter,10,100000,9,5,-14.779932405786813
AAPL,hyperliquid,xyz:AAPL,rh_lighter,10,100000,9,10,-13.771766489828599
TSLA,hyperliquid,xyz:TSLA,rh_lighter,16,1000,9,5,-5.443775224214694
TSLA,hyperliquid,xyz:TSLA,rh_lighter,16,1000,9,10,-4.615945156886913
TSLA,hyperliquid,xyz:TSLA,rh_lighter,16,10000,9,5,-7.0199837629016155
TSLA,hyperliquid,xyz:TSLA,rh_lighter,16,10000,9,10,-6.176887948529286
META,hyperliquid,xyz:META,rh_lighter,13,1000,9,5,-4.412880191574367
META,hyperliquid,xyz:META,rh_lighter,13,1000,9,10,-4.505956722459662
META,hyperliquid,xyz:META,rh_lighter,13,10000,9,5,-5.935642035421657
META,hyperliquid,xyz:META,rh_lighter,13,10000,9,10,-5.760611581092938
META,hyperliquid,xyz:META,rh_lighter,13,100000,9,5,-12.635486466374445
META,hyperliquid,xyz:META,rh_lighter,13,100000,9,10,-12.653165902156207
GOOGL,hyperliquid,xyz:GOOGL,rh_lighter,12,1000,9,5,-4.2723003791622505
GOOGL,hyperliquid,xyz:GOOGL,rh_lighter,12,1000,9,10,-4.903535847346209
GOOGL,hyperliquid,xyz:GOOGL,rh_lighter,12,10000,9,5,-5.961585399286382
GOOGL,hyperliquid,xyz:GOOGL,rh_lighter,12,10000,9,10,-6.308756077391179
GOOGL,hyperliquid,xyz:GOOGL,rh_lighter,12,100000,9,5,-15.105411702557191
GOOGL,hyperliquid,xyz:GOOGL,rh_lighter,12,100000,9,10,-15.084851047362237
AMZN,hyperliquid,xyz:AMZN,rh_lighter,11,1000,9,5,-1.8666971977995144
AMZN,hyperliquid,xyz:AMZN,rh_lighter,11,1000,9,10,-3.453115959035904
AMZN,hyperliquid,xyz:AMZN,rh_lighter,11,10000,9,5,-5.139923766028374
AMZN,hyperliquid,xyz:AMZN,rh_lighter,11,10000,9,10,-5.660095687478841
MSFT,hyperliquid,xyz:MSFT,rh_lighter,14,1000,9,5,-5.1517478656910916
MSFT,hyperliquid,xyz:MSFT,rh_lighter,14,1000,9,10,-3.5351025795481807
MSFT,hyperliquid,xyz:MSFT,rh_lighter,14,10000,9,5,-6.2216311810339056
MSFT,hyperliquid,xyz:MSFT,rh_lighter,14,10000,9,10,-5.353527024128812
COIN,hyperliquid,xyz:COIN,rh_lighter,23,1000,9,5,-4.912490941511719
COIN,hyperliquid,xyz:COIN,rh_lighter,23,1000,9,10,-5.454727225266641
COIN,hyperliquid,xyz:COIN,rh_lighter,23,10000,9,5,-7.262440851109211
COIN,hyperliquid,xyz:COIN,rh_lighter,23,10000,9,10,-7.180498638553299
PLTR,hyperliquid,xyz:PLTR,rh_lighter,34,1000,9,5,-8.70383371918273
PLTR,hyperliquid,xyz:PLTR,rh_lighter,34,1000,9,10,-9.86525365814103
PLTR,hyperliquid,xyz:PLTR,rh_lighter,34,10000,9,5,-11.177832459638042
PLTR,hyperliquid,xyz:PLTR,rh_lighter,34,10000,9,10,-11.942684368001716
MU,hyperliquid,xyz:MU,rh_lighter,31,1000,9,5,-6.58212863461309
MU,hyperliquid,xyz:MU,rh_lighter,31,1000,9,10,-5.4402950978532045
MU,hyperliquid,xyz:MU,rh_lighter,31,10000,9,5,-7.514447617807716
MU,hyperliquid,xyz:MU,rh_lighter,31,10000,9,10,-6.477652308089101
SNDK,hyperliquid,xyz:SNDK,rh_lighter,32,1000,9,5,-4.490246107865969
SNDK,hyperliquid,xyz:SNDK,rh_lighter,32,1000,9,10,-5.471907997004076
SNDK,hyperliquid,xyz:SNDK,rh_lighter,32,10000,9,5,-5.191155854248514
SNDK,hyperliquid,xyz:SNDK,rh_lighter,32,10000,9,10,-6.1708884684716745
SNDK,hyperliquid,xyz:SNDK,rh_lighter,32,100000,9,5,-11.082710198012812
SNDK,hyperliquid,xyz:SNDK,rh_lighter,32,100000,9,10,-11.509420346053746
XAG,hyperliquid,xyz:SILVER,rh_lighter,41,1000,10,5,-6.572127598780943
XAG,hyperliquid,xyz:SILVER,rh_lighter,41,10000,10,5,-6.956688643414929
XAG,hyperliquid,xyz:SILVER,rh_lighter,41,100000,10,5,-9.67397155245734
NVDA,hyperliquid,xyz:NVDA,rh_lighter,15,1000,10,5,-6.18005430973946
NVDA,hyperliquid,xyz:NVDA,rh_lighter,15,10000,10,5,-6.242488337960451
NVDA,hyperliquid,xyz:NVDA,rh_lighter,15,100000,10,5,-10.630028817774564
AAPL,hyperliquid,xyz:AAPL,rh_lighter,10,1000,10,5,-3.8751192772832215
AAPL,hyperliquid,xyz:AAPL,rh_lighter,10,10000,10,5,-4.879708478981052
AAPL,hyperliquid,xyz:AAPL,rh_lighter,10,100000,10,5,-13.343011807095301
TSLA,hyperliquid,xyz:TSLA,rh_lighter,16,1000,10,5,-5.3633662986058885
TSLA,hyperliquid,xyz:TSLA,rh_lighter,16,10000,10,5,-6.336994641770216
META,hyperliquid,xyz:META,rh_lighter,13,1000,10,5,-5.256878761857716
META,hyperliquid,xyz:META,rh_lighter,13,10000,10,5,-7.048724507042232
META,hyperliquid,xyz:META,rh_lighter,13,100000,10,5,-13.851073862951923
GOOGL,hyperliquid,xyz:GOOGL,rh_lighter,12,1000,10,5,-2.989262061903335
GOOGL,hyperliquid,xyz:GOOGL,rh_lighter,12,10000,10,5,-5.509207384128934
GOOGL,hyperliquid,xyz:GOOGL,rh_lighter,12,100000,10,5,-14.849356430609273
AMZN,hyperliquid,xyz:AMZN,rh_lighter,11,1000,10,5,-5.376106592065007
AMZN,hyperliquid,xyz:AMZN,rh_lighter,11,10000,10,5,-7.333328384620147
MSFT,hyperliquid,xyz:MSFT,rh_lighter,14,1000,10,5,-5.940577309831838
MSFT,hyperliquid,xyz:MSFT,rh_lighter,14,10000,10,5,-7.1204977414186885
COIN,hyperliquid,xyz:COIN,rh_lighter,23,1000,10,5,-6.729511873265414
PLTR,hyperliquid,xyz:PLTR,rh_lighter,34,1000,10,5,-9.509992090771084
PLTR,hyperliquid,xyz:PLTR,rh_lighter,34,10000,10,5,-11.700501706826893
MU,hyperliquid,xyz:MU,rh_lighter,31,1000,10,5,-7.224005708848385
SNDK,hyperliquid,xyz:SNDK,rh_lighter,32,1000,10,5,-6.725332306476646
SNDK,hyperliquid,xyz:SNDK,rh_lighter,32,10000,10,5,-7.239979623500878
XAG,hyperliquid,xyz:SILVER,rh_lighter,41,1000,11,5,-6.276093570333869
XAG,hyperliquid,xyz:SILVER,rh_lighter,41,10000,11,5,-6.716879474911283
XAG,hyperliquid,xyz:SILVER,rh_lighter,41,100000,11,5,-9.361559150531313
NVDA,hyperliquid,xyz:NVDA,rh_lighter,15,1000,11,5,-6.119443581502819
NVDA,hyperliquid,xyz:NVDA,rh_lighter,15,10000,11,5,-6.913763017386331
NVDA,hyperliquid,xyz:NVDA,rh_lighter,15,100000,11,5,-10.604073948377913
AAPL,hyperliquid,xyz:AAPL,rh_lighter,10,1000,11,5,-5.06030880478999
AAPL,hyperliquid,xyz:AAPL,rh_lighter,10,10000,11,5,-5.708428087555164
AAPL,hyperliquid,xyz:AAPL,rh_lighter,10,100000,11,5,-13.692273412603951
TSLA,hyperliquid,xyz:TSLA,rh_lighter,16,1000,11,5,-4.682832184016922
TSLA,hyperliquid,xyz:TSLA,rh_lighter,16,10000,11,5,-5.965343215610569
META,hyperliquid,xyz:META,rh_lighter,13,1000,11,5,-4.945199480481481
META,hyperliquid,xyz:META,rh_lighter,13,10000,11,5,-6.296837459928062
META,hyperliquid,xyz:META,rh_lighter,13,100000,11,5,-12.689239300341514
GOOGL,hyperliquid,xyz:GOOGL,rh_lighter,12,1000,11,5,-4.155934179194617
GOOGL,hyperliquid,xyz:GOOGL,rh_lighter,12,10000,11,5,-6.594849959767994
GOOGL,hyperliquid,xyz:GOOGL,rh_lighter,12,100000,11,5,-15.426563771680105
AMZN,hyperliquid,xyz:AMZN,rh_lighter,11,1000,11,5,-5.375590881030951
AMZN,hyperliquid,xyz:AMZN,rh_lighter,11,10000,11,5,-7.1669350072243
MSFT,hyperliquid,xyz:MSFT,rh_lighter,14,1000,11,5,-5.152039749986082
MSFT,hyperliquid,xyz:MSFT,rh_lighter,14,10000,11,5,-6.225571530395974
COIN,hyperliquid,xyz:COIN,rh_lighter,23,1000,11,5,-8.053250990738807
PLTR,hyperliquid,xyz:PLTR,rh_lighter,34,1000,11,5,-9.170739435964446
PLTR,hyperliquid,xyz:PLTR,rh_lighter,34,10000,11,5,-13.031962646688108
MU,hyperliquid,xyz:MU,rh_lighter,31,1000,11,5,-5.45528070946387
MU,hyperliquid,xyz:MU,rh_lighter,31,10000,11,5,-6.263383171570617
SNDK,hyperliquid,xyz:SNDK,rh_lighter,32,1000,11,5,-2.5081300813023355
SNDK,hyperliquid,xyz:SNDK,rh_lighter,32,10000,11,5,-3.392051570867285
SNDK,hyperliquid,xyz:SNDK,rh_lighter,32,100000,11,5,-11.080539244138482
XRP,rh_lighter,6,hyperliquid,XRP,1000,11,5,-11.705781793709951
XRP,rh_lighter,6,hyperliquid,XRP,10000,11,5,-12.235469142675592
XAG,hyperliquid,xyz:SILVER,rh_lighter,41,1000,12,5,-4.694291858766385
XAG,hyperliquid,xyz:SILVER,rh_lighter,41,10000,12,5,-4.941512513994197
XAG,hyperliquid,xyz:SILVER,rh_lighter,41,100000,12,5,-8.112484743950452
NVDA,hyperliquid,xyz:NVDA,rh_lighter,15,1000,12,5,-4.865650726924201
NVDA,hyperliquid,xyz:NVDA,rh_lighter,15,10000,12,5,-5.405311434617276
NVDA,hyperliquid,xyz:NVDA,rh_lighter,15,100000,12,5,-10.602477369982607
AAPL,hyperliquid,xyz:AAPL,rh_lighter,10,1000,12,5,-6.5418504030353315
AAPL,hyperliquid,xyz:AAPL,rh_lighter,10,10000,12,5,-7.683193222605176
AAPL,hyperliquid,xyz:AAPL,rh_lighter,10,100000,12,5,-14.695556674405559
TSLA,hyperliquid,xyz:TSLA,rh_lighter,16,1000,12,5,-6.32178754184759
TSLA,hyperliquid,xyz:TSLA,rh_lighter,16,10000,12,5,-7.327437953781929
META,hyperliquid,xyz:META,rh_lighter,13,1000,12,5,-4.815546424558549
META,hyperliquid,xyz:META,rh_lighter,13,10000,12,5,-5.928003756107764
META,hyperliquid,xyz:META,rh_lighter,13,100000,12,5,-13.077315638137279
GOOGL,hyperliquid,xyz:GOOGL,rh_lighter,12,1000,12,5,-5.0444606204837825
GOOGL,hyperliquid,xyz:GOOGL,rh_lighter,12,10000,12,5,-6.75263188833769
GOOGL,hyperliquid,xyz:GOOGL,rh_lighter,12,100000,12,5,-15.047320709240342
AMZN,hyperliquid,xyz:AMZN,rh_lighter,11,1000,12,5,-5.022267058201887
AMZN,hyperliquid,xyz:AMZN,rh_lighter,11,10000,12,5,-7.758067690472511
MSFT,hyperliquid,xyz:MSFT,rh_lighter,14,1000,12,5,-5.381663162002573
MSFT,hyperliquid,xyz:MSFT,rh_lighter,14,10000,12,5,-6.301436544557286
AMD,hyperliquid,xyz:AMD,rh_lighter,29,1000,12,5,-7.159375392971427
COIN,hyperliquid,xyz:COIN,rh_lighter,23,1000,12,5,-5.972722057059205
COIN,hyperliquid,xyz:COIN,rh_lighter,23,10000,12,5,-8.67206915167352
PLTR,hyperliquid,xyz:PLTR,rh_lighter,34,1000,12,5,-10.813662484076369
PLTR,hyperliquid,xyz:PLTR,rh_lighter,34,10000,12,5,-13.996951323008272
MU,hyperliquid,xyz:MU,rh_lighter,31,1000,12,5,-5.50889121338791
SNDK,hyperliquid,xyz:SNDK,rh_lighter,32,1000,12,5,-3.074346046218485
SNDK,hyperliquid,xyz:SNDK,rh_lighter,32,10000,12,5,-5.7286841607686085
SNDK,hyperliquid,xyz:SNDK,rh_lighter,32,100000,12,5,-11.914105673921545
XRP,rh_lighter,6,hyperliquid,XRP,1000,12,5,-10.3531289910603
ETH,rh_lighter,0,hyperliquid,ETH,1000,13,5,-8.741702639056873
ETH,rh_lighter,0,hyperliquid,ETH,10000,13,5,-9.16685357904211
ZEC,hyperliquid,ZEC,rh_lighter,4,1000,13,5,-13.944360214665922
ZEC,hyperliquid,ZEC,rh_lighter,4,10000,13,5,-15.504798894437734
XAG,hyperliquid,xyz:SILVER,rh_lighter,41,1000,13,5,-4.74625340032931
XAG,hyperliquid,xyz:SILVER,rh_lighter,41,10000,13,5,-4.911732117257959
XAG,hyperliquid,xyz:SILVER,rh_lighter,41,100000,13,5,-8.381831972085378
NVDA,hyperliquid,xyz:NVDA,rh_lighter,15,1000,13,5,-5.303362963612672
NVDA,hyperliquid,xyz:NVDA,rh_lighter,15,10000,13,5,-5.697270203223015
NVDA,hyperliquid,xyz:NVDA,rh_lighter,15,100000,13,5,-10.150838918287954
AAPL,hyperliquid,xyz:AAPL,rh_lighter,10,1000,13,5,-6.428701434258836
AAPL,hyperliquid,xyz:AAPL,rh_lighter,10,10000,13,5,-8.129366958500444
AAPL,hyperliquid,xyz:AAPL,rh_lighter,10,100000,13,5,-14.632357454675505
TSLA,hyperliquid,xyz:TSLA,rh_lighter,16,1000,13,5,-4.881491441856146
TSLA,hyperliquid,xyz:TSLA,rh_lighter,16,10000,13,5,-6.31386694574832
META,hyperliquid,xyz:META,rh_lighter,13,1000,13,5,-4.048956369155268
META,hyperliquid,xyz:META,rh_lighter,13,10000,13,5,-6.258993767922965
META,hyperliquid,xyz:META,rh_lighter,13,100000,13,5,-14.592652338418475
GOOGL,hyperliquid,xyz:GOOGL,rh_lighter,12,1000,13,5,-5.196180394541413
GOOGL,hyperliquid,xyz:GOOGL,rh_lighter,12,10000,13,5,-7.051581057138052
GOOGL,hyperliquid,xyz:GOOGL,rh_lighter,12,100000,13,5,-15.394515043525724
AMZN,hyperliquid,xyz:AMZN,rh_lighter,11,1000,13,5,-5.45875370919677
AMZN,hyperliquid,xyz:AMZN,rh_lighter,11,10000,13,5,-6.894997615789626
MSFT,hyperliquid,xyz:MSFT,rh_lighter,14,1000,13,5,-4.126991830085315
MSFT,hyperliquid,xyz:MSFT,rh_lighter,14,10000,13,5,-5.557237556174206
MSFT,hyperliquid,xyz:MSFT,rh_lighter,14,100000,13,5,-13.536492785053346
COIN,hyperliquid,xyz:COIN,rh_lighter,23,1000,13,5,-6.493262762684097
COIN,hyperliquid,xyz:COIN,rh_lighter,23,10000,13,5,-8.035288289605639
PLTR,hyperliquid,xyz:PLTR,rh_lighter,34,1000,13,5,-9.53330544008182
PLTR,hyperliquid,xyz:PLTR,rh_lighter,34,10000,13,5,-13.721983838802803
MU,hyperliquid,xyz:MU,rh_lighter,31,1000,13,5,-6.457523049140017
MU,hyperliquid,xyz:MU,rh_lighter,31,10000,13,5,-6.988836365992538
SNDK,hyperliquid,xyz:SNDK,rh_lighter,32,1000,13,5,-4.8008649093907465
SNDK,hyperliquid,xyz:SNDK,rh_lighter,32,10000,13,5,-6.012533811757488
SNDK,hyperliquid,xyz:SNDK,rh_lighter,32,100000,13,5,-11.483236539249072
ZEC,hyperliquid,ZEC,rh_lighter,4,1000,14,5,-13.621592003854271
ZEC,hyperliquid,ZEC,rh_lighter,4,10000,14,5,-15.995921630294452
XAG,hyperliquid,xyz:SILVER,rh_lighter,41,1000,14,5,-5.686517447324892
XAG,hyperliquid,xyz:SILVER,rh_lighter,41,10000,14,5,-6.1796620418407295
XAG,hyperliquid,xyz:SILVER,rh_lighter,41,100000,14,5,-8.850707624970491
NVDA,hyperliquid,xyz:NVDA,rh_lighter,15,1000,14,5,-5.304169586543032
NVDA,hyperliquid,xyz:NVDA,rh_lighter,15,10000,14,5,-5.480155640839109
NVDA,hyperliquid,xyz:NVDA,rh_lighter,15,100000,14,5,-10.586099847758938
AAPL,hyperliquid,xyz:AAPL,rh_lighter,10,1000,14,5,-5.651174640794625
AAPL,hyperliquid,xyz:AAPL,rh_lighter,10,10000,14,5,-8.178099683848696
TSLA,hyperliquid,xyz:TSLA,rh_lighter,16,1000,14,5,-4.8945514640315695
TSLA,hyperliquid,xyz:TSLA,rh_lighter,16,10000,14,5,-6.2127460324582815
META,hyperliquid,xyz:META,rh_lighter,13,1000,14,5,-3.9864896036946837
META,hyperliquid,xyz:META,rh_lighter,13,10000,14,5,-5.11400115968831
META,hyperliquid,xyz:META,rh_lighter,13,100000,14,5,-12.799696383747987
GOOGL,hyperliquid,xyz:GOOGL,rh_lighter,12,1000,14,5,-4.724719955545426
GOOGL,hyperliquid,xyz:GOOGL,rh_lighter,12,10000,14,5,-6.274770440187314
GOOGL,hyperliquid,xyz:GOOGL,rh_lighter,12,100000,14,5,-15.026419553961963
AMZN,hyperliquid,xyz:AMZN,rh_lighter,11,1000,14,5,-5.10571307567846
AMZN,hyperliquid,xyz:AMZN,rh_lighter,11,10000,14,5,-7.414177484554547
MSFT,hyperliquid,xyz:MSFT,rh_lighter,14,1000,14,5,-3.588366052521462
MSFT,hyperliquid,xyz:MSFT,rh_lighter,14,10000,14,5,-5.661594032854573
MSFT,hyperliquid,xyz:MSFT,rh_lighter,14,100000,14,5,-14.06389832851605
COIN,hyperliquid,xyz:COIN,rh_lighter,23,1000,14,5,-7.7659676571566
PLTR,hyperliquid,xyz:PLTR,rh_lighter,34,1000,14,5,-9.029390228454611
PLTR,hyperliquid,xyz:PLTR,rh_lighter,34,10000,14,5,-12.476617295269312
MU,hyperliquid,xyz:MU,rh_lighter,31,1000,14,5,-4.97547862811447
MU,hyperliquid,xyz:MU,rh_lighter,31,10000,14,5,-6.301362460631633
SNDK,hyperliquid,xyz:SNDK,rh_lighter,32,1000,14,5,-6.733456124653265
SNDK,hyperliquid,xyz:SNDK,rh_lighter,32,10000,14,5,-7.757681141955504
SNDK,hyperliquid,xyz:SNDK,rh_lighter,32,100000,14,5,-11.999520017936408
XRP,rh_lighter,6,hyperliquid,XRP,1000,14,5,-11.017025992341667
