symbol,name,canonical_token,shares_per_token,indexed_pair_count,indexed_USDG_pair_count,top_pool,top_pool_dex,top_pool_version,top_pool_indexed_liquidity_usd,top_pool_indexed_volume_24h_usd,xyz_same_ticker,xyz_active,xyz_volume_24h_usd,source_file
CRM,Salesforce • Robinhood Token,0xd95B44124e475743a7589e68F3D74008A5536D44,1.001148322800714293,2,2,0x5d0434f1dcf45ff9450c1a63b5c9e088f90cfebf483458164e81be6fb96e2b2a,uniswap,v4,30394.39,17138.53,,,,data/raw/robinhood_all_pools_20260929T035521Z.json
P,Everpure • Robinhood Token,0x1Cdad396DB64BDa184d5182A97Dd9B3C62100b7D,1.000000000000000000,4,4,0x3ffaca631ee693b72ab83857393d3ef11915d5ce6675cbb1e30732fc5b8c9fa1,uniswap,v4,5247.95,79.08,,,,data/raw/robinhood_all_pools_20260929T035521Z.json
CIEN,Ciena • Robinhood Token,0x44f6D488021f8233B9416294d1FE9b1fEe28382d,1.000000000000000000,0,0,,,,0,0,,,,data/raw/robinhood_all_pools_20260929T035521Z.json
ON,ON Semiconductor • Robinhood Token,0xbBD09F72b025360FeE5C928053Dca6248d35be54,1.000000000000000000,3,1,0xfcE637eeAd7D62d9ED27F81D9767de03e9E534Cf,uniswap,v3,35838.8,5192.1,,,,data/raw/robinhood_all_pools_20260929T035521Z.json
APLD,Applied Digital • Robinhood Token,0xb8DBf92F9741c9ac1c32115E78581f23509916FD,1.000000000000000000,4,3,0xe82d21b94f44ccb01d6bff61535134d0ac7644c6012d53967e3da4e792ec831e,uniswap,v4,2361.03,101.85,,,,data/raw/robinhood_all_pools_20260929T035521Z.json
AEHR,Aehr • Robinhood Token,0x5F604fBA1162193A4388A5DFa56F556f3E133cC2,1.000000000000000000,0,0,,,,0,0,,,,data/raw/robinhood_all_pools_20260929T035521Z.json
TEAM,Atlassian Corporation • Robinhood Token,0x5B97476b922F3305131B8f0B9D333172E87f4aaE,1.000000000000000000,2,1,0xa11cb7c8a09b74a492f7228e240fa2c7ce2b1577790945f61089ecabff807486,uniswap,v4,1794.31,6.6,,,,data/raw/robinhood_all_pools_20260929T035521Z.json
QBTS,D-Wave Quantum Inc. Common Stock • Robinhood Token,0xC583c60aeF9Dc401Da72cEC1B404743a93cea1Cc,1.000000000000000000,0,0,,,,0,0,,,,data/raw/robinhood_all_pools_20260929T035521Z.json
SATS,EchoStar • Robinhood Token,0x95052ddcd5DC25641657424A8Cf04834997E1730,1.000000000000000000,0,0,,,,0,0,,,,data/raw/robinhood_all_pools_20260929T035521Z.json
FIX,Comfort Systems • Robinhood Token,0x93Dbb1d2Dc5D63F4abACFF30485273f538Df68Ac,1.000000000000000000,2,2,0x4fdf89b864a4b25f6b92bbd3e380a61a42c6087b485dde3249d99b6b953904ff,uniswap,v4,3165.3,712.64,,,,data/raw/robinhood_all_pools_20260929T035521Z.json
MTSI,MACOM • Robinhood Token,0xC93f4d80e268AB922e871bd169156C3CC41894e6,1.000000000000000000,0,0,,,,0,0,,,,data/raw/robinhood_all_pools_20260929T035521Z.json
SMCI,Super Micro Computer • Robinhood Token,0xc01aA1fECeC0605b13bc84874ff7256C0f5F562a,1.000000000000000000,1,1,0x85664e8E308f6a936494768C9F4dbaA7b6D299A8,ramses,v3,10762.62,96.73,,,,data/raw/robinhood_all_pools_20260929T035521Z.json
DELL,Dell • Robinhood Token,0x941AE714EC6D8130c7B75d67160Ca08f1e7d11Dd,1.000063708620124549,12,3,0xc30c89cB7815A1488b7998D15eEC73961707Fc5a,uniswap,v3,266028.39,47470.69,xyz:DELL,True,1937423.188000001,data/raw/robinhood_all_pools_20260929T035521Z.json
MXL,MaxLinear • Robinhood Token,0x48961813349333209994750ffA89b3c5C22eC969,1.000000000000000000,1,1,0x6d967ECA453181e410be4b8F8a83A3523618696E,ramses,v3,4245.16,166.86,,,,data/raw/robinhood_all_pools_20260929T035521Z.json
RUN,Sunrun • Robinhood Token,0x756Bc80af765C82da966a788858d65aDF14f3793,1.000000000000000000,5,2,0x87be5bc8f3196643f962d5d28fc9121f7c6c7b79f56d54827c76ef8c06d94020,uniswap,v4,11582.02,6529.17,,,,data/raw/robinhood_all_pools_20260929T035521Z.json
WDAY,Workday • Robinhood Token,0x82DA4646242e1D962e96e932269Dc644c94a9CaA,1.000000000000000000,2,2,0x7c0180436641abbad47b7aa1a2bb439a903b45a2022f3775ff972662a96f5852,uniswap,v4,10612.56,2.73,,,,data/raw/robinhood_all_pools_20260929T035521Z.json
SPCX,Space Exploration Technologies Corp. Class A Common Stock • Robinhood Token,0x4a0E65A3EcceC6dBe60AE065F2e7bb85Fae35eEa,1.000000000000000000,30,19,0xc61284332117c3FB23A2A56cceFFD07F7aF60029,uniswap,v3,2207226.51,21342834.38,xyz:SPCX,True,109724910.28059998,data/raw/robinhood_all_pools_20260929T035521Z.json
GLXY,Galaxy Digital Inc. • Robinhood Token,0x2D427692E928fa156ec22acfaBaFA0447C5805B7,1.000000000000000000,17,10,0xC67C2D200E0b7E5D99F4CFBede8CB09B48892f2c,uniswap,v3,155412.29,134451.65,,,,data/raw/robinhood_all_pools_20260929T035521Z.json
CRWD,CrowdStrike Holdings • Robinhood Token,0xea72Ecca2d0f6bFA1394DBBCff85b52CD4233931,4.000000000000000000,4,4,0x5f821fb6375536036d61372b33381d3396302a9fc5c1b97830a80ba0120f1f0c,uniswap,v4,2271.4,430.3,xyz:CRWD,True,563049.8372000002,data/raw/robinhood_all_pools_20260929T035521Z.json
AVGO,Broadcom • Robinhood Token,0x156E175DD063a8cE274C50654eF40e0032b3fbcF,1.001257318662278132,5,2,0x5B7C404f1d7d77F9f3885aB13d7764F8a173028c,uniswap,v3,154445.37,29694.58,xyz:AVGO,True,1927829.6653000007,data/raw/robinhood_all_pools_20260929T035521Z.json
SPY,SPDR S&P 500 ETF Trust • Robinhood Token,0x117cc2133c37B721F49dE2A7a74833232B3B4C0C,1.001717991187472003,30,17,0xfe2a80bb5618fd14984b92ca6d45bf5ba67443ddb1435e28b2e48df2fc1526cd,uniswap,v4,3621043.18,908958.33,,,,data/raw/robinhood_all_pools_20260929T035521Z.json
CCL,Carnival Corporation • Robinhood Token,0x9651342CeA770aE9a2969Ba2A52611523146aef9,1.021486444855206408,2,1,0xB19AcE635Ef3A28B85bFB01Bae97d0DE80750680,uniswap,v3,7264.38,340.79,,,,data/raw/robinhood_all_pools_20260929T035521Z.json
GLD,SPDR Gold Trust • Robinhood Token,0xC9a981FEE1F9DEc688bb123ccDeCc63D0deBFC4e,1.000000000000000000,30,16,0x7A6A053eCCf1446A2633E05aA6D40D09381997ec,uniswap,v3,3024447.36,752055.13,,,,data/raw/robinhood_all_pools_20260929T035521Z.json
SNOW,Snowflake • Robinhood Token,0xBa0CAB75495255d0cB58E22B648bFED4ECD1F47E,1.000000000000000000,8,5,0xac720e95589b7124f0affbdb9e66c7ec6e824c68eae00dc54f9e11b0b294bac8,uniswap,v4,65863.63,66726.55,,,,data/raw/robinhood_all_pools_20260929T035521Z.json
FICO,Fair Isaac • Robinhood Token,0xa48F22A46C0F1C46CA7D111CB6c137c271987180,1.000000000000000000,2,2,0x81b35ec66994d6cad4590b711ac22d2ac0873fb9d52238e3cc4b74dfac285594,uniswap,v4,761.76,31.48,,,,data/raw/robinhood_all_pools_20260929T035521Z.json
PR,Permian Resources • Robinhood Token,0x4189F0c66EBBB0bfeF1C31f763131361EF32f77C,1.004477942292229526,0,0,,,,0,0,,,,data/raw/robinhood_all_pools_20260929T035521Z.json
QQQ,Invesco QQQ • Robinhood Token,0xD5f3879160bc7c32ebb4dC785F8a4F505888de68,1.000700791241405425,30,6,0xD60A5d14dB690B7Afad71F76B108071D7175597d,uniswap,v3,1323816.52,1501303.3,,,,data/raw/robinhood_all_pools_20260929T035521Z.json
WYFI,"WhiteFiber, Inc. • Robinhood Token",0x9e7ABD3C9139D14E4c86DcE0e455AAB7A0C2FB3E,1.000000000000000000,8,5,0xade8f03250521f174360017d003aac3b30df3633ca31769e23a7906bb3c6262d,uniswap,v4,46972.18,2653.58,,,,data/raw/robinhood_all_pools_20260929T035521Z.json
NNE,Nano Nuclear Energy • Robinhood Token,0xBEF75684C43c4ea7BD18Dd532a2244674Ee8b926,1.000000000000000000,3,3,0x9b0ca1c4906f6517a12802513c3ae6f1c1e3ec47d81c6d23437fc401b6e2771b,uniswap,v4,9762.76,1072.62,,,,data/raw/robinhood_all_pools_20260929T035521Z.json
GE,General Electric • Robinhood Token,0x63b814DDBd6BF339f25Fed8c36158a008D5B373e,1.000000000000000000,5,2,0x6bf00eb49fa8d3713cb0f77e9a11f9acd9f5363fc4824e13488acfa28d90dc2d,uniswap,v4,17749.63,589.88,,,,data/raw/robinhood_all_pools_20260929T035521Z.json
SNAP,Snap • Robinhood Token,0xF6589F11Bc40b669e584073F428B05562F568733,1.000000000000000000,29,10,0x2e4cc4c65587faca7a08b69a13c86ca8c86599d90ad818ceaa1a875176f5fb52,uniswap,v4,118162.95,169582.3,,,,data/raw/robinhood_all_pools_20260929T035521Z.json
SKHY,SK hynix Inc. American Depositary Shares • Robinhood Token,0x84CAb63bc87912E71ad199ff14A0bA45de68FeF8,1.000000000000000000,17,3,0x994db79a9e80b73d726171d0e834dfe6fdce7987539dcf5cceef7b2b95c5fd95,uniswap,v4,83786.83,13875.01,xyz:SKHY,True,55779153.54229999,data/raw/robinhood_all_pools_20260929T035521Z.json
CBRS,Cerebras Systems • Robinhood Token,0x5c90450Bbb4273D7b2f17CF6917AEB237A569679,1.000000000000000000,2,1,0x1a12140a52b6dc67065600899a8d59e23905d690d445250f3c0f59821fa146e4,uniswap,v4,5095.82,381.73,xyz:CBRS,True,7309576.554700002,data/raw/robinhood_all_pools_20260929T035521Z.json
FUTU,Futu Holdings • Robinhood Token,0xeB30663bDFf0622Ef4e4E5cBb4E975F19f33f51D,1.000000000000000000,1,1,0x29119421750bafb6a9287553cf84845ee9e136739da748bf36a1544c9abe5f6c,uniswap,v4,1691.9,1581.25,,,,data/raw/robinhood_all_pools_20260929T035521Z.json
TSM,Taiwan Semiconductor Manufacturing • Robinhood Token,0x58FfE4a942d3885bAa22D7520691F611EF09e7AA,1.001463024159690554,22,7,0x0ba5d53d2f6255f334b7c8ead4f56b6aef5af3402c5e4d11180afd38c6b85fb1,uniswap,v4,237333.59,22843.21,xyz:TSM,True,2935346.464950001,data/raw/robinhood_all_pools_20260929T035521Z.json
NU,Nu • Robinhood Token,0x408c14038a04f7bD235329E26d2bf569ee20e250,1.000000000000000000,16,6,0x0E3FaEd512E7909758EB924E6919e0057Bd6b45E,uniswap,v3,54088.95,35012.55,,,,data/raw/robinhood_all_pools_20260929T035521Z.json
INTC,Intel • Robinhood Token,0xc72b96e0E48ecd4DC75E1e45396e26300BC39681,1.000000000000000000,30,11,0xf2e329e631d0fb315a5c563ee3a9120f24822b5ef6c502a91cb56b174d5d8c22,uniswap,v4,628674.21,214055.93,xyz:INTC,True,65937266.94890003,data/raw/robinhood_all_pools_20260929T035521Z.json
MSFT,Microsoft • Robinhood Token,0xe93237C50D904957Cf27E7B1133b510C669c2e74,1.000412952576205964,30,6,0xeb60bCD1D920ad6E102690CCFC6fB488899E1510,uniswap,v3,547233.97,503106.94,xyz:MSFT,True,12953426.475100003,data/raw/robinhood_all_pools_20260929T035521Z.json
RCAT,Red Cat • Robinhood Token,0xFDE6b5d9BB419B10C23268c74e369AbFF39C0460,1.000000000000000000,10,4,0xd3c27381f7d1ef4dcd8ec4ba66e74fe88d06ab5250c1393769d4dd0e996a8dc9,uniswap,v4,50750.07,34116.91,,,,data/raw/robinhood_all_pools_20260929T035521Z.json
RGTI,Rigetti Computing • Robinhood Token,0x284358abc07F9359f19f4b5b4aC91901Be2597Ba,1.000000000000000000,0,0,,,,0,0,,,,data/raw/robinhood_all_pools_20260929T035521Z.json
TTWO,Take-Two Interactive Software • Robinhood Token,0x5e81213613b6B86EaB4c6c50d718d34359459786,1.000000000000000000,29,6,0xD9Ab4b7fAe6DC2f7020134Ec744A8F53Ef3E5E24,uniswap,v3,176922.51,53412.89,,,,data/raw/robinhood_all_pools_20260929T035521Z.json
META,Meta Platforms • Robinhood Token,0xc0D6457C16Cc70d6790Dd43521C899C87ce02f35,1.000541459879451635,30,17,0x5875d407a42965b0e768c8925cea290e06fa50603ef34fc99eb92a1050e6ae36,uniswap,v4,4938388.57,4699751.36,xyz:META,True,105573752.34761003,data/raw/robinhood_all_pools_20260929T035521Z.json
VICR,Vicor • Robinhood Token,0x6006ed4B2F94110851ff7509D97D034f0EeD9226,1.000000000000000000,0,0,,,,0,0,,,,data/raw/robinhood_all_pools_20260929T035521Z.json
TSEM,Tower Semiconductor • Robinhood Token,0x89776d4Cd68193597A2fC132cfaC1fDe36CCeA8a,1.000000000000000000,0,0,,,,0,0,,,,data/raw/robinhood_all_pools_20260929T035521Z.json
RDDT,Reddit • Robinhood Token,0x05b37Fb53A299a1b874A619e1c4C404D52C36F4C,1.000000000000000000,30,12,0xa8744E76aED23B05F0126335E7BD38f7935D19fe,uniswap,v3,1083851.79,253698.06,xyz:RDDT,True,117388.6245,data/raw/robinhood_all_pools_20260929T035521Z.json
GLW,Corning • Robinhood Token,0x7c04E6A3368F2A1DE3874f0e80d2e0A1a9915da6,1.000000000000000000,0,0,,,,0,0,,,,data/raw/robinhood_all_pools_20260929T035521Z.json
UPS,UPS • Robinhood Token,0xf23250dac154D05Bb671CB0d0eBEf3c635c79CE2,1.002208724969205741,14,5,0x3Ab74C45DceCC6A62898204Dd42143a816B44CB1,uniswap,v3,74372.82,28050.94,,,,data/raw/robinhood_all_pools_20260929T035521Z.json
PANW,Palo Alto Networks • Robinhood Token,0xB039597eD45CBa7B6E2fb9E8BE51802969CEe5Be,1.000000000000000000,2,1,0x2a4ba1605e0f86a31e91653ccd8c9183d9885cc4decb45e79318367d152ab7e0,uniswap,v4,102.92,22.2,,,,data/raw/robinhood_all_pools_20260929T035521Z.json
LHX,L3Harris • Robinhood Token,0x48d60243c66437c6ac3c2495Be94747aEd5Dfe25,1.004922488323561562,2,1,0x42d6e2f52cd8bc2c831769acc168ee4733f0fc522b9cc53709340adfd34a9216,uniswap,v4,1678.38,1659.16,,,,data/raw/robinhood_all_pools_20260929T035521Z.json
FLY,Firefly Aerospace Inc. • Robinhood Token,0x03BC731Ffb162cdd7B98D3C6542bFC291126075d,1.000000000000000000,3,2,0x6edaf089b86a262e86caa0d40c693502e59de8781402de5f89d2de8e5a230070,uniswap,v4,6625.24,429.86,,,,data/raw/robinhood_all_pools_20260929T035521Z.json
SNDK,Sandisk Corporation • Robinhood Token,0xB90A19fF0Af67f7779afF50A882A9CfF42446400,1.000000000000000000,30,9,0x2707cb88a6a40fa0f948f58958051ba097d6f6a3cf7f87929bd68ccc5becea24,uniswap,v4,232802.81,72925.36,xyz:SNDK,True,78689189.50780006,data/raw/robinhood_all_pools_20260929T035521Z.json
BA,Boeing • Robinhood Token,0x4D21483a44Bf67a86b77E3dA301411880797D452,1.000000000000000000,14,5,0xc6517047b189c72D3bAa9eF37D1d28F27a63638a,uniswap,v3,121590.27,141169.72,,,,data/raw/robinhood_all_pools_20260929T035521Z.json
INTU,Intuit • Robinhood Token,0x56d23beE5f41A7120170b0c603Dae30128e460e9,1.000000000000000000,4,3,0x42473e27f793b7a3b71b225729e3962651c5dfea6d7fa078a44dc8a4adf3d9bf,uniswap,v4,5001.7,63.31,,,,data/raw/robinhood_all_pools_20260929T035521Z.json
ELF,e.l.f. Beauty • Robinhood Token,0x39EC44Bee4F6A116c6F9B8De566848a985C53C60,1.000000000000000000,3,3,0xde350b1f58a33826eecbc54c599ab87391a13a14d5eb4992b4f09b78eba4d49f,uniswap,v4,6053.26,260.84,,,,data/raw/robinhood_all_pools_20260929T035521Z.json
AMZN,Amazon • Robinhood Token,0x12f190a9F9d7D37a250758b26824B97CE941bF54,1.000000000000000000,30,11,0x8AC92DA74AB5F3b1d024Dc1943Ad7e15Dc4179Ef,uniswap,v3,851578.41,319562.23,xyz:AMZN,True,9427331.235240001,data/raw/robinhood_all_pools_20260929T035521Z.json
NFLX,Netflix • Robinhood Token,0xE0444EF8BF4eD74f74FD73686e2ddF4C1c5591E8,1.000000000000000000,24,5,0x59895C0302F41aEaa129D2fa2442CEc01E7eF45E,uniswap,v3,203851.66,80803.78,xyz:NFLX,True,1691783.3543950007,data/raw/robinhood_all_pools_20260929T035521Z.json
CRCL,Circle Internet Group • Robinhood Token,0xdF0992E440dD0be65BD8439b609d6D4366bf1CB5,1.000000000000000000,30,11,0x654E4143e82a5824445Ade0824351C2A9ACD95a8,uniswap,v3,2004807.82,1642354.95,xyz:CRCL,True,37862443.37461699,data/raw/robinhood_all_pools_20260929T035521Z.json
USAR,USA Rare Earth • Robinhood Token,0xd917B029C761D264c6A312BBbcDA868658eF86a6,1.000000000000000000,17,3,0x04391780F519B7d3ba59c9590459D76e23d225C4,uniswap,v3,67172.87,21629.85,xyz:USAR,True,1271008.751970001,data/raw/robinhood_all_pools_20260929T035521Z.json
VST,Vistra • Robinhood Token,0x561e2a49212b7cCF47f2744Ccb83e200722fADBc,1.001114738710796417,1,0,,,,0,0,,,,data/raw/robinhood_all_pools_20260929T035521Z.json
CSCO,Cisco Systems • Robinhood Token,0xF543967EEBB6f1917992eF0E68De63ab07a5a0dA,1.000000000000000000,2,2,0xb90b0c29c5cb05fa85c0806f5c2d68def0a0924b6180314a57daaccdd5a3e02c,uniswap,v4,1134.06,1050,,,,data/raw/robinhood_all_pools_20260929T035521Z.json
FISV,Fiserv • Robinhood Token,0x9ECe29A4A2397C0a35fb5fA8EE2b9509130a98cc,1.000000000000000000,1,1,0x75d43d43bd4ee0bad5870f456f226807ad16e5937f970430d59e856037d13e9e,uniswap,v4,1339.78,2207.73,,,,data/raw/robinhood_all_pools_20260929T035521Z.json
GOOGL,Alphabet Class A • Robinhood Token,0x2e0847E8910a9732eB3fb1bb4b70a580ADAD4FE3,1.000193924414112587,30,14,0x34D0dC122CF9A8Eb296fC5e0D3A233625D7d19b7,uniswap,v3,964399.88,1628944.31,xyz:GOOGL,True,16790199.39855,data/raw/robinhood_all_pools_20260929T035521Z.json
BB,Blackberry • Robinhood Token,0x48E39E56aCdbA37b09020C0b734A613C9a2f100A,1.000000000000000000,18,4,0xc250650901b49785b18443a0b1bfee10b98f5c20f11988635252030e5283a288,uniswap,v4,56859.61,81494.38,xyz:BB,True,8405890.408049999,data/raw/robinhood_all_pools_20260929T035521Z.json
CVNA,Carvana • Robinhood Token,0xa4f319104089FE321dc8093C6E707d4fE190A988,1.000000000000000000,1,1,0x4e001c9d3c2969f8b3d0c348e8842941355f1fa2ed8791456758ce26249883d9,uniswap,v4,5614.83,1202.17,,,,data/raw/robinhood_all_pools_20260929T035521Z.json
AXTI,AXT • Robinhood Token,0x141eEa040c2250eEc0314e336975e81f85f6585e,1.000000000000000000,0,0,,,,0,0,,,,data/raw/robinhood_all_pools_20260929T035521Z.json
MOD,Modine • Robinhood Token,0xc6Cbad1016b38B797610c25E1dc7D95988B1f362,1.000000000000000000,1,0,,,,0,0,,,,data/raw/robinhood_all_pools_20260929T035521Z.json
LULU,Lululemon • Robinhood Token,0x4e62068525Ab11FE768e29dfD00ef909B9803016,1.000000000000000000,24,6,0x0F4227D27082B3BCA6818381b9ea6460275e49f4,uniswap,v3,122696.23,118158.94,,,,data/raw/robinhood_all_pools_20260929T035521Z.json
LMT,Lockheed • Robinhood Token,0x329fcACEb9AD6F9580DD5F643fed0646900D043c,1.000021050802889793,6,3,0x0b118d2480ebdb11374d3ad2ea1b935e9458a9f704222004b3b8de07bc98f1eb,uniswap,v4,189829.81,26776.61,,,,data/raw/robinhood_all_pools_20260929T035521Z.json
INFQ,Infleqtion • Robinhood Token,0xB853bC83a753342a4f8320ea680b4B1E84118D21,1.000000000000000000,0,0,,,,0,0,,,,data/raw/robinhood_all_pools_20260929T035521Z.json
SGOV,iShares 0-3 Month Treasury Bond • Robinhood Token,0x92FD66527192E3e61d4DDd13322Aa222DE86F9B5,1.005101770003214918,30,8,0xfAb520051f96F4D2a32c22B6a3dD7fFfdf231bFe,uniswap,v3,2247748.82,16350.21,,,,data/raw/robinhood_all_pools_20260929T035521Z.json
OUST,Ouster • Robinhood Token,0x40E7a279850e443f582059ae5dC1c3b6563E6395,1.000000000000000000,0,0,,,,0,0,,,,data/raw/robinhood_all_pools_20260929T035521Z.json
IREN,IREN Limited • Robinhood Token,0xF0AB0c93bE6F41369d302e55db1A96b3c430212D,1.000000000000000000,3,2,0x2566088fd6aa48831800109ad3360328f6c4131da2043b948e1bacdde5151e9f,uniswap,v4,10350.89,739.3,xyz:IREN,True,1841200.3302999998,data/raw/robinhood_all_pools_20260929T035521Z.json
MRNA,Moderna • Robinhood Token,0x43B07D15cE533bEc5476d70C22a78a1B2B662155,1.000000000000000000,19,5,0xA34d0667334074DF2d5BfD259e79E6B9cf1fA8Bf,uniswap,v3,87356.05,58112.26,xyz:MRNA,True,4438022.6839000005,data/raw/robinhood_all_pools_20260929T035521Z.json
LRCX,Lam Research Corp • Robinhood Token,0x57b0030166DB0C31690d1A5aA167e2e26e2C29a4,1.000732562938505984,0,0,,,,0,0,xyz:LRCX,False,0.0,data/raw/robinhood_all_pools_20260929T035521Z.json
BND,Vanguard Total Bond Market ETF • Robinhood Token,0x2F62fC9fAbb470C690f141c28340eD832bB27020,1.000000000000000000,0,0,,,,0,0,,,,data/raw/robinhood_all_pools_20260929T035521Z.json
CEG,Constellation Energy • Robinhood Token,0xaE517A2903E68bd929Dfd15be875F8369D53e94a,1.000000000000000000,3,3,0x21e190d0a42ad1b36f957bf2490eef78825d13a579d3a326bf10aadc1d634f4f,uniswap,v4,34898.88,1123,,,,data/raw/robinhood_all_pools_20260929T035521Z.json
ALAB,"Astera Labs, Inc. • Robinhood Token",0x748c32c3ca24eDf31ea597Db1F3d330a7a6DA3Dc,1.000000000000000000,0,0,,,,0,0,,,,data/raw/robinhood_all_pools_20260929T035521Z.json
TEM,Tempus AI • Robinhood Token,0xB1CC0EC7Db69Cf43539119814df40071b9d61793,1.000000000000000000,2,1,0xcf2605e1d19103efa0445216057b6432686c1ef305cf2573cfa887b090b22bfe,uniswap,v4,2797.14,167.26,,,,data/raw/robinhood_all_pools_20260929T035521Z.json
BULL,Webull • Robinhood Token,0xceF9027c7d6985b85f0BA431125073529A947A68,1.000000000000000000,11,3,0xdfc620485cebd394955e7cde9e3d336ec8dabe24a7c80c4b9de71ea896208e79,uniswap,v4,69144.12,817.74,,,,data/raw/robinhood_all_pools_20260929T035521Z.json
UNH,UnitedHealth • Robinhood Token,0xcF364ea52787e289De6F32077834056E3E70D6A8,1.004241501039702113,3,1,0x6901c42bf2baa57e6473fde740b4f25d4e0fe7278df8156af9406081a9755a0d,uniswap,v4,1852.15,229.32,,,,data/raw/robinhood_all_pools_20260929T035521Z.json
CLOV,Clover Health Investments • Robinhood Token,0x62200915e7DEab1eC7f79fb246daDbB80eACdDd0,1.000000000000000000,1,1,0x73fa85bb27e0168f5fea56d0959a0b19d09930b62879cb99fca3a0dcbbf151bf,uniswap,v4,1091.33,171.79,,,,data/raw/robinhood_all_pools_20260929T035521Z.json
BABA,Alibaba • Robinhood Token,0xad25Ac6C84D497db898fa1E8387bf6Af3532a1c4,1.000000000000000000,17,7,0xa57ab582b310dd6f9e934EA1EEEa152741545E6A,uniswap,v3,88439.31,29600.66,xyz:BABA,True,1571503.6891799998,data/raw/robinhood_all_pools_20260929T035521Z.json
SIMO,Silicon Motion • Robinhood Token,0x77E655E37F4d913fB9540e0d541D824171a60e81,1.000000000000000000,0,0,,,,0,0,,,,data/raw/robinhood_all_pools_20260929T035521Z.json
WDC,Western Digital • Robinhood Token,0xF52597345A8Edf418bc4071b4a35112472277D3e,1.000217565250523909,1,0,,,,0,0,xyz:WDC,True,1660812.62272,data/raw/robinhood_all_pools_20260929T035521Z.json
CLSK,CleanSpark • Robinhood Token,0xcBB95BBF36099d34dA091dc6Fa6F49EfA257Cee3,1.000000000000000000,3,2,0x2a957ec877e91cccd9920e39b8d50128310a75ba7fa3765eb4e4a5ef11ab69a5,uniswap,v4,2469.64,60.33,,,,data/raw/robinhood_all_pools_20260929T035521Z.json
PLTR,Palantir Technologies • Robinhood Token,0x894E1EC2D74FFE5AEF8Dc8A9e84686acCB964F2A,1.000000000000000000,30,11,0xee430ee1003e1985e1828a01b9a20dad67ad4302994fe2abb4a173de4ac54623,uniswap,v4,726050.33,201639.89,xyz:PLTR,True,4675354.310309999,data/raw/robinhood_all_pools_20260929T035521Z.json
MU,Micron Technology • Robinhood Token,0xfF080c8ce2E5feadaCa0Da81314Ae59D232d4afD,1.000074823219171086,30,11,0xd057B1Bc54917855BBee58eAd58647f47caB35E5,uniswap,v3,890463.31,633086.75,xyz:MU,True,63152023.01669997,data/raw/robinhood_all_pools_20260929T035521Z.json
ASTS,AST SpaceMobile • Robinhood Token,0x1AF6446f07eb1d97c546AFC8c9544cBDF3AD5137,1.000000000000000000,1,1,0xd94506f18e4d618fba9653e48af35df392ce91d30ea0bff327ad8a1102e11942,uniswap,v4,2841.59,109,,,,data/raw/robinhood_all_pools_20260929T035521Z.json
POWL,Powell Industries • Robinhood Token,0x237c16D66590F67B886d978ACD362EAeaD8B18c7,1.000000000000000000,0,0,,,,0,0,,,,data/raw/robinhood_all_pools_20260929T035521Z.json
VTI,Vanguard Morningstar Total Stock Market ETF • Robinhood Token,0x0594134DF3f171a354D9C85eBD65b7A6148F6D09,1.001751012345030813,1,1,0xb78DD1A97fa544c65d7D1f12453EcaAF1e05c36d,uniswap,v3,62967.56,458.12,,,,data/raw/robinhood_all_pools_20260929T035521Z.json
RKLB,Rocket Lab Corporation • Robinhood Token,0x3b14C39E89D60D627b42a1A4CA45b5bb45Fc12e2,1.000000000000000000,2,1,0xbbc15d66fef8391f53569e19016e86545be9de3f302b82db93ed6165236d22f3,uniswap,v4,19448.53,3957.12,xyz:RKLB,True,10793854.408169998,data/raw/robinhood_all_pools_20260929T035521Z.json
TER,Teradyne • Robinhood Token,0x2778C5024D5cA2CdB0f8eAD671ffc69963AdCD9C,1.000647857966979018,1,1,0xabae74f2df8f5344edbfe344f414042ee019815253858827ce2c059464d88976,uniswap,v4,2973.69,27.31,,,,data/raw/robinhood_all_pools_20260929T035521Z.json
CRWV,CoreWeave • Robinhood Token,0x5f10A1C971B69e47e059e1dC91901B59b3fB49C3,1.000000000000000000,6,3,0x237014478f7ef98afbe7412ac35b6a3f96b8fb111de48b7c4dbf49dba4bd9c4b,uniswap,v4,43639.29,19689.49,xyz:CRWV,True,4498238.920869997,data/raw/robinhood_all_pools_20260929T035521Z.json
CLS,Celestica • Robinhood Token,0xBf449977089c718C004a66C554B26B94ef3Ad4De,1.000000000000000000,1,1,0x0fcc4220a629a95793c95d65980ed3144d1358cc98187df8edb0d9097d1a49eb,uniswap,v4,117.22,225.32,,,,data/raw/robinhood_all_pools_20260929T035521Z.json
FIG,Figma • Robinhood Token,0x41F4267525a8AFf329540eF24fD83d9044758B33,1.000000000000000000,7,3,0xca5904C0a9d42F0Ec1Bf760FDf779907877144fD,uniswap,v3,146221.66,41575.76,,,,data/raw/robinhood_all_pools_20260929T035521Z.json
AMD,AMD • Robinhood Token,0x86923f96303D656E4aa86D9d42D1e57ad2023fdC,1.000000000000000000,30,5,0xde9f85fdd9e05a943a52f2c69ffafe3064a3287df03d02c9b431bc92d4781274,uniswap,v4,400552.07,140771.55,xyz:AMD,True,27027225.862019993,data/raw/robinhood_all_pools_20260929T035521Z.json
EWY,iShares MSCI South Korea fund • Robinhood Token,0x7f0aBeF0C07280F82c6a08ead09dEd6BAE2C13Fc,1.000000000000000000,7,4,0x7a226cd760a4b81b6841dfca3b4ae9c05c1d1cb01def5a49154cecf8f8b50086,uniswap,v4,3494.94,631.76,xyz:EWY,True,16207853.188830005,data/raw/robinhood_all_pools_20260929T035521Z.json
SLS,SELLAS Life Sciences • Robinhood Token,0x285b231728c7E4333799183DF1094d775246a535,1.000000000000000000,0,0,,,,0,0,,,,data/raw/robinhood_all_pools_20260929T035521Z.json
CRDO,Credo Technology Group • Robinhood Token,0x4D67253bc223e6b0e104F1084c1fb2b669dDC41b,1.000000000000000000,0,0,,,,0,0,,,,data/raw/robinhood_all_pools_20260929T035521Z.json
SMH,VanEck Semiconductor ETF • Robinhood Token,0x072f979c2CAc8e1391B0162a87Fee094bF8744a0,1.000000000000000000,3,1,0x99baa5a39dde70af936a5a91dedcabad096da7342cc2436e136f83e8eca391c4,uniswap,v4,939.58,8.99,xyz:SMH,True,906177.39891,data/raw/robinhood_all_pools_20260929T035521Z.json
VRT,Vertiv • Robinhood Token,0xFA78C12E6488814A0262E4e802749a4a737d5fB7,1.000162788892052072,1,1,0x92fd7205f9db77ca2e80af110a3bfb6b7eb72895b737a16c11f12c7b2cfd14f3,uniswap,v4,885.59,192.05,,,,data/raw/robinhood_all_pools_20260929T035521Z.json
NOW,ServiceNow • Robinhood Token,0x0C3260aF4B8f13a69c4c2dFb84fD667890CDFa14,1.000000000000000000,3,2,0x2a73e892f82b7bb76a0cec1597486c51d116e724dfe381e07e94ce01f633c6e5,uniswap,v4,1329.19,1255.09,xyz:NOW,True,519341.9532,data/raw/robinhood_all_pools_20260929T035521Z.json
XLK,State Street Technology Select Sector SPDR ETF • Robinhood Token,0x15Cd20759CE7F3285c29A319dE2D1A2e098c6f43,1.000804404520428861,0,0,,,,0,0,,,,data/raw/robinhood_all_pools_20260929T035521Z.json
AMBA,Ambarella • Robinhood Token,0x99D9D8663545151603863C5AcbD6FC3218899009,1.000000000000000000,0,0,,,,0,0,,,,data/raw/robinhood_all_pools_20260929T035521Z.json
NVDA,NVIDIA • Robinhood Token,0xd0601CE157Db5bdC3162BbaC2a2C8aF5320D9EEC,1.000775159164630595,30,20,0xd4EB21209C4D6093f80B5b84f5C45cc093EA14a3,uniswap,v3,5313168.16,25366326.71,xyz:NVDA,True,116893148.65373993,data/raw/robinhood_all_pools_20260929T035521Z.json
JOBY,Joby Aviation • Robinhood Token,0xb334C5cE741B80B5B671F47F5C269Cb193fe8E24,1.000000000000000000,0,0,,,,0,0,,,,data/raw/robinhood_all_pools_20260929T035521Z.json
QUBT,Quantum Computing • Robinhood Token,0x59818904ab4cE163b3cE4FfB64f2D6Ca02c434B4,1.000000000000000000,30,4,0x227Bbce9A81B3694b01754298a983Be3F9E44A93,uniswap,v3,127397,329633.64,,,,data/raw/robinhood_all_pools_20260929T035521Z.json
USO,United States Oil Fund • Robinhood Token,0xa30FA36Db767ad9eD3f7a60fC79526fB4d56D344,1.000000000000000000,30,6,0x02175608F1b5E6b5ed221cCFdC7Be197D111D915,uniswap,v3,2121643.4,3222979.77,,,,data/raw/robinhood_all_pools_20260929T035521Z.json
PWR,Quanta • Robinhood Token,0x9Ab02Ead789b6903c3c44d0ED32F9c707CDF12FD,1.000000000000000000,2,1,0x5529b731042d0516efc5868dc3e61fa144f720f1898016b3cabd8f366d71c2c7,uniswap,v4,0,97.48,,,,data/raw/robinhood_all_pools_20260929T035521Z.json
F,Ford Motor • Robinhood Token,0x25C288E6D899b9BC30160965aD9644c67e73bE0C,1.000145502866134027,7,3,0x4dbAC19E895322ac5b93abad9008691632bFFC05,uniswap,v3,127626.27,42705.21,,,,data/raw/robinhood_all_pools_20260929T035521Z.json
ZS,Zscaler • Robinhood Token,0x7dc013eB55e436f30d7ED1AFE4E36d6e45e3c3f7,1.000000000000000000,0,0,,,,0,0,,,,data/raw/robinhood_all_pools_20260929T035521Z.json
COIN,Coinbase • Robinhood Token,0x6330D8C3178a418788dF01a47479c0ce7CCF450b,1.000000000000000000,30,7,0x007a13fa152f6dc383cad20a8eaab4e1e2538b606936eae2a424f8aa47d6db31,uniswap,v4,669693.53,128649.78,xyz:COIN,True,9039212.701750007,data/raw/robinhood_all_pools_20260929T035521Z.json
XOM,ExxonMobil Holdings Corporation • Robinhood Token,0xf9B46d3D1B22199D4D1025a9cEDB540A33F1a2d5,1.001039563764661900,2,1,0xb3d129708f216d47fd3f996bc9dd0365912e6f14f961e0c61de76a0c1deef074,uniswap,v4,10127.06,4653.56,,,,data/raw/robinhood_all_pools_20260929T035521Z.json
NBIS,Nebius Group • Robinhood Token,0x9D9c6684F596F66a64C030B93A886D51Fd4D7931,1.000000000000000000,4,1,0x7c2f9ce1214ba9baf56d1b6a1fc640c1b63e9a711172c0c7d10e5a9c4a3d4f0c,uniswap,v4,122571.25,21945.18,xyz:NBIS,True,13632644.822399998,data/raw/robinhood_all_pools_20260929T035521Z.json
SHY,iShares 1-3 Year Treasury Bond ETF • Robinhood Token,0xBE274710Bf3d9567e1B290eF6a5F9f90ca016FD8,1.000000000000000000,0,0,,,,0,0,,,,data/raw/robinhood_all_pools_20260929T035521Z.json
SMR,NuScale Power • Robinhood Token,0x1Eebee7F74517e0279dFb09d25B0407bEEc3FDd6,1.000000000000000000,3,2,0xc180ed307d9426ffe3881aa8fb02ceffb83663d845c6633181fa771031a23d8a,uniswap,v4,6273.29,126,,,,data/raw/robinhood_all_pools_20260929T035521Z.json
SOUN,SoundHound AI • Robinhood Token,0x6E3Dfd9f7e1649BaA14D25cac18C94d62dB10A54,1.000000000000000000,2,1,0x87be6c780459662d43b05c769343025ca2b59498e8b69d636f8659095c77b5d2,uniswap,v4,5721.5,23.32,,,,data/raw/robinhood_all_pools_20260929T035521Z.json
POET,POET Technologies • Robinhood Token,0xcf6B2D875361be807EAfa57458c80f28521F9333,1.000000000000000000,5,4,0xa4ae25c84093cedebe3fcd99d848b705fbdac5ae0c4e04c7c803f3cdc4f460c8,uniswap,v4,1467.67,18.83,,,,data/raw/robinhood_all_pools_20260929T035521Z.json
APP,AppLovin • Robinhood Token,0xA249BAF1063Af884807C1E1400AEf7784836917E,1.000000000000000000,1,1,0xadad2cd4421e896826779ee82aa017011bb4c008795a6d46d3cabb65bf56a8f5,uniswap,v4,1945.95,545.31,,,,data/raw/robinhood_all_pools_20260929T035521Z.json
AAOI,Applied Optoelectronics • Robinhood Token,0x521Cf887E6531c6F667b5BC4D896E5d9bfE8EB2E,1.000000000000000000,1,1,0xed045fce8ef2d1df0ea810aacd6e8f2dff744cd4449d62370fd7565eb70b30b4,uniswap,v4,3975.06,123.53,xyz:AAOI,True,1697740.46895,data/raw/robinhood_all_pools_20260929T035521Z.json
LITE,Lumentum • Robinhood Token,0x8eF20885F94e3D9bc7eB3080279188Bd5ED7c08C,1.000000000000000000,7,3,0xE9a9471633faF6C0cE15065e74D71a9A02867633,ramses,v3,29962.97,1981.13,xyz:LITE,True,5009011.701099999,data/raw/robinhood_all_pools_20260929T035521Z.json
AEIS,Advanced Energy • Robinhood Token,0xfAf9cb261B5FCC1f404Bb10CD39C5c6C1974E612,1.000000000000000000,0,0,,,,0,0,,,,data/raw/robinhood_all_pools_20260929T035521Z.json
KTOS,Kratos Defense & Security Solutions • Robinhood Token,0x7FD06a4d81cCfA3F351394E144d5191874C31313,1.000000000000000000,1,0,,,,0,0,,,,data/raw/robinhood_all_pools_20260929T035521Z.json
AMAT,Applied Materials • Robinhood Token,0x36046893810a7E7fCE501229d57dc3FC8c8716d0,1.000044656302636618,1,1,0x846b5cF169c577654bC0DA8dAD0fe9A9fa409a82,0x70Fb47DB7Ca14a04CAE64DD4bDC2e86C8656943d,,2773.7,46.22,xyz:AMAT,True,1084656.8534999997,data/raw/robinhood_all_pools_20260929T035521Z.json
MRVL,Marvell Technology • Robinhood Token,0x62fd0668e10D8B72339BE2DCF7643001688ff13B,1.000000000000000000,7,2,0x06cc0b96Be1fa1d754CE2e1228F5d8c616F795b0,uniswap,v3,23346.57,2712.31,xyz:MRVL,True,8751242.2206,data/raw/robinhood_all_pools_20260929T035521Z.json
JBL,Jabil Inc. • Robinhood Token,0xEAf2512dFC1bEAc608F8794B3793CD4E02894Aa6,1.000000000000000000,0,0,,,,0,0,,,,data/raw/robinhood_all_pools_20260929T035521Z.json
LLY,Eli Lilly • Robinhood Token,0x8005d266423c7ea827372c9c864491e5786600ea,1.000002288774375687,25,8,0xF212D02146a897F5F686E9d629F6A73da534324a,uniswap,v3,329456.29,1289253.39,xyz:LLY,True,4466054.572599999,data/raw/robinhood_all_pools_20260929T035521Z.json
QCOM,Qualcomm • Robinhood Token,0x0f17206447090e464C277571124dD2688E48AEA9,1.001228122794792830,5,4,0x106af997d180cf37a574c42c04179f267b9245cf221b1c57fb3e491137915de6,uniswap,v4,62251.74,36440.18,xyz:QCOM,True,1448781.9283999996,data/raw/robinhood_all_pools_20260929T035521Z.json
JNJ,Johnson & Johnson • Robinhood Token,0x03DfbBE0AC4E7bCDaFd08eD41A400326B77D8c80,1.000021490286701962,13,3,0x7F0aCE18D1dCEd47063CF26e649bc8AB14D09e67,uniswap,v3,53526.55,29148.16,,,,data/raw/robinhood_all_pools_20260929T035521Z.json
KSS,Kohls Corporation • Robinhood Token,0x12e3c047bf9AeCAF9dDC98c05C31BFD1dd043993,1.004610068732316661,1,1,0x27c99bc5d1388db195928f1264637b309ac80563f5a00d126d374d3c0f097309,uniswap,v4,2080.01,162.93,,,,data/raw/robinhood_all_pools_20260929T035521Z.json
ANET,Arista • Robinhood Token,0x28bABD556b60E53663B8615036479a29c2CDd1Bf,1.000000000000000000,0,0,,,,0,0,,,,data/raw/robinhood_all_pools_20260929T035521Z.json
CTSH,Cognizant • Robinhood Token,0x63D5a3b6939a33f1e75d8Bcd85759858239600DB,1.000000000000000000,0,0,,,,0,0,,,,data/raw/robinhood_all_pools_20260929T035521Z.json
PL,Planet Labs • Robinhood Token,0xAA4d64474c172010aB57719cb9951E6142a100d3,1.000000000000000000,0,0,,,,0,0,,,,data/raw/robinhood_all_pools_20260929T035521Z.json
IONQ,IonQ • Robinhood Token,0x558378E000D634A36593E338eBacdd6207640EfE,1.000000000000000000,1,1,0xbd78e53962e76c3b6228b86dc074059258bc73d565e5e343ae4ad3c4c1ac5681,uniswap,v4,3394.26,173.24,,,,data/raw/robinhood_all_pools_20260929T035521Z.json
TE,T1 Energy • Robinhood Token,0xb1969f6604CA1AE7a2cD3F1827876e914594CA2D,1.000000000000000000,1,1,0x383c4652647302804d11b7ad53b729c567cf185b147f9d9bfe7e71195e5647af,uniswap,v4,2979.57,15.02,,,,data/raw/robinhood_all_pools_20260929T035521Z.json
SHOP,Shopify • Robinhood Token,0xF53F66751B1Eff985311b693531E3290F600c410,1.000000000000000000,12,5,0x3edfbf6a3c6ef62b822be53c749bab2e52006866ffaa2566b4936823e2c94683,uniswap,v4,43375.85,78221.15,,,,data/raw/robinhood_all_pools_20260929T035521Z.json
NVTS,Navitas Semiconductor • Robinhood Token,0xbE6702d7b70315376dC48a3293f24f0982F86386,1.000000000000000000,3,2,0x5ea9601ea0ffe2593fad6f0a184fe21a67e4d6d9da31b0528a66b0d860d5c0f0,uniswap,v4,2132.44,73.24,,,,data/raw/robinhood_all_pools_20260929T035521Z.json
PATH,UiPath • Robinhood Token,0xfb2664f07B6Aadd29ea7a59D8859b1AeB8645cDa,1.000000000000000000,7,5,0x251018f410a9ac182e458a5f26949d598e31a60881b53d0fd5806e2fc12bda1a,uniswap,v4,14249.33,1359.49,,,,data/raw/robinhood_all_pools_20260929T035521Z.json
UMC,United Microelectronics • Robinhood Token,0x0E6e67Ba88e7b5d9B67636A215c76779B948dE79,1.000000000000000000,0,0,,,,0,0,xyz:UMC,False,0.0,data/raw/robinhood_all_pools_20260929T035521Z.json
ORCL,Oracle • Robinhood Token,0xb0992820E760d836549ba69BC7598b4af75dEE03,1.002210914971013375,17,4,0xc2ce4784e1e72cf0221b51b30c8aaadf6c0b12863cf03ab3687854fb7b1d850a,uniswap,v4,135291.49,15167.7,xyz:ORCL,True,11250772.460739996,data/raw/robinhood_all_pools_20260929T035521Z.json
COHR,Coherent • Robinhood Token,0x92F9F459F1a9a5AD266b182BE7Bffd1C6c666894,1.000000000000000000,2,1,0xf630e3ddabc02fec5c77eae4c65ce42f5a28818ba3ec1826d732648db10e9d28,uniswap,v4,2802.85,40.61,,,,data/raw/robinhood_all_pools_20260929T035521Z.json
GEV,GE Vernova • Robinhood Token,0x94B8AAE43A1cCc08Aa64B7D1F29b4D920aF4a0C9,1.000000000000000000,0,0,,,,0,0,xyz:GEV,True,88966.55104,data/raw/robinhood_all_pools_20260929T035521Z.json
AUR,Aurora Innovation • Robinhood Token,0x373C06c4f7BDe527D7Dae4BA169E42b55E393CeD,1.000000000000000000,5,2,0xbdfaad395f56b59e875df126e7aa956024297358cc8c74ae4e70b5bcd7e95674,uniswap,v4,1838.08,316.93,,,,data/raw/robinhood_all_pools_20260929T035521Z.json
IBM,IBM • Robinhood Token,0x980dcf6766FA79f5Cf0c4AAdb3ab477ff15a9619,1.000000000000000000,27,7,0x8cD848ce18b829C5c769AFf27164078bB52e0E97,uniswap,v3,259258.26,216338.39,xyz:IBM,True,360615.1985999999,data/raw/robinhood_all_pools_20260929T035521Z.json
NAVN,Navan • Robinhood Token,0xf7181b63Fdb858558A74ba96BC42732684cd7965,1.000000000000000000,0,0,,,,0,0,,,,data/raw/robinhood_all_pools_20260929T035521Z.json
INOD,Innodata • Robinhood Token,0xf1953DAB6FaD537488d5A022361FfAa8B4c95eC6,1.000000000000000000,1,1,0xdff4bb412a8961fd0f06673a2b3dfb3210501485418bfa2f6a396d9b1559e1dc,uniswap,v4,1238.41,46.66,,,,data/raw/robinhood_all_pools_20260929T035521Z.json
AAPL,Apple • Robinhood Token,0xaF3D76f1834A1d425780943C99Ea8A608f8a93f9,1.000566080061092436,30,16,0xc748f4671a867db48b552f6b7650bf3255e05f80f00e3f7aad1b17ccb7898fdb,uniswap,v4,757001.31,143881.7,xyz:AAPL,True,21243288.776949998,data/raw/robinhood_all_pools_20260929T035521Z.json
AMC,AMC Entertainment • Robinhood Token,0x05a3d1Cd21d0C88145E82600E62e7E496e0F222B,1.000000000000000000,30,16,0xaA34feA710a1A737840329051D81D3B0B7C564d5,uniswap,v3,415399.68,1027240.53,,,,data/raw/robinhood_all_pools_20260929T035521Z.json
RIVN,Rivian Automotive • Robinhood Token,0xB1BF26c1D20ff267A4f93550d1E0d06ac40a114B,1.000000000000000000,12,6,0xb30A75B200D98A600a3766869344928E35823E23,uniswap,v3,77532.6,20445.12,xyz:RIVN,True,164621.16498,data/raw/robinhood_all_pools_20260929T035521Z.json
GME,GameStop • Robinhood Token,0x1b0E319c6A659F002271B69dB8A7df2F911c153E,1.000000000000000000,30,13,0xE9713f453aDB9245B19559790c96F470a18F2fDF,uniswap,v3,702582.44,305690.54,xyz:GME,True,4109217.19978,data/raw/robinhood_all_pools_20260929T035521Z.json
MPWR,Monolithic Power Systems • Robinhood Token,0x52D50D0280AD1054b43f052bD70a49a212A1b128,1.000000000000000000,0,0,,,,0,0,,,,data/raw/robinhood_all_pools_20260929T035521Z.json
PENG,Penguin Solutions • Robinhood Token,0x9b23573b156B52565012F5cE02CDF60AFBaa70Be,1.000000000000000000,8,4,0x9B977d504D94CF1efBEe30531392545FA55349Ab,ramses,v3,67874.49,5446.04,,,,data/raw/robinhood_all_pools_20260929T035521Z.json
NET,"Cloudflare, Inc. Class A common stock • Robinhood Token",0x116F00968269B7bfbaD4109cE591d6E74c0601d4,1.000000000000000000,14,7,0xA9Caebb1b2fB2b954F192572b309aEf1cAf6a330,uniswap,v3,101020.78,201066.11,xyz:NET,True,548765.3905000002,data/raw/robinhood_all_pools_20260929T035521Z.json
SCHD,Schwab US Dividend Equity ETF • Robinhood Token,0xd63ABB2C13d7a8421a8017a712802053568e3C1D,1.005538606893683992,0,0,,,,0,0,,,,data/raw/robinhood_all_pools_20260929T035521Z.json
LUNR,Intuitive Machines • Robinhood Token,0xa5D4968421bA94814Be3B136b15cf422101aC1a3,1.000000000000000000,0,0,,,,0,0,,,,data/raw/robinhood_all_pools_20260929T035521Z.json
MSTR,Strategy Inc. • Robinhood Token,0xec262a75e413fAfD0dF80480274532C79D42da09,1.000000000000000000,30,16,0x319bac87e616a89e241c10aeb8afd4892a852cdd8b373cd9765ecddc40b87cfe,uniswap,v4,1326250.08,1067488.59,xyz:MSTR,True,15093487.16599001,data/raw/robinhood_all_pools_20260929T035521Z.json
ABCL,Abcellera Biologics • Robinhood Token,0x3139D77Ace0cbAA5bDfD38bD1F1911a794AF0B0e,1.000000000000000000,2,1,0xa94b759be671dece5ce7f832ce98dee1bca776799320855c7ae5d7b415d1d90d,uniswap,v4,2874.92,182.08,,,,data/raw/robinhood_all_pools_20260929T035521Z.json
AXON,Axon • Robinhood Token,0xC27dBD474aF5181c5A8777903690D8D262D12648,1.000000000000000000,0,0,,,,0,0,,,,data/raw/robinhood_all_pools_20260929T035521Z.json
TSLA,Tesla • Robinhood Token,0x322F0929c4625eD5bAd873c95208D54E1c003b2d,1.000000000000000000,30,15,0x8517f8071ae5b831b738052f12125e8e3d6c158b78728aa44ce3b25e5104d32e,uniswap,v4,856977.28,365260.27,xyz:TSLA,True,24061803.1408,data/raw/robinhood_all_pools_20260929T035521Z.json
EWT,iShares MSCI Taiwan Capped ETF • Robinhood Token,0x1c690498150252222C275A5CEd69d3A6b1f52D5E,1.000000000000000000,0,0,,,,0,0,xyz:EWT,True,82345.9199,data/raw/robinhood_all_pools_20260929T035521Z.json
FTNT,Fortinet • Robinhood Token,0x3FB8976980d486084b2eb4a404BD12e72823958f,1.000000000000000000,2,1,0xad8360eaac8cf3f8c7ad926e4f5b88eaa154db85896cf7e4f9987fe06a6d7d3f,uniswap,v4,447.81,313.33,,,,data/raw/robinhood_all_pools_20260929T035521Z.json
HPE,HP Enterprise • Robinhood Token,0x59dd09d4900C2E4B5F75b7c0d4E6796fcc234Cb1,1.001716957939304938,0,0,,,,0,0,,,,data/raw/robinhood_all_pools_20260929T035521Z.json
VSAT,ViaSat • Robinhood Token,0x26dCbfb34FC83CAbD6990f449674efDc6097fF85,1.000000000000000000,1,1,0xf807cc0ab7cced6d40ff3f4bea0fcddedc0eddc7bf2f824d2bdf1cf93aa012b4,uniswap,v4,5235.76,68.89,,,,data/raw/robinhood_all_pools_20260929T035521Z.json
ADBE,Adobe • Robinhood Token,0x232B8ed6377BE97813853B0Ac104c4Cda8378d1B,1.000000000000000000,4,4,0x92a8b42d686c4be5444f3ea927ae29e04ada9205127f36c7e5a8a98d37c65a8b,uniswap,v4,5730.6,198.69,,,,data/raw/robinhood_all_pools_20260929T035521Z.json
XNDU,Xanadu Quantum • Robinhood Token,0xA8eB3BCcbf2017eE7CBfb652eB51CF2E1B153289,1.000000000000000000,1,1,0x18502289dd37db0c0026b8099cf3a2018d70679120d1178eab5b1434bdeafae4,uniswap,v4,1777.44,56.79,,,,data/raw/robinhood_all_pools_20260929T035521Z.json
DDOG,Datadog • Robinhood Token,0x27c99fBde9D0d2AA4f4Bfb4943f237843DdF6958,1.000000000000000000,11,6,0x977c78c96cd9b306d87c235dee5a69ccab913b0f775575627e709643ad416598,uniswap,v4,48744.59,35999.51,,,,data/raw/robinhood_all_pools_20260929T035521Z.json
RDW,Redwire • Robinhood Token,0x92Ef19E82bD8fF36661DE838D5eaE7e5CEF0EfFE,1.000000000000000000,0,0,,,,0,0,,,,data/raw/robinhood_all_pools_20260929T035521Z.json
BE,Bloom Energy • Robinhood Token,0x822CC93fFD030293E9842c30BBD678F530701867,1.000000000000000000,17,4,0x1baD145C8F06444E0dF81c28257cd20231Bd1f16,uniswap,v3,139700.56,234697.52,xyz:BE,True,4357438.334899999,data/raw/robinhood_all_pools_20260929T035521Z.json
DJT,Trump Media & Technology Group • Robinhood Token,0x1D11f0496982706C5e14A514D4E79F2e6BdE4516,1.000000000000000000,30,8,0x31a89afd92F9397465649AD03226c52292fc1ae5,uniswap,v3,369337.68,76012.1,,,,data/raw/robinhood_all_pools_20260929T035521Z.json
OKLO,Oklo • Robinhood Token,0x8B2f88497f15A18E9D4FFa1a8fFB8538399aE774,1.000000000000000000,0,0,,,,0,0,,,,data/raw/robinhood_all_pools_20260929T035521Z.json
ZM,Zoom • Robinhood Token,0x44c4F142009036cF477eD2d09932051843137CF1,1.000000000000000000,5,3,0x46f1c54d32456c306e2c1e79f5ccf982654e3d7bd6df4bb4a06a69b27c67571b,uniswap,v4,3870.15,465.58,xyz:ZM,True,334905.1928500002,data/raw/robinhood_all_pools_20260929T035521Z.json
FLNC,Fluence Energy • Robinhood Token,0x282e87451E10fA6679BC7D76C69BE44cD3fC777C,1.000000000000000000,0,0,,,,0,0,,,,data/raw/robinhood_all_pools_20260929T035521Z.json
SLV,iShares Silver Trust • Robinhood Token,0x411eFb0E7f985935DAec3D4C3ebaEa0d0AD7D89f,1.000000000000000000,29,6,0x8cB787e6c315D464775289BaD00FDD67d53Ecb3D,uniswap,v3,374555.09,75463.59,,,,data/raw/robinhood_all_pools_20260929T035521Z.json
SOFI,SoFi Technologies • Robinhood Token,0x98E75885157C80992A8D41b696D8c9C6Fb30A926,1.000000000000000000,3,1,0x548944DDE80e575FB53D0f0BD8dec1828ca1A11b,0x3f9010f882f532E680A79875AB3e0e525E5E13FB,,642.47,7.79,,,,data/raw/robinhood_all_pools_20260929T035521Z.json
DOCN,DigitalOcean • Robinhood Token,0xc02f12B9fe9E707079EC0d546f3050d3F6C1F8bD,1.000000000000000000,0,0,,,,0,0,,,,data/raw/robinhood_all_pools_20260929T035521Z.json
WULF,TeraWulf • Robinhood Token,0x348Be1A8663f15edDe5CDf8A96BB69078f7aB6Fd,1.000000000000000000,1,1,0x0c72e22D7a3EF8Bb845478e5D77aec87789dEfc6,uniswap,v3,4941.27,96.33,,,,data/raw/robinhood_all_pools_20260929T035521Z.json
COST,Costco • Robinhood Token,0x4EA005168D7F09a7A0Ba9D1DEf21a479950E44C2,1.000612040296259656,22,7,0x0a2121A50A09eD0796ae81F9c53fF9398355a398,uniswap,v3,573123.12,210778.28,xyz:COST,True,522320.8458860001,data/raw/robinhood_all_pools_20260929T035521Z.json
TTD,Trade Desk • Robinhood Token,0x0b5fb4031cae9163db10B169Ee72685F0EdC8545,1.000000000000000000,1,1,0x7396e096620fc806fafbdcb3d768026be47b42635a9c88ba6924ef48a85c073b,uniswap,v4,129.48,102.9,,,,data/raw/robinhood_all_pools_20260929T035521Z.json
HWM,Howmet Aerospace • Robinhood Token,0xAEa445c5F3DB1a462998ccC422A875A361ee5d99,1.000000000000000000,0,0,,,,0,0,,,,data/raw/robinhood_all_pools_20260929T035521Z.json
HIMS,Hims & Hers Health • Robinhood Token,0xCceE82fE024c36fA15E1005edE3E9e4787e23D09,1.000000000000000000,30,12,0xC8C90d3a1c1a24967E773ac2aD0d456BA3E31F64,uniswap,v3,1187864.75,1096411.13,xyz:HIMS,True,1137686.5819400002,data/raw/robinhood_all_pools_20260929T035521Z.json
CELH,Celsius • Robinhood Token,0x8cF07C5A878945185d327aAa6e33FAa95F95e7bF,1.000000000000000000,3,2,0x375cb43973bff222e1d2ea36c064cce0489687145a4c10c069c083a5aed66a00,uniswap,v4,2935.07,12.04,,,,data/raw/robinhood_all_pools_20260929T035521Z.json
RBLX,Roblox • Robinhood Token,0xF0C4BF4C582cb3836e98394b1d4e7B7281101bE8,1.000000000000000000,30,8,0x2ef5945cd5664876b6481FdacFaA2942995a4DA8,uniswap,v3,139529.27,69639.2,,,,data/raw/robinhood_all_pools_20260929T035521Z.json
SPMO,Invesco S&P 500 Momentum ETF • Robinhood Token,0xAd622320e520de39e72d41EF07438C3Fd3354875,1.002024883742416310,0,0,,,,0,0,,,,data/raw/robinhood_all_pools_20260929T035521Z.json
AMKR,Amkor Technology • Robinhood Token,0xDd356AA38F40A7b7076755aC854B6FBb1F0D305B,1.000866850964062008,0,0,,,,0,0,,,,data/raw/robinhood_all_pools_20260929T035521Z.json
ONTO,Onto Innovation • Robinhood Token,0x8ff63eAeEe3fE54Ba450c4F5538064Ec5A893Aef,1.000000000000000000,0,0,,,,0,0,,,,data/raw/robinhood_all_pools_20260929T035521Z.json
SOXX,iShares Semiconductor ETF • Robinhood Token,0x75742c18BC1f1C5c5f448f4C9D9C6F66dafAAa38,1.000450838210425960,6,3,0x0663E66c880E27a5cE3c4c25234aB64eAd7dFF67,uniswap,v3,41680.87,11615.8,,,,data/raw/robinhood_all_pools_20260929T035521Z.json
ASML,ASML Holding NV • Robinhood Token,0x47F93d52cBeC7C6D2CfC080e154002370a60dAEA,1.000101323251417769,9,5,0xedb22516B14Eb2d1C86927Db373B0E8bF70F5cD1,uniswap,v3,30904.87,5237.75,xyz:ASML,True,497423.3580000001,data/raw/robinhood_all_pools_20260929T035521Z.json
HII,Huntington Ingalls • Robinhood Token,0xEB61c0Ed490A367d4E3631cCf8a74B3bfc7E775D,1.000000000000000000,0,0,,,,0,0,,,,data/raw/robinhood_all_pools_20260929T035521Z.json
AVAV,AeroVironment • Robinhood Token,0xF6290b5e7C26502e2dA514C31509849718EA76A5,1.000000000000000000,0,0,,,,0,0,,,,data/raw/robinhood_all_pools_20260929T035521Z.json
INDA,iShares MSCI India ETF • Robinhood Token,0xACEF2e09adb47aD6aBeBAD9fF06689E60615C2B6,1.000000000000000000,9,2,0x7d0895d8162b0be326ef944faeb5a84f4a08377b9bc9f010e38fa4d268a94469,uniswap,v4,43603.31,9406.31,,,,data/raw/robinhood_all_pools_20260929T035521Z.json
MDB,MongoDB • Robinhood Token,0xDdf2266b79abf0B48898959B0ed6E6adf512be74,1.000000000000000000,5,4,0xaf53194435379dd3197e8ee63ec1cf72e9958846e3cec35d4e000b3637b842e5,uniswap,v4,1001.4,119.16,,,,data/raw/robinhood_all_pools_20260929T035521Z.json
QNT,Quantinuum Inc. Class A • Robinhood Token,0xB7EDfE2F33C1aC06830a971dFb559bDe8A2a3d76,1.000000000000000000,0,0,,,,0,0,xyz:QNT,True,1025147.9302199996,data/raw/robinhood_all_pools_20260929T035521Z.json
PFE,Pfizer • Robinhood Token,0x7066A64c24e4206CD62E83bf198c1E7EB361F51e,1.000000000000000000,14,4,0xC7d573Fcda6D2107C97fb582ae18411F9Db32E7f,uniswap,v3,84496.02,34312.86,,,,data/raw/robinhood_all_pools_20260929T035521Z.json
KLAC,KLA • Robinhood Token,0x96b933C74eCB4A0926b9210cef7b743EF46be2E9,1.000000000000000000,0,0,,,,0,0,,,,data/raw/robinhood_all_pools_20260929T035521Z.json
IBRX,"ImmunityBio, • Robinhood Token",0x7c148F74ac7445D1F28366b7FcDC6792a9Fcd0Cf,1.000000000000000000,0,0,,,,0,0,,,,data/raw/robinhood_all_pools_20260929T035521Z.json
