symbol,direction,target_notional,samples,median_bps,p05_bps,p95_bps,min_bps,max_bps,positive_samples,positive_fraction,max_skew_ms,hl_size_on_lot_grid_fraction,rounding_reserve_net_median_bps
AAPL,buy_RH_sell_HL,1000.0,68,-12.776690869322344,-14.644632905890822,-7.8044784858390575,-15.731815089069485,-6.259819515128259,0,0.0,3767,0.0,-16.153240869322342
AAPL,buy_HL_sell_RH,1000.0,68,-1.3582930955096366,-6.2024379903687175,0.7754655854490273,-7.7302205965101125,1.7491591796558994,10,0.14705882352941177,3767,0.0,-4.7357187000768395
AAPL,buy_RH_sell_HL,10000.0,68,-20.273573286422987,-22.198458316803357,-15.596571212932462,-23.17807604638605,-13.804899331999039,0,0.0,3767,0.0,-20.61122828642299
AAPL,buy_HL_sell_RH,10000.0,68,-9.796817348026389,-14.617594472468431,-7.695373720533704,-16.34587391244341,-6.4178598512272,0,0.0,3767,0.0,-10.1345494093467
AAPL,buy_RH_sell_HL,100000.0,68,-99.36261333852221,-101.30498174449646,-94.77127592460262,-102.5926069701509,-93.03521955088186,0,0.0,3767,0.0,-99.39637733852221
AAPL,buy_HL_sell_RH,100000.0,68,-117.82132229875131,-122.19177907723622,-114.11517447300616,-123.95024379974495,-112.2350250488957,0,0.0,3767,0.0,-117.85509696435935
NVDA,buy_RH_sell_HL,1000.0,70,-10.183652346720034,-15.050550974938266,-4.084670090484542,-15.465177692311828,-2.505502068739652,0,0.0,3633,0.0,-12.467952346720036
NVDA,buy_HL_sell_RH,1000.0,70,-2.1560354547720344,-8.517563151921747,2.577181572658424,-10.272068070253836,3.044036938838846,24,0.34285714285714286,3633,0.0,-4.440385496398535
NVDA,buy_RH_sell_HL,10000.0,70,-11.023257070728224,-15.857000018992522,-4.991481959724971,-15.951180408273556,-3.3508876884067478,0,0.0,3633,0.0,-11.251687070728224
NVDA,buy_HL_sell_RH,10000.0,70,-2.808082360849602,-9.049109681502085,1.9736188989713668,-11.088285353462856,2.1389685002632657,19,0.2714285714285714,3633,0.0,-3.0365125844564167
NVDA,buy_RH_sell_HL,100000.0,70,-16.77600371193524,-21.24520262081553,-10.903271451948108,-21.474841011276318,-8.968751454779632,0,0.0,3633,0.0,-16.798845211935237
NVDA,buy_HL_sell_RH,100000.0,70,-9.703049557354188,-15.691159788017607,-4.733048429885669,-17.332353479894635,-4.13882341837489,0,0.0,3633,0.0,-9.725895438001398
GOOGL,buy_RH_sell_HL,1000.0,70,-5.689345464187323,-8.23874594500088,-4.462297975347012,-9.354578644318789,-3.7709457336623564,0,0.0,4178,0.0,-9.110995464187324
GOOGL,buy_HL_sell_RH,1000.0,70,-7.889640655351451,-8.869713012443917,-5.386510035884063,-9.94397204488011,-4.550817720050573,0,0.0,4178,0.0,-11.310790440401162
GOOGL,buy_RH_sell_HL,10000.0,70,-10.788878390954595,-13.069182375506038,-9.597311515483979,-14.268805271227798,-8.502629360686493,0,0.0,4178,0.0,-11.131028390954596
GOOGL,buy_HL_sell_RH,10000.0,70,-13.028896858567183,-14.306347642951073,-10.704146011914927,-15.237041107668658,-9.853105821935031,0,0.0,4178,0.0,-13.371006192628702
GOOGL,buy_RH_sell_HL,100000.0,70,-66.91778665212914,-69.37409999986285,-65.80123649998279,-70.20636377525955,-65.37856274375505,0,0.0,4178,0.0,-66.95200415212913
GOOGL,buy_HL_sell_RH,100000.0,70,-79.87913431343947,-80.73739994562538,-76.836636939775,-81.37619229098476,-76.5686245218216,0,0.0,4178,0.0,-79.91333611436039
MSFT,buy_RH_sell_HL,1000.0,67,-65.49590313448755,-66.89044862752766,-60.7721685037577,-67.0670594281117,-56.19632861830974,0,0.0,3712,0.0,-70.57130313448755
MSFT,buy_HL_sell_RH,1000.0,67,1.8046266465564793,-2.657387099616831,3.176370401886438,-7.191627676081415,3.626779726520858,56,0.835820895522388,3712,0.0,-3.2720742405975294
MSFT,buy_RH_sell_HL,10000.0,67,-71.56630929443779,-73.08374828408519,-67.33700897828317,-73.30551047713749,-61.8440475818086,0,0.0,3712,0.0,-72.07373929443779
MSFT,buy_HL_sell_RH,10000.0,67,-4.43401290928895,-9.031485588681726,-2.695021273566818,-13.182673766743633,-2.254488494526961,0,0.0,3712,0.0,-4.941645474713905
MSFT,buy_RH_sell_HL,100000.0,64,-147.0825872326286,-148.49876301126852,-142.57012497531247,-149.33294754514577,-138.06440560398653,0,0.0,3499,0.0,-147.1333432326286
MSFT,buy_HL_sell_RH,100000.0,37,-65.23743457442069,-67.97495469040555,-63.61224241470039,-73.93048231394522,-63.33697864144438,0,0.0,3712,0.0,-65.28818571139301
TSLA,buy_RH_sell_HL,1000.0,67,-50.090707598033916,-53.797135880915064,-42.701608947415394,-54.83372068946811,-38.93735114427001,0,0.0,3499,0.0,-53.66140759803392
TSLA,buy_HL_sell_RH,1000.0,67,-15.125239166580283,-22.36628936627773,-11.28875037051557,-25.745458556666723,-9.803703877619963,0,0.0,3499,0.0,-18.695038631941614
TSLA,buy_RH_sell_HL,10000.0,67,-62.21782240076323,-65.68171115770494,-54.54975283154529,-66.87106023244662,-51.21662710875177,0,0.0,3499,0.0,-62.57489240076323
TSLA,buy_HL_sell_RH,10000.0,67,-27.24690827895585,-34.68924459904573,-23.56035612962997,-38.0490406538649,-22.17461533521917,0,0.0,3499,0.0,-27.603875796892968
TSLA,buy_RH_sell_HL,100000.0,67,-170.7381922225264,-174.30782836711504,-162.60900983637904,-175.16524320108368,-159.37570341662374,0,0.0,3499,0.0,-170.7738992225264
TSLA,buy_HL_sell_RH,100000.0,67,-202.97315993487393,-210.68006976671734,-199.8039418173256,-213.72142173881826,-198.26730336651386,0,0.0,3499,0.0,-203.0088524993531
AMZN,buy_RH_sell_HL,1000.0,67,-53.646452107093616,-55.63755176320401,-47.981030713332096,-57.023636563001766,-46.63686183887566,0,0.0,4447,0.0,-56.108352107093616
AMZN,buy_HL_sell_RH,1000.0,67,-9.99792318422434,-15.284139152859238,-8.095069040900546,-17.207061622324506,-7.5697367288049735,0,0.0,4447,0.0,-12.459572455593563
AMZN,buy_RH_sell_HL,10000.0,67,-59.459728975094954,-61.02338009757101,-52.43551124796242,-62.26007712479301,-51.405285713632146,0,0.0,4447,0.0,-59.705968975094954
AMZN,buy_HL_sell_RH,10000.0,67,-15.55301638540845,-20.373930774514445,-13.760682625319175,-22.01687846916977,-13.022401731772806,0,0.0,4447,0.0,-15.799103061579764
AMZN,buy_RH_sell_HL,100000.0,62,-110.6417677913793,-111.79524325431764,-99.61706988941353,-112.26719722157243,-98.4228425020047,0,0.0,4447,0.0,-110.6663877913793
AMZN,buy_HL_sell_RH,100000.0,66,-70.30360132036377,-74.91609352661135,-67.89718938214494,-76.08058076195988,-67.03610312262336,0,0.0,4447,0.0,-70.32820665618297
META,buy_RH_sell_HL,1000.0,68,-60.264425161688,-65.20128501984695,-45.77401674102254,-69.10186074388143,-42.913704967214876,0,0.0,4110,0.0,-67.39877516168801
META,buy_HL_sell_RH,1000.0,68,-6.165682188523993,-20.919848692914762,-1.5053679638712307,-23.87678601081779,0.32189286205293893,1,0.014705882352941176,4110,0.0,-13.298981649311928
META,buy_RH_sell_HL,10000.0,68,-80.68760373406101,-85.43390043232301,-65.93704135274828,-89.62309737066101,-62.82524013264242,0,0.0,4110,0.0,-81.40104373406102
META,buy_HL_sell_RH,10000.0,68,-32.78638041263352,-43.88512011801689,-27.063705371600186,-46.4566698869282,-24.861266182478136,0,0.0,4110,0.0,-33.49967827346739
META,buy_RH_sell_HL,100000.0,62,-253.03528180442106,-257.04637485162294,-235.47357876320646,-262.9753640734626,-233.42200557077635,0,0.0,4110,0.0,-253.10662880442106
META,buy_HL_sell_RH,100000.0,67,-1574.5048369678398,-1642.4335273089587,-1293.1658079862984,-1642.8998035081145,-1291.630646151427,0,0.0,4110,0.0,-1574.5761384441237
SPCX,buy_RH_sell_HL,10000.0,20,-8.88682657692592,-11.602479992355779,-1.803438280183719,-12.075805371228158,-1.6078395283407205,0,0.0,2500,0.0,-10.346426576925918
SPCX,buy_HL_sell_RH,10000.0,20,-8.977451704800771,-16.04000367762172,-6.130300356645045,-16.30259310410627,-5.795172735341074,0,0.0,2500,0.0,-10.436923712324873
INTC,buy_RH_sell_HL,10000.0,19,-93.34684345134636,-102.0209508714744,-89.97085963910519,-102.06677663407453,-89.48049428563726,0,0.0,2500,0.0,-94.49054345134635
INTC,buy_HL_sell_RH,10000.0,19,-60.16523028816745,-64.72659331648195,-52.16968777641277,-65.58215771281773,-51.329617574001915,0,0.0,2500,0.0,-61.30812912323796
CRCL,buy_RH_sell_HL,10000.0,20,-40.93717800150297,-47.61532986662745,-17.384691710225322,-48.054768030828384,-14.48956307870533,0,0.0,2500,0.0,-41.02230800150297
CRCL,buy_HL_sell_RH,10000.0,20,-42.81423738922282,-65.75230169031698,-36.91776007903343,-68.57424604299206,-35.103137463656154,0,0.0,2500,0.0,-42.899315734775186
PLTR,buy_RH_sell_HL,10000.0,20,-92.04582643760963,-95.59377526533356,-88.71998682120041,-96.5300417482816,-87.24284223677085,0,0.0,2500,0.0,-92.23251143760965
PLTR,buy_HL_sell_RH,10000.0,20,-53.82443256752301,-57.9103766357054,-50.03581335373939,-58.356573339955666,-47.91007619049483,0,0.0,2500,0.0,-54.011168935696176
MU,buy_RH_sell_HL,10000.0,20,-49.81227267334657,-54.846772807623296,-39.967685896066065,-56.54460390037408,-37.418540608909815,0,0.0,2528,0.0,-50.86507267334657
MU,buy_HL_sell_RH,10000.0,20,-35.93696974078024,-45.56261490104478,-30.66428432776813,-48.600834403391616,-29.903464958195123,0,0.0,2528,0.0,-36.98929430229463
AMD,buy_RH_sell_HL,10000.0,20,-87.95951244586095,-97.7886145967017,-74.84869016949725,-97.83938915192414,-73.90876609658865,0,0.0,2317,0.0,-88.56495244586095
AMD,buy_HL_sell_RH,10000.0,20,-65.25428405147134,-77.06051192969883,-55.46484730257664,-77.9582216988781,-55.2625376231608,0,0.0,2317,0.0,-65.85937197748031
LLY,buy_RH_sell_HL,10000.0,20,-9.975584626949248,-14.12156574175443,-7.938441485205831,-14.840346081512344,-7.938441485205831,0,0.0,2317,0.0,-10.094579626949248
LLY,buy_HL_sell_RH,10000.0,20,-35.005866525848305,-35.394403063613765,-33.33618317889495,-35.578355673972034,-33.335623238194955,0,0.0,2317,0.0,-35.12464185072842
GME,buy_RH_sell_HL,10000.0,20,-22.99893767166371,-26.643482565709405,-21.64031479927918,-27.938560655070102,-20.66749809326924,0,0.0,2317,0.0,-23.238392671663714
GME,buy_HL_sell_RH,10000.0,20,-32.65097338909756,-35.44819511172354,-29.225056549132955,-37.61296424935081,-26.412393048029504,0,0.0,2317,0.0,-32.89012461870277
MSTR,buy_RH_sell_HL,10000.0,20,-167.4271110874035,-180.06988378977348,-135.458328507713,-186.63058330005364,-130.46919744433166,0,0.0,2317,0.0,-167.5830910874035
MSTR,buy_HL_sell_RH,10000.0,20,-102.95963685055716,-135.6133366039313,-90.95953613725631,-140.36718392129535,-83.7549863963134,0,0.0,2317,0.0,-103.1154628020397
BE,buy_RH_sell_HL,10000.0,20,-118.85809006771261,-123.9523999917224,-105.92857113448144,-124.07861120128626,-105.79303610177732,0,0.0,2317,0.0,-121.47329006771261
BE,buy_HL_sell_RH,10000.0,20,-111.87993442329284,-127.2448751116176,-106.62249096250274,-127.39243715599159,-104.90783233806607,0,0.0,2317,0.0,-114.49286142404236
HIMS,buy_RH_sell_HL,10000.0,20,-38.51305774552331,-39.64262710275951,-33.62213111371362,-41.72848836525387,-33.62213111371362,0,0.0,2144,0.0,-38.800207745523316
HIMS,buy_HL_sell_RH,10000.0,17,-42.15113912873683,-46.95694603788072,-40.49325712618924,-48.986422206820414,-39.607026216820636,0,0.0,2144,0.0,-42.4379514595057
COIN,buy_RH_sell_HL,10000.0,19,-222.65902537991647,-236.85011872725758,-207.55124523659845,-242.02422758995496,-205.91804465632953,0,0.0,1999,0.0,-222.85076537991648
COIN,buy_HL_sell_RH,10000.0,19,-47.484521727147545,-62.282592624335834,-33.52675827881527,-65.50518802867298,-27.910300758956865,0,0.0,1999,0.0,-47.67621657366312
