asset,buy_venue,buy_market,sell_venue,sell_market,target_notional,horizon_minutes,scenarios,net_min_bps,net_median_bps,net_max_bps,positive_scenarios,positive_fraction
XRP,lighter,7,hyperliquid,XRP,1000,5,4,-12.039151406885033,-10.399911720237522,-7.515786152810053,0,0.0
ZEC,hyperliquid,ZEC,lighter,90,1000,5,21,-16.364223826714156,-11.414013890896742,-8.070790646417983,0,0.0
ZEC,hyperliquid,ZEC,lighter,90,10000,5,17,-15.130764228813694,-12.74122267038073,-9.464779104916301,0,0.0
TSLA,hyperliquid,xyz:TSLA,lighter,112,1000,5,22,-4.882858744394676,-3.2515314259128174,-1.519965263188572,0,0.0
TSLA,hyperliquid,xyz:TSLA,lighter,112,10000,5,11,-5.571893782577219,-4.4114357171157685,-2.9607115208960018,0,0.0
NVDA,hyperliquid,xyz:NVDA,lighter,110,1000,5,25,-3.811819525015032,-2.831204714813753,-1.5948793501450773,0,0.0
NVDA,hyperliquid,xyz:NVDA,lighter,110,10000,5,25,-4.8369125819393455,-3.7497069178907387,-2.4467493511386986,0,0.0
NVDA,hyperliquid,xyz:NVDA,lighter,110,100000,5,21,-9.413798921181742,-7.853178924825901,-7.331113839998497,0,0.0
META,hyperliquid,xyz:META,lighter,117,1000,5,25,-5.15842487510493,-3.0956563334682845,0.16096642830079402,1,0.04
META,hyperliquid,xyz:META,lighter,117,10000,5,25,-5.852310301491485,-4.243022097383874,-0.32223972625027103,0,0.0
MSFT,hyperliquid,xyz:MSFT,lighter,115,1000,5,25,-7.961573148509077,-5.0056193726845635,-1.405737042369005,0,0.0
MSFT,hyperliquid,xyz:MSFT,lighter,115,10000,5,25,-12.511425264778552,-8.500034025319993,-5.670549677938344,0,0.0
GOOGL,hyperliquid,xyz:GOOGL,lighter,116,1000,5,25,-5.62378295904711,-3.5580590212072405,-1.8001316251316255,0,0.0
GOOGL,hyperliquid,xyz:GOOGL,lighter,116,10000,5,25,-6.515122539436398,-4.85271456174399,-3.166366960322174,0,0.0
AMZN,hyperliquid,xyz:AMZN,lighter,114,1000,5,16,-5.2738005991611585,-2.9416496425381307,-2.0032850870055876,0,0.0
AMZN,hyperliquid,xyz:AMZN,lighter,114,10000,5,5,-5.313599201914358,-4.616906777639715,-3.3940395693148706,0,0.0
SNDK,lighter,139,hyperliquid,io:SNDK,1000,5,19,-4.684818044301605,-3.3145783765639107,-1.376238161186125,0,0.0
USDJPY,lighter,98,hyperliquid,xyz:JPY,1000,5,24,-8.199520875651938,-7.538908474601765,-6.2650914863988145,0,0.0
EURUSD,hyperliquid,xyz:EUR,lighter,96,1000,5,24,-6.461562142667406,-5.771671643032011,-1.1150802511535012,0,0.0
EURUSD,hyperliquid,xyz:EUR,lighter,96,10000,5,23,-10.584768573225656,-8.781528778317854,-7.387304598486592,0,0.0
XAG,hyperliquid,xyz:SILVER,lighter,93,1000,5,25,-4.281927790551329,-2.8097320985609295,-1.106971051104268,0,0.0
XAG,hyperliquid,xyz:SILVER,lighter,93,10000,5,25,-4.582112770245975,-3.1961651932728197,-1.8135644329365277,0,0.0
XAG,hyperliquid,xyz:SILVER,lighter,93,100000,5,24,-6.683780083320297,-5.1756792745066535,-3.5907046690184727,0,0.0
BRENTOIL,lighter,159,hyperliquid,xyz:BRENTOIL,1000,5,25,-5.618973303572714,-4.012929232007355,-1.7013376475924127,0,0.0
BRENTOIL,lighter,159,hyperliquid,xyz:BRENTOIL,10000,5,25,-6.859176392485037,-4.775419202236201,-2.5033527345698614,0,0.0
BRENTOIL,lighter,159,hyperliquid,xyz:BRENTOIL,100000,5,23,-8.73317797021293,-7.079170116502024,-4.807000484334398,0,0.0
US500,hyperliquid,xyz:SP500,lighter,180,1000,5,25,-3.496200615832933,-2.9742596602901763,-2.3213901930089813,0,0.0
US500,hyperliquid,xyz:SP500,lighter,180,10000,5,25,-3.562732037461671,-3.064990678575367,-2.3213901930099468,0,0.0
US500,hyperliquid,xyz:SP500,lighter,180,100000,5,14,-4.281608172690199,-3.9145509600477135,-2.7707145573933976,0,0.0
SPCX,hyperliquid,xyz:SPCX,lighter,194,1000,5,24,-5.229875831790551,-3.1724874802760827,-2.485556621881854,0,0.0
NBIS,hyperliquid,xyz:NBIS,hyperliquid,io:NBIS,1000,5,25,-13.172873202858755,-10.058652592808539,-6.310122635090488,0,0.0
NEAR,hyperliquid,NEAR,lighter,10,1000,5,22,-20.589581928569128,-13.580639924485784,-5.455435641478137,0,0.0
NEAR,hyperliquid,NEAR,lighter,10,1000,15,12,-19.28834695793573,-12.191454488629986,-6.386672043748161,0,0.0
NEAR,hyperliquid,NEAR,lighter,10,10000,5,17,-25.08701390981662,-17.557774126570326,-8.801059164328828,0,0.0
NEAR,hyperliquid,NEAR,lighter,10,10000,15,11,-19.833547837865268,-16.607676548638917,-11.074223542715288,0,0.0
NVDA,hyperliquid,xyz:NVDA,lighter,110,1000,15,14,-4.152201285296556,-2.3995228227364294,-1.133632220265095,0,0.0
NVDA,hyperliquid,xyz:NVDA,lighter,110,10000,15,14,-5.400170141134418,-3.4105815849086105,-2.1977904564436956,0,0.0
META,hyperliquid,xyz:META,lighter,117,1000,15,14,-5.703745536392453,-3.101087523478557,-0.3986844683291602,0,0.0
META,hyperliquid,xyz:META,lighter,117,10000,15,14,-6.1171124971373745,-4.246067308290375,-1.0771043690484652,0,0.0
META,hyperliquid,xyz:META,lighter,117,100000,5,21,-12.286760888300511,-11.034573680827034,-6.467525554404157,0,0.0
META,hyperliquid,xyz:META,lighter,117,100000,15,12,-11.750717491723995,-10.893263949967796,-8.406780653211936,0,0.0
MSFT,hyperliquid,xyz:MSFT,lighter,115,1000,15,14,-6.670079141322424,-4.320181669643544,-1.4057968728450625,0,0.0
MSFT,hyperliquid,xyz:MSFT,lighter,115,10000,15,14,-12.019368965876494,-8.500435938033174,-5.840082125310295,0,0.0
GOOGL,hyperliquid,xyz:GOOGL,lighter,116,1000,15,14,-6.190285631283293,-3.9225047320270803,-2.6703331523336757,0,0.0
GOOGL,hyperliquid,xyz:GOOGL,lighter,116,10000,15,14,-6.713823920220164,-4.851070090636162,-3.823440811697188,0,0.0
AMZN,hyperliquid,xyz:AMZN,lighter,114,1000,15,13,-2.8354944265903153,-1.8811910569122166,-1.1767770402581206,0,0.0
SNDK,hyperliquid,xyz:SNDK,hyperliquid,io:SNDK,1000,5,9,-6.749622029767488,-4.663227522546444,-3.2345188588856546,0,0.0
SNDK,hyperliquid,xyz:SNDK,hyperliquid,io:SNDK,1000,15,7,-6.013651401731152,-5.009984221205638,-4.321302716527735,0,0.0
USDJPY,lighter,98,hyperliquid,xyz:JPY,1000,15,13,-8.640572923924527,-7.763471556114748,-6.384176017681009,0,0.0
USDJPY,lighter,98,hyperliquid,xyz:JPY,10000,5,7,-10.589876829557102,-9.862863375239218,-9.189097692287465,0,0.0
USDJPY,lighter,98,hyperliquid,xyz:JPY,10000,15,1,-10.707899954509095,-10.707899954509095,-10.707899954509095,0,0.0
EURUSD,hyperliquid,xyz:EUR,lighter,96,1000,15,13,-6.317053097987284,-5.670014952941042,-0.9707364521637566,0,0.0
EURUSD,hyperliquid,xyz:EUR,lighter,96,10000,15,12,-9.240214423908666,-8.501239477496803,-7.072928408117976,0,0.0
XAG,hyperliquid,xyz:SILVER,lighter,93,1000,15,14,-3.8691392744291115,-2.3704661694695526,-1.0884866900055048,0,0.0
XAG,hyperliquid,xyz:SILVER,lighter,93,10000,15,14,-3.924542079887192,-2.8769831384156035,-1.7426255265336938,0,0.0
XAG,hyperliquid,xyz:SILVER,lighter,93,100000,15,14,-5.927318670549857,-4.665914149351986,-3.3453986254045733,0,0.0
BRENTOIL,lighter,159,hyperliquid,xyz:BRENTOIL,1000,15,14,-4.814971990113819,-3.006635201410917,-1.9620531608493184,0,0.0
BRENTOIL,lighter,159,hyperliquid,xyz:BRENTOIL,10000,15,14,-5.722983682624691,-3.8577420295099265,-2.3302059150937793,0,0.0
BRENTOIL,lighter,159,hyperliquid,xyz:BRENTOIL,100000,15,14,-8.220667492595162,-6.336285336326825,-4.184377325727669,0,0.0
US500,hyperliquid,xyz:SP500,lighter,180,1000,15,14,-3.4964354678761453,-3.1799916080500776,-2.7133955248211734,0,0.0
US500,hyperliquid,xyz:SP500,lighter,180,10000,15,14,-3.6885927166190178,-3.28067491786441,-2.7133955248222934,0,0.0
NBIS,hyperliquid,xyz:NBIS,hyperliquid,io:NBIS,1000,15,14,-13.559989893369572,-10.308462153820582,-8.5706068380677,0,0.0
ETH,lighter,0,hyperliquid,ETH,1000,5,4,-8.017711112621628,-7.411543510920225,-6.091564766627974,0,0.0
ETH,lighter,0,hyperliquid,ETH,1000,15,3,-9.599287299690799,-8.742277616393057,-8.527654476767951,0,0.0
XRP,lighter,7,hyperliquid,XRP,1000,15,3,-10.730067910088701,-10.195250065650702,-9.715295312914147,0,0.0
ZEC,hyperliquid,ZEC,lighter,90,1000,15,11,-16.810149016202615,-12.614489707161589,-8.602167844579213,0,0.0
ZEC,hyperliquid,ZEC,lighter,90,10000,15,10,-17.493185358351813,-13.867577847718838,-10.4900913230037,0,0.0
TSLA,hyperliquid,xyz:TSLA,lighter,112,1000,15,12,-3.761709401711815,-2.640897941650632,-1.5200622301962181,0,0.0
TSLA,hyperliquid,xyz:TSLA,lighter,112,10000,15,8,-4.673752566152738,-3.708994891935302,-2.5844211225936102,0,0.0
NVDA,hyperliquid,xyz:NVDA,lighter,110,100000,15,12,-8.175660040426433,-7.742584575158583,-7.184842020314697,0,0.0
AMZN,hyperliquid,xyz:AMZN,lighter,114,10000,15,4,-3.8405840355161214,-3.6105750087035675,-3.339798678333919,0,0.0
SNDK,lighter,139,hyperliquid,io:SNDK,1000,15,10,-4.618648022748903,-3.6314290674897722,-2.40529609000048,0,0.0
WTI,lighter,145,hyperliquid,xyz:CL,1000,5,13,-3.5541488870573343,-2.9656272940875343,-2.205599729790157,0,0.0
WTI,lighter,145,hyperliquid,xyz:CL,1000,15,7,-4.842195582875935,-3.9586974870082634,-2.739871688053755,0,0.0
SPCX,hyperliquid,xyz:SPCX,lighter,194,1000,15,13,-5.217368229154723,-3.1726418330235613,-1.8008027444253858,0,0.0
LIT,lighter,120,hyperliquid,LIT,1000,5,1,-12.156269448903547,-12.156269448903547,-12.156269448903547,0,0.0
LIT,lighter,120,hyperliquid,LIT,1000,15,1,-10.380316592549063,-10.380316592549063,-10.380316592549063,0,0.0
SPCX,hyperliquid,xyz:SPCX,lighter,194,10000,5,21,-5.798649955970973,-4.100320613979048,-2.9541568759072003,0,0.0
SPCX,hyperliquid,xyz:SPCX,lighter,194,10000,15,11,-5.48540394818999,-3.9895723481110195,-2.3286904993865534,0,0.0
ETH,lighter,0,hyperliquid,ETH,10000,5,3,-8.218319665051263,-7.113516416105819,-6.616874985419748,0,0.0
ETH,lighter,0,hyperliquid,ETH,10000,15,2,-9.326576989491631,-9.161612868518912,-8.996648747546192,0,0.0
ETH,lighter,0,hyperliquid,ETH,100000,5,2,-7.961678587496548,-7.938469074178376,-7.915259560860203,0,0.0
ETH,lighter,0,hyperliquid,ETH,100000,15,1,-9.89218235743633,-9.89218235743633,-9.89218235743633,0,0.0
XRP,lighter,7,hyperliquid,XRP,10000,5,1,-11.424635303155322,-11.424635303155322,-11.424635303155322,0,0.0
XRP,lighter,7,hyperliquid,XRP,10000,15,1,-11.26614061116243,-11.26614061116243,-11.26614061116243,0,0.0
SNDK,hyperliquid,xyz:SNDK,lighter,139,1000,5,1,-2.62464066917971,-2.62464066917971,-2.62464066917971,0,0.0
SNDK,hyperliquid,xyz:SNDK,lighter,139,1000,15,1,-2.014944367679505,-2.014944367679505,-2.014944367679505,0,0.0
WTI,lighter,145,hyperliquid,xyz:CL,10000,5,8,-4.095541257442777,-3.781624236615113,-2.9633442207988963,0,0.0
WTI,lighter,145,hyperliquid,xyz:CL,10000,15,2,-4.646983614633759,-4.25084467777391,-3.8547057409140604,0,0.0
US500,hyperliquid,xyz:SP500,lighter,180,100000,15,3,-4.175190031136943,-4.014302335919547,-3.9850315675399424,0,0.0
ENA,hyperliquid,ENA,lighter,29,1000,5,1,-12.889476771230482,-12.889476771230482,-12.889476771230482,0,0.0
ENA,hyperliquid,ENA,lighter,29,1000,15,1,-7.744009227946774,-7.744009227946774,-7.744009227946774,0,0.0
NBIS,hyperliquid,xyz:NBIS,hyperliquid,io:NBIS,10000,5,4,-19.213963379884103,-18.67934553434216,-16.208856808643365,0,0.0
ZEC,hyperliquid,ZEC,lighter,90,100000,5,2,-17.10559078184814,-15.664710857326314,-14.22383093280449,0,0.0
