pair,day,start_utc,funding_edge_bps,funding_positive
BTC|lighter:BTC,1,2026-09-19T03:00:00+00:00,-0.15587800000000068,False
BTC|lighter:BTC,2,2026-09-20T03:00:00+00:00,-0.12000000000000074,False
BTC|lighter:BTC,3,2026-09-21T03:00:00+00:00,-2.1163020000000006,False
BTC|lighter:BTC,4,2026-09-22T03:00:00+00:00,-0.42844900000000036,False
BTC|lighter:BTC,5,2026-09-23T03:00:00+00:00,0.08362799999999933,True
BTC|lighter:BTC,6,2026-09-24T03:00:00+00:00,0.6376709999999998,True
BTC|lighter:BTC,7,2026-09-25T03:00:00+00:00,0.15702599999999967,True
BTC|lighter:BTC,8,2026-09-26T03:00:00+00:00,0.3941439999999996,True
BTC|lighter:BTC,9,2026-09-27T03:00:00+00:00,0.003861999999999659,True
BTC|lighter:BTC,10,2026-09-28T03:00:00+00:00,-0.526973,False
BTC|aster:BTC,1,2026-09-19T03:00:00+00:00,0.1639780000000003,True
BTC|aster:BTC,2,2026-09-20T03:00:00+00:00,0.5359,True
BTC|aster:BTC,3,2026-09-21T03:00:00+00:00,3.515402,True
BTC|aster:BTC,4,2026-09-22T03:00:00+00:00,3.9116489999999997,True
BTC|aster:BTC,5,2026-09-23T03:00:00+00:00,2.8044720000000005,True
BTC|aster:BTC,6,2026-09-24T03:00:00+00:00,0.5561290000000001,True
BTC|aster:BTC,7,2026-09-25T03:00:00+00:00,1.798974,True
BTC|aster:BTC,8,2026-09-26T03:00:00+00:00,0.588656,True
BTC|aster:BTC,9,2026-09-27T03:00:00+00:00,1.204838,True
BTC|aster:BTC,10,2026-09-28T03:00:00+00:00,-0.326727,False
BTC|dydx:BTC,1,2026-09-19T03:00:00+00:00,2.228378,True
BTC|dydx:BTC,2,2026-09-20T03:00:00+00:00,3.5412500000000007,True
BTC|dydx:BTC,3,2026-09-21T03:00:00+00:00,5.188802,True
BTC|dydx:BTC,4,2026-09-22T03:00:00+00:00,3.784699,True
BTC|dydx:BTC,5,2026-09-23T03:00:00+00:00,3.1688720000000004,True
BTC|dydx:BTC,6,2026-09-24T03:00:00+00:00,2.298579,True
BTC|dydx:BTC,7,2026-09-25T03:00:00+00:00,2.7629740000000003,True
BTC|dydx:BTC,8,2026-09-26T03:00:00+00:00,2.548356,True
BTC|dydx:BTC,9,2026-09-27T03:00:00+00:00,2.5811379999999997,True
BTC|dydx:BTC,10,2026-09-28T03:00:00+00:00,0.3919729999999999,True
ETH|lighter:ETH,1,2026-09-19T03:00:00+00:00,0.2897340000000004,True
ETH|lighter:ETH,2,2026-09-20T03:00:00+00:00,0.14027200000000076,True
ETH|lighter:ETH,3,2026-09-21T03:00:00+00:00,1.7536440000000004,True
ETH|lighter:ETH,4,2026-09-22T03:00:00+00:00,0.5218960000000006,True
ETH|lighter:ETH,5,2026-09-23T03:00:00+00:00,0.6909800000000008,True
ETH|lighter:ETH,6,2026-09-24T03:00:00+00:00,0.12000000000000074,True
ETH|lighter:ETH,7,2026-09-25T03:00:00+00:00,0.12000000000000074,True
ETH|lighter:ETH,8,2026-09-26T03:00:00+00:00,0.12000000000000074,True
ETH|lighter:ETH,9,2026-09-27T03:00:00+00:00,0.12000000000000074,True
ETH|lighter:ETH,10,2026-09-28T03:00:00+00:00,0.3600000000000006,True
ETH|aster:ETH,1,2026-09-19T03:00:00+00:00,0.22143399999999996,True
ETH|aster:ETH,2,2026-09-20T03:00:00+00:00,1.105172,True
ETH|aster:ETH,3,2026-09-21T03:00:00+00:00,2.2604439999999997,True
ETH|aster:ETH,4,2026-09-22T03:00:00+00:00,0.5809959999999997,True
ETH|aster:ETH,5,2026-09-23T03:00:00+00:00,1.53018,True
ETH|aster:ETH,6,2026-09-24T03:00:00+00:00,0.8190000000000004,True
ETH|aster:ETH,7,2026-09-25T03:00:00+00:00,0.7880000000000001,True
ETH|aster:ETH,8,2026-09-26T03:00:00+00:00,0.2728000000000002,True
ETH|aster:ETH,9,2026-09-27T03:00:00+00:00,0.40990000000000026,True
ETH|aster:ETH,10,2026-09-28T03:00:00+00:00,1.2967000000000002,True
ETH|dydx:ETH,1,2026-09-19T03:00:00+00:00,-4.952766,False
ETH|dydx:ETH,2,2026-09-20T03:00:00+00:00,-6.214727999999999,False
ETH|dydx:ETH,3,2026-09-21T03:00:00+00:00,-0.06760600000000011,False
ETH|dydx:ETH,4,2026-09-22T03:00:00+00:00,1.4493960000000001,True
ETH|dydx:ETH,5,2026-09-23T03:00:00+00:00,1.6084800000000004,True
ETH|dydx:ETH,6,2026-09-24T03:00:00+00:00,-0.6787499999999995,False
ETH|dydx:ETH,7,2026-09-25T03:00:00+00:00,5.0925,True
ETH|dydx:ETH,8,2026-09-26T03:00:00+00:00,8.0625,True
ETH|dydx:ETH,9,2026-09-27T03:00:00+00:00,-0.011249999999999868,False
ETH|dydx:ETH,10,2026-09-28T03:00:00+00:00,5.2225,True
SOL|lighter:SOL,1,2026-09-19T03:00:00+00:00,0.12000000000000074,True
SOL|lighter:SOL,2,2026-09-20T03:00:00+00:00,0.12000000000000074,True
SOL|lighter:SOL,3,2026-09-21T03:00:00+00:00,0.4189850000000007,True
SOL|lighter:SOL,4,2026-09-22T03:00:00+00:00,0.8577020000000005,True
SOL|lighter:SOL,5,2026-09-23T03:00:00+00:00,0.3731160000000004,True
SOL|lighter:SOL,6,2026-09-24T03:00:00+00:00,0.06601200000000082,True
SOL|lighter:SOL,7,2026-09-25T03:00:00+00:00,0.12000000000000074,True
SOL|lighter:SOL,8,2026-09-26T03:00:00+00:00,0.6800000000000005,True
SOL|lighter:SOL,9,2026-09-27T03:00:00+00:00,1.90782,True
SOL|lighter:SOL,10,2026-09-28T03:00:00+00:00,0.44789100000000004,True
SOL|aster:SOL,1,2026-09-19T03:00:00+00:00,-0.0,False
SOL|aster:SOL,2,2026-09-20T03:00:00+00:00,-0.0,False
SOL|aster:SOL,3,2026-09-21T03:00:00+00:00,0.298985,True
SOL|aster:SOL,4,2026-09-22T03:00:00+00:00,2.110202,True
SOL|aster:SOL,5,2026-09-23T03:00:00+00:00,2.945316,True
SOL|aster:SOL,6,2026-09-24T03:00:00+00:00,2.200912,True
SOL|aster:SOL,7,2026-09-25T03:00:00+00:00,0.7686000000000002,True
SOL|aster:SOL,8,2026-09-26T03:00:00+00:00,2.9257000000000004,True
SOL|aster:SOL,9,2026-09-27T03:00:00+00:00,3.11472,True
SOL|aster:SOL,10,2026-09-28T03:00:00+00:00,1.7705909999999998,True
SOL|dydx:SOL,1,2026-09-19T03:00:00+00:00,1.2962500000000001,True
SOL|dydx:SOL,2,2026-09-20T03:00:00+00:00,-4.441249999999999,False
SOL|dydx:SOL,3,2026-09-21T03:00:00+00:00,4.5514850000000004,True
SOL|dydx:SOL,4,2026-09-22T03:00:00+00:00,1.8989520000000002,True
SOL|dydx:SOL,5,2026-09-23T03:00:00+00:00,-6.118134,False
SOL|dydx:SOL,6,2026-09-24T03:00:00+00:00,3.0085120000000005,True
SOL|dydx:SOL,7,2026-09-25T03:00:00+00:00,3.1562500000000004,True
SOL|dydx:SOL,8,2026-09-26T03:00:00+00:00,9.1575,True
SOL|dydx:SOL,9,2026-09-27T03:00:00+00:00,6.30032,True
SOL|dydx:SOL,10,2026-09-28T03:00:00+00:00,3.940391,True
HYPE|lighter:HYPE,1,2026-09-19T03:00:00+00:00,-0.3428219999999997,False
HYPE|lighter:HYPE,2,2026-09-20T03:00:00+00:00,1.5335700000000008,True
HYPE|lighter:HYPE,3,2026-09-21T03:00:00+00:00,3.7545140000000004,True
HYPE|lighter:HYPE,4,2026-09-22T03:00:00+00:00,1.1572790000000002,True
HYPE|lighter:HYPE,5,2026-09-23T03:00:00+00:00,0.15566300000000055,True
HYPE|lighter:HYPE,6,2026-09-24T03:00:00+00:00,1.3896090000000005,True
HYPE|lighter:HYPE,7,2026-09-25T03:00:00+00:00,0.4155010000000004,True
HYPE|lighter:HYPE,8,2026-09-26T03:00:00+00:00,0.3947550000000003,True
HYPE|lighter:HYPE,9,2026-09-27T03:00:00+00:00,0.020637000000000325,True
HYPE|lighter:HYPE,10,2026-09-28T03:00:00+00:00,1.3168060000000006,True
HYPE|aster:HYPE,1,2026-09-19T03:00:00+00:00,0.286978,True
HYPE|aster:HYPE,2,2026-09-20T03:00:00+00:00,1.41357,True
HYPE|aster:HYPE,3,2026-09-21T03:00:00+00:00,5.611914,True
HYPE|aster:HYPE,4,2026-09-22T03:00:00+00:00,4.919979,True
HYPE|aster:HYPE,5,2026-09-23T03:00:00+00:00,3.571863,True
HYPE|aster:HYPE,6,2026-09-24T03:00:00+00:00,3.4452090000000006,True
HYPE|aster:HYPE,7,2026-09-25T03:00:00+00:00,2.549701,True
HYPE|aster:HYPE,8,2026-09-26T03:00:00+00:00,3.8376550000000007,True
HYPE|aster:HYPE,9,2026-09-27T03:00:00+00:00,4.477437,True
HYPE|aster:HYPE,10,2026-09-28T03:00:00+00:00,2.5593060000000003,True
HYPE|dydx:HYPE,1,2026-09-19T03:00:00+00:00,1.704678,True
HYPE|dydx:HYPE,2,2026-09-20T03:00:00+00:00,3.60732,True
HYPE|dydx:HYPE,3,2026-09-21T03:00:00+00:00,6.769514,True
HYPE|dydx:HYPE,4,2026-09-22T03:00:00+00:00,1.594779,True
HYPE|dydx:HYPE,5,2026-09-23T03:00:00+00:00,1.474413,True
HYPE|dydx:HYPE,6,2026-09-24T03:00:00+00:00,2.2433590000000003,True
HYPE|dydx:HYPE,7,2026-09-25T03:00:00+00:00,1.418001,True
HYPE|dydx:HYPE,8,2026-09-26T03:00:00+00:00,1.9435050000000003,True
HYPE|dydx:HYPE,9,2026-09-27T03:00:00+00:00,4.119387000000001,True
HYPE|dydx:HYPE,10,2026-09-28T03:00:00+00:00,2.3268060000000004,True
BTC|rh_lighter:BTC,1,2026-09-19T03:00:00+00:00,-0.15587800000000068,False
BTC|rh_lighter:BTC,2,2026-09-20T03:00:00+00:00,-0.12000000000000074,False
BTC|rh_lighter:BTC,3,2026-09-21T03:00:00+00:00,-2.1163020000000006,False
BTC|rh_lighter:BTC,4,2026-09-22T03:00:00+00:00,-0.42844900000000036,False
BTC|rh_lighter:BTC,5,2026-09-23T03:00:00+00:00,0.08362799999999933,True
BTC|rh_lighter:BTC,6,2026-09-24T03:00:00+00:00,0.6676709999999995,True
BTC|rh_lighter:BTC,7,2026-09-25T03:00:00+00:00,-0.1729740000000002,False
BTC|rh_lighter:BTC,8,2026-09-26T03:00:00+00:00,-0.8658560000000002,False
BTC|rh_lighter:BTC,9,2026-09-27T03:00:00+00:00,-1.4161380000000001,False
BTC|rh_lighter:BTC,10,2026-09-28T03:00:00+00:00,-2.0369729999999997,False
ETH|rh_lighter:ETH,1,2026-09-19T03:00:00+00:00,-0.2897340000000004,False
ETH|rh_lighter:ETH,2,2026-09-20T03:00:00+00:00,-0.14027200000000076,False
ETH|rh_lighter:ETH,3,2026-09-21T03:00:00+00:00,-1.7536440000000004,False
ETH|rh_lighter:ETH,4,2026-09-22T03:00:00+00:00,-0.5218960000000006,False
ETH|rh_lighter:ETH,5,2026-09-23T03:00:00+00:00,-0.6909800000000008,False
ETH|rh_lighter:ETH,6,2026-09-24T03:00:00+00:00,-0.12000000000000074,False
ETH|rh_lighter:ETH,7,2026-09-25T03:00:00+00:00,-0.12000000000000074,False
ETH|rh_lighter:ETH,8,2026-09-26T03:00:00+00:00,-0.12000000000000074,False
ETH|rh_lighter:ETH,9,2026-09-27T03:00:00+00:00,-0.13000000000000045,False
ETH|rh_lighter:ETH,10,2026-09-28T03:00:00+00:00,-0.4700000000000006,False
SOL|rh_lighter:SOL,1,2026-09-19T03:00:00+00:00,0.12000000000000074,True
SOL|rh_lighter:SOL,2,2026-09-20T03:00:00+00:00,0.12000000000000074,True
SOL|rh_lighter:SOL,3,2026-09-21T03:00:00+00:00,0.4189850000000007,True
SOL|rh_lighter:SOL,4,2026-09-22T03:00:00+00:00,1.477702,True
SOL|rh_lighter:SOL,5,2026-09-23T03:00:00+00:00,2.683116,True
SOL|rh_lighter:SOL,6,2026-09-24T03:00:00+00:00,1.2960120000000004,True
SOL|rh_lighter:SOL,7,2026-09-25T03:00:00+00:00,0.12000000000000074,True
SOL|rh_lighter:SOL,8,2026-09-26T03:00:00+00:00,0.9000000000000005,True
SOL|rh_lighter:SOL,9,2026-09-27T03:00:00+00:00,8.29782,True
SOL|rh_lighter:SOL,10,2026-09-28T03:00:00+00:00,6.757891,True
HYPE|rh_lighter:HYPE,1,2026-09-19T03:00:00+00:00,0.15717800000000054,True
HYPE|rh_lighter:HYPE,2,2026-09-20T03:00:00+00:00,1.5335700000000008,True
HYPE|rh_lighter:HYPE,3,2026-09-21T03:00:00+00:00,3.9145140000000005,True
HYPE|rh_lighter:HYPE,4,2026-09-22T03:00:00+00:00,0.18727900000000047,True
HYPE|rh_lighter:HYPE,5,2026-09-23T03:00:00+00:00,0.015663000000000395,True
HYPE|rh_lighter:HYPE,6,2026-09-24T03:00:00+00:00,-0.2403909999999993,False
HYPE|rh_lighter:HYPE,7,2026-09-25T03:00:00+00:00,-0.24449899999999936,False
HYPE|rh_lighter:HYPE,8,2026-09-26T03:00:00+00:00,-0.8052449999999993,False
HYPE|rh_lighter:HYPE,9,2026-09-27T03:00:00+00:00,-0.22936299999999923,False
HYPE|rh_lighter:HYPE,10,2026-09-28T03:00:00+00:00,-0.12319399999999922,False
ZEC|lighter:ZEC,1,2026-09-19T03:00:00+00:00,6.279278,True
ZEC|lighter:ZEC,2,2026-09-20T03:00:00+00:00,1.247106000000001,True
ZEC|lighter:ZEC,3,2026-09-21T03:00:00+00:00,0.5014519999999993,True
ZEC|lighter:ZEC,4,2026-09-22T03:00:00+00:00,-0.8747970000000003,False
ZEC|lighter:ZEC,5,2026-09-23T03:00:00+00:00,-0.07000000000000062,False
ZEC|lighter:ZEC,6,2026-09-24T03:00:00+00:00,-0.06074400000000038,False
ZEC|lighter:ZEC,7,2026-09-25T03:00:00+00:00,0.08695599999999958,True
ZEC|lighter:ZEC,8,2026-09-26T03:00:00+00:00,1.0903379999999998,True
ZEC|lighter:ZEC,9,2026-09-27T03:00:00+00:00,1.8239459999999998,True
ZEC|lighter:ZEC,10,2026-09-28T03:00:00+00:00,0.8364089999999998,True
ZEC|aster:ZEC,1,2026-09-19T03:00:00+00:00,2.3901220000000003,True
ZEC|aster:ZEC,2,2026-09-20T03:00:00+00:00,7.582893999999999,True
ZEC|aster:ZEC,3,2026-09-21T03:00:00+00:00,3.277248,True
ZEC|aster:ZEC,4,2026-09-22T03:00:00+00:00,1.4147969999999999,True
ZEC|aster:ZEC,5,2026-09-23T03:00:00+00:00,0.23390000000000033,True
ZEC|aster:ZEC,6,2026-09-24T03:00:00+00:00,1.160744,True
ZEC|aster:ZEC,7,2026-09-25T03:00:00+00:00,0.9422440000000001,True
ZEC|aster:ZEC,8,2026-09-26T03:00:00+00:00,0.1296620000000001,True
ZEC|aster:ZEC,9,2026-09-27T03:00:00+00:00,0.45535400000000004,True
ZEC|aster:ZEC,10,2026-09-28T03:00:00+00:00,0.5324909999999998,True
ZEC|dydx:ZEC,1,2026-09-19T03:00:00+00:00,-0.9305279999999999,False
ZEC|dydx:ZEC,2,2026-09-20T03:00:00+00:00,5.234144,True
ZEC|dydx:ZEC,3,2026-09-21T03:00:00+00:00,4.426048000000001,True
ZEC|dydx:ZEC,4,2026-09-22T03:00:00+00:00,2.512297,True
ZEC|dydx:ZEC,5,2026-09-23T03:00:00+00:00,1.8462500000000004,True
ZEC|dydx:ZEC,6,2026-09-24T03:00:00+00:00,4.130744,True
ZEC|dydx:ZEC,7,2026-09-25T03:00:00+00:00,15.218044,True
ZEC|dydx:ZEC,8,2026-09-26T03:00:00+00:00,16.508412000000003,True
ZEC|dydx:ZEC,9,2026-09-27T03:00:00+00:00,9.106053999999999,True
ZEC|dydx:ZEC,10,2026-09-28T03:00:00+00:00,-7.743909000000001,False
xyz:NVDA|lighter:NVDA,1,2026-09-19T03:00:00+00:00,-0.47298199999999996,False
xyz:NVDA|lighter:NVDA,2,2026-09-20T03:00:00+00:00,-0.42162700000000014,False
xyz:NVDA|lighter:NVDA,3,2026-09-21T03:00:00+00:00,2.8121530000000003,True
xyz:NVDA|lighter:NVDA,4,2026-09-22T03:00:00+00:00,1.9583169999999996,True
xyz:NVDA|lighter:NVDA,5,2026-09-23T03:00:00+00:00,1.6999999999999995,True
xyz:NVDA|lighter:NVDA,6,2026-09-24T03:00:00+00:00,2.1167659999999997,True
xyz:NVDA|lighter:NVDA,7,2026-09-25T03:00:00+00:00,2.0460540000000003,True
xyz:NVDA|lighter:NVDA,8,2026-09-26T03:00:00+00:00,-0.5373690000000001,False
xyz:NVDA|lighter:NVDA,9,2026-09-27T03:00:00+00:00,-0.08508700000000016,False
xyz:NVDA|lighter:NVDA,10,2026-09-28T03:00:00+00:00,-0.2184190000000002,False
xyz:NVDA|aster:NVDA,1,2026-09-19T03:00:00+00:00,-1.432982,False
xyz:NVDA|aster:NVDA,2,2026-09-20T03:00:00+00:00,-1.011627,False
xyz:NVDA|aster:NVDA,3,2026-09-21T03:00:00+00:00,0.3616530000000002,True
xyz:NVDA|aster:NVDA,4,2026-09-22T03:00:00+00:00,-0.0461830000000001,False
xyz:NVDA|aster:NVDA,5,2026-09-23T03:00:00+00:00,0.279,True
xyz:NVDA|aster:NVDA,6,2026-09-24T03:00:00+00:00,1.4236659999999999,True
xyz:NVDA|aster:NVDA,7,2026-09-25T03:00:00+00:00,2.388354,True
xyz:NVDA|aster:NVDA,8,2026-09-26T03:00:00+00:00,-1.5073690000000002,False
xyz:NVDA|aster:NVDA,9,2026-09-27T03:00:00+00:00,-0.4450870000000001,False
xyz:NVDA|aster:NVDA,10,2026-09-28T03:00:00+00:00,-0.8801190000000002,False
xyz:NVDA|rh_lighter:NVDA,1,2026-09-19T03:00:00+00:00,-0.47298199999999996,False
xyz:NVDA|rh_lighter:NVDA,2,2026-09-20T03:00:00+00:00,-0.07162699999999991,False
xyz:NVDA|rh_lighter:NVDA,3,2026-09-21T03:00:00+00:00,2.402153,True
xyz:NVDA|rh_lighter:NVDA,4,2026-09-22T03:00:00+00:00,1.6483169999999996,True
xyz:NVDA|rh_lighter:NVDA,5,2026-09-23T03:00:00+00:00,0.9199999999999998,True
xyz:NVDA|rh_lighter:NVDA,6,2026-09-24T03:00:00+00:00,0.5867660000000001,True
xyz:NVDA|rh_lighter:NVDA,7,2026-09-25T03:00:00+00:00,1.236054,True
xyz:NVDA|rh_lighter:NVDA,8,2026-09-26T03:00:00+00:00,-0.5473690000000001,False
xyz:NVDA|rh_lighter:NVDA,9,2026-09-27T03:00:00+00:00,0.4349129999999999,True
xyz:NVDA|rh_lighter:NVDA,10,2026-09-28T03:00:00+00:00,1.231581,True
xyz:AAPL|rh_lighter:AAPL,1,2026-09-19T03:00:00+00:00,-0.516484,False
xyz:AAPL|rh_lighter:AAPL,2,2026-09-20T03:00:00+00:00,-0.45632899999999993,False
xyz:AAPL|rh_lighter:AAPL,3,2026-09-21T03:00:00+00:00,0.382657,True
xyz:AAPL|rh_lighter:AAPL,4,2026-09-22T03:00:00+00:00,-1.045035,False
xyz:AAPL|rh_lighter:AAPL,5,2026-09-23T03:00:00+00:00,-1.1337810000000001,False
xyz:AAPL|rh_lighter:AAPL,6,2026-09-24T03:00:00+00:00,-1.171194,False
xyz:AAPL|rh_lighter:AAPL,7,2026-09-25T03:00:00+00:00,-0.40268600000000004,False
xyz:AAPL|rh_lighter:AAPL,8,2026-09-26T03:00:00+00:00,-0.16829199999999997,False
xyz:AAPL|rh_lighter:AAPL,9,2026-09-27T03:00:00+00:00,0.45733500000000005,True
xyz:AAPL|rh_lighter:AAPL,10,2026-09-28T03:00:00+00:00,-0.33993800000000013,False
xyz:META|rh_lighter:META,1,2026-09-19T03:00:00+00:00,0.4362920000000001,True
xyz:META|rh_lighter:META,2,2026-09-20T03:00:00+00:00,1.230238,True
xyz:META|rh_lighter:META,3,2026-09-21T03:00:00+00:00,3.7920370000000005,True
xyz:META|rh_lighter:META,4,2026-09-22T03:00:00+00:00,5.740349,True
xyz:META|rh_lighter:META,5,2026-09-23T03:00:00+00:00,3.742474,True
xyz:META|rh_lighter:META,6,2026-09-24T03:00:00+00:00,1.146689,True
xyz:META|rh_lighter:META,7,2026-09-25T03:00:00+00:00,0.5655729999999999,True
xyz:META|rh_lighter:META,8,2026-09-26T03:00:00+00:00,0.7048080000000002,True
xyz:META|rh_lighter:META,9,2026-09-27T03:00:00+00:00,0.9663430000000001,True
xyz:META|rh_lighter:META,10,2026-09-28T03:00:00+00:00,1.9877599999999997,True
xyz:MSFT|rh_lighter:MSFT,1,2026-09-19T03:00:00+00:00,-0.5214250000000001,False
xyz:MSFT|rh_lighter:MSFT,2,2026-09-20T03:00:00+00:00,-0.6553429999999999,False
xyz:MSFT|rh_lighter:MSFT,3,2026-09-21T03:00:00+00:00,-0.353269,False
xyz:MSFT|rh_lighter:MSFT,4,2026-09-22T03:00:00+00:00,-0.227663,False
xyz:MSFT|rh_lighter:MSFT,5,2026-09-23T03:00:00+00:00,0.12226600000000003,True
xyz:MSFT|rh_lighter:MSFT,6,2026-09-24T03:00:00+00:00,0.093241,True
xyz:MSFT|rh_lighter:MSFT,7,2026-09-25T03:00:00+00:00,0.5020840000000001,True
xyz:MSFT|rh_lighter:MSFT,8,2026-09-26T03:00:00+00:00,-0.49228700000000003,False
xyz:MSFT|rh_lighter:MSFT,9,2026-09-27T03:00:00+00:00,0.4615589999999999,True
xyz:MSFT|rh_lighter:MSFT,10,2026-09-28T03:00:00+00:00,0.049123000000000035,True
xyz:GOLD|lighter:XAU,1,2026-09-19T03:00:00+00:00,0.38917300000000016,True
xyz:GOLD|lighter:XAU,2,2026-09-20T03:00:00+00:00,-0.060605000000000145,False
xyz:GOLD|lighter:XAU,3,2026-09-21T03:00:00+00:00,-0.6724189999999999,False
xyz:GOLD|lighter:XAU,4,2026-09-22T03:00:00+00:00,-0.3407899999999998,False
xyz:GOLD|lighter:XAU,5,2026-09-23T03:00:00+00:00,-0.5473150000000003,False
xyz:GOLD|lighter:XAU,6,2026-09-24T03:00:00+00:00,-1.150161,False
xyz:GOLD|lighter:XAU,7,2026-09-25T03:00:00+00:00,-0.7016509999999999,False
xyz:GOLD|lighter:XAU,8,2026-09-26T03:00:00+00:00,0.5055980000000002,True
xyz:GOLD|lighter:XAU,9,2026-09-27T03:00:00+00:00,0.08138200000000023,True
xyz:GOLD|lighter:XAU,10,2026-09-28T03:00:00+00:00,-2.6854449999999996,False
xyz:GOLD|aster:XAU,1,2026-09-19T03:00:00+00:00,-1.3491730000000002,False
xyz:GOLD|aster:XAU,2,2026-09-20T03:00:00+00:00,-0.255895,False
xyz:GOLD|aster:XAU,3,2026-09-21T03:00:00+00:00,3.698519,True
xyz:GOLD|aster:XAU,4,2026-09-22T03:00:00+00:00,2.5704899999999995,True
xyz:GOLD|aster:XAU,5,2026-09-23T03:00:00+00:00,2.118715,True
xyz:GOLD|aster:XAU,6,2026-09-24T03:00:00+00:00,1.886161,True
xyz:GOLD|aster:XAU,7,2026-09-25T03:00:00+00:00,1.185951,True
xyz:GOLD|aster:XAU,8,2026-09-26T03:00:00+00:00,-1.4655980000000002,False
xyz:GOLD|aster:XAU,9,2026-09-27T03:00:00+00:00,-0.9119820000000002,False
xyz:GOLD|aster:XAU,10,2026-09-28T03:00:00+00:00,6.701344999999999,True
xyz:GOLD|rh_lighter:XAU,1,2026-09-19T03:00:00+00:00,-0.38917300000000016,False
xyz:GOLD|rh_lighter:XAU,2,2026-09-20T03:00:00+00:00,0.580605,True
xyz:GOLD|rh_lighter:XAU,3,2026-09-21T03:00:00+00:00,1.712419,True
xyz:GOLD|rh_lighter:XAU,4,2026-09-22T03:00:00+00:00,1.2807899999999997,True
xyz:GOLD|rh_lighter:XAU,5,2026-09-23T03:00:00+00:00,0.9473150000000004,True
xyz:GOLD|rh_lighter:XAU,6,2026-09-24T03:00:00+00:00,1.570161,True
xyz:GOLD|rh_lighter:XAU,7,2026-09-25T03:00:00+00:00,1.091651,True
xyz:GOLD|rh_lighter:XAU,8,2026-09-26T03:00:00+00:00,-0.5055980000000002,False
xyz:GOLD|rh_lighter:XAU,9,2026-09-27T03:00:00+00:00,-0.49138200000000015,False
xyz:GOLD|rh_lighter:XAU,10,2026-09-28T03:00:00+00:00,-1.624555,False
xyz:SILVER|lighter:XAG,1,2026-09-19T03:00:00+00:00,-0.137524,False
xyz:SILVER|lighter:XAG,2,2026-09-20T03:00:00+00:00,0.8375019999999999,True
xyz:SILVER|lighter:XAG,3,2026-09-21T03:00:00+00:00,2.264675,True
xyz:SILVER|lighter:XAG,4,2026-09-22T03:00:00+00:00,1.799568,True
xyz:SILVER|lighter:XAG,5,2026-09-23T03:00:00+00:00,0.7108220000000005,True
xyz:SILVER|lighter:XAG,6,2026-09-24T03:00:00+00:00,-0.5655519999999997,False
xyz:SILVER|lighter:XAG,7,2026-09-25T03:00:00+00:00,0.6096190000000001,True
xyz:SILVER|lighter:XAG,8,2026-09-26T03:00:00+00:00,-0.5248190000000001,False
xyz:SILVER|lighter:XAG,9,2026-09-27T03:00:00+00:00,-0.18781300000000017,False
xyz:SILVER|lighter:XAG,10,2026-09-28T03:00:00+00:00,1.8535460000000004,True
xyz:SILVER|aster:XAG,1,2026-09-19T03:00:00+00:00,-0.957524,False
xyz:SILVER|aster:XAG,2,2026-09-20T03:00:00+00:00,-0.022498000000000094,False
xyz:SILVER|aster:XAG,3,2026-09-21T03:00:00+00:00,0.42597499999999994,True
xyz:SILVER|aster:XAG,4,2026-09-22T03:00:00+00:00,0.2043679999999998,True
xyz:SILVER|aster:XAG,5,2026-09-23T03:00:00+00:00,1.2438220000000009,True
xyz:SILVER|aster:XAG,6,2026-09-24T03:00:00+00:00,0.16504800000000033,True
xyz:SILVER|aster:XAG,7,2026-09-25T03:00:00+00:00,1.5559189999999996,True
xyz:SILVER|aster:XAG,8,2026-09-26T03:00:00+00:00,-1.484819,False
xyz:SILVER|aster:XAG,9,2026-09-27T03:00:00+00:00,-1.718313,False
xyz:SILVER|aster:XAG,10,2026-09-28T03:00:00+00:00,5.9431460000000005,True
xyz:SILVER|dydx:XAG,1,2026-09-19T03:00:00+00:00,0.957524,True
xyz:SILVER|dydx:XAG,2,2026-09-20T03:00:00+00:00,0.022498000000000094,True
xyz:SILVER|dydx:XAG,3,2026-09-21T03:00:00+00:00,1.8553250000000001,True
xyz:SILVER|dydx:XAG,4,2026-09-22T03:00:00+00:00,2.680432,True
xyz:SILVER|dydx:XAG,5,2026-09-23T03:00:00+00:00,5.314177999999999,True
xyz:SILVER|dydx:XAG,6,2026-09-24T03:00:00+00:00,5.878051999999999,True
xyz:SILVER|dydx:XAG,7,2026-09-25T03:00:00+00:00,1.9403810000000001,True
xyz:SILVER|dydx:XAG,8,2026-09-26T03:00:00+00:00,1.484819,True
xyz:SILVER|dydx:XAG,9,2026-09-27T03:00:00+00:00,1.8153130000000002,True
xyz:SILVER|dydx:XAG,10,2026-09-28T03:00:00+00:00,2.768954,True
xyz:SILVER|rh_lighter:XAG,1,2026-09-19T03:00:00+00:00,-0.002476000000000008,False
xyz:SILVER|rh_lighter:XAG,2,2026-09-20T03:00:00+00:00,-0.6875019999999997,False
xyz:SILVER|rh_lighter:XAG,3,2026-09-21T03:00:00+00:00,0.895325,True
xyz:SILVER|rh_lighter:XAG,4,2026-09-22T03:00:00+00:00,1.6804320000000001,True
xyz:SILVER|rh_lighter:XAG,5,2026-09-23T03:00:00+00:00,4.389178,True
xyz:SILVER|rh_lighter:XAG,6,2026-09-24T03:00:00+00:00,3.665552,True
xyz:SILVER|rh_lighter:XAG,7,2026-09-25T03:00:00+00:00,0.5503810000000002,True
xyz:SILVER|rh_lighter:XAG,8,2026-09-26T03:00:00+00:00,0.5248190000000001,True
xyz:SILVER|rh_lighter:XAG,9,2026-09-27T03:00:00+00:00,0.7278130000000002,True
xyz:SILVER|rh_lighter:XAG,10,2026-09-28T03:00:00+00:00,0.7764540000000002,True
xyz:SP500|lighter:SPY,1,2026-09-19T03:00:00+00:00,0.5091589999999999,True
xyz:SP500|lighter:SPY,2,2026-09-20T03:00:00+00:00,-1.4088389999999997,False
xyz:SP500|lighter:SPY,3,2026-09-21T03:00:00+00:00,-4.376628,False
xyz:SP500|lighter:SPY,4,2026-09-22T03:00:00+00:00,-1.7500989999999998,False
xyz:SP500|lighter:SPY,5,2026-09-23T03:00:00+00:00,-1.708759,False
xyz:SP500|lighter:SPY,6,2026-09-24T03:00:00+00:00,-1.2170800000000002,False
xyz:SP500|lighter:SPY,7,2026-09-25T03:00:00+00:00,-1.3615589999999997,False
xyz:SP500|lighter:SPY,8,2026-09-26T03:00:00+00:00,0.52806,True
xyz:SP500|lighter:SPY,9,2026-09-27T03:00:00+00:00,-0.421349,False
xyz:SP500|lighter:SPY,10,2026-09-28T03:00:00+00:00,-3.612401,False
xyz:SP500|aster:SPY,1,2026-09-19T03:00:00+00:00,-1.4691589999999999,False
xyz:SP500|aster:SPY,2,2026-09-20T03:00:00+00:00,-1.121161,False
xyz:SP500|aster:SPY,3,2026-09-21T03:00:00+00:00,3.3737279999999994,True
xyz:SP500|aster:SPY,4,2026-09-22T03:00:00+00:00,0.440099,True
xyz:SP500|aster:SPY,5,2026-09-23T03:00:00+00:00,2.740059,True
xyz:SP500|aster:SPY,6,2026-09-24T03:00:00+00:00,1.79078,True
xyz:SP500|aster:SPY,7,2026-09-25T03:00:00+00:00,-0.508441,False
xyz:SP500|aster:SPY,8,2026-09-26T03:00:00+00:00,-1.48806,False
xyz:SP500|aster:SPY,9,2026-09-27T03:00:00+00:00,-0.7386510000000001,False
xyz:SP500|aster:SPY,10,2026-09-28T03:00:00+00:00,-0.19489900000000002,False
xyz:SP500|rh_lighter:SPY,1,2026-09-19T03:00:00+00:00,-0.5091589999999999,False
xyz:SP500|rh_lighter:SPY,2,2026-09-20T03:00:00+00:00,0.14883899999999994,True
xyz:SP500|rh_lighter:SPY,3,2026-09-21T03:00:00+00:00,0.43662800000000007,True
xyz:SP500|rh_lighter:SPY,4,2026-09-22T03:00:00+00:00,1.4600989999999998,True
xyz:SP500|rh_lighter:SPY,5,2026-09-23T03:00:00+00:00,1.678759,True
xyz:SP500|rh_lighter:SPY,6,2026-09-24T03:00:00+00:00,0.63708,True
xyz:SP500|rh_lighter:SPY,7,2026-09-25T03:00:00+00:00,0.6415589999999999,True
xyz:SP500|rh_lighter:SPY,8,2026-09-26T03:00:00+00:00,-0.52806,False
xyz:SP500|rh_lighter:SPY,9,2026-09-27T03:00:00+00:00,0.24134899999999992,True
xyz:SP500|rh_lighter:SPY,10,2026-09-28T03:00:00+00:00,1.342401,True
xyz:SP500|lighter:US500,1,2026-09-19T03:00:00+00:00,11.169158999999999,True
xyz:SP500|lighter:US500,2,2026-09-20T03:00:00+00:00,13.041160999999999,True
xyz:SP500|lighter:US500,3,2026-09-21T03:00:00+00:00,0.20337200000000005,True
xyz:SP500|lighter:US500,4,2026-09-22T03:00:00+00:00,-0.11009899999999997,False
xyz:SP500|lighter:US500,5,2026-09-23T03:00:00+00:00,-1.008759,False
xyz:SP500|lighter:US500,6,2026-09-24T03:00:00+00:00,-0.53708,False
xyz:SP500|lighter:US500,7,2026-09-25T03:00:00+00:00,-0.11155899999999985,False
xyz:SP500|lighter:US500,8,2026-09-26T03:00:00+00:00,0.52806,True
xyz:SP500|lighter:US500,9,2026-09-27T03:00:00+00:00,-0.22134899999999996,False
xyz:SP500|lighter:US500,10,2026-09-28T03:00:00+00:00,-0.572401,False
xyz:XYZ100|lighter:US100,1,2026-09-19T03:00:00+00:00,11.258455000000001,True
xyz:XYZ100|lighter:US100,2,2026-09-20T03:00:00+00:00,14.599681,True
xyz:XYZ100|lighter:US100,3,2026-09-21T03:00:00+00:00,0.42114399999999996,True
xyz:XYZ100|lighter:US100,4,2026-09-22T03:00:00+00:00,0.08326800000000004,True
xyz:XYZ100|lighter:US100,5,2026-09-23T03:00:00+00:00,-0.019027999999999982,False
xyz:XYZ100|lighter:US100,6,2026-09-24T03:00:00+00:00,-0.364509,False
xyz:XYZ100|lighter:US100,7,2026-09-25T03:00:00+00:00,-1.6728849999999997,False
xyz:XYZ100|lighter:US100,8,2026-09-26T03:00:00+00:00,0.5069049999999999,True
xyz:XYZ100|lighter:US100,9,2026-09-27T03:00:00+00:00,0.019749000000000138,True
xyz:XYZ100|lighter:US100,10,2026-09-28T03:00:00+00:00,-0.023649999999999952,False
xyz:BRENTOIL|lighter:BRENTOIL,1,2026-09-19T03:00:00+00:00,-0.3864909999999998,False
xyz:BRENTOIL|lighter:BRENTOIL,2,2026-09-20T03:00:00+00:00,-0.2611769999999999,False
xyz:BRENTOIL|lighter:BRENTOIL,3,2026-09-21T03:00:00+00:00,-0.3771570000000001,False
xyz:BRENTOIL|lighter:BRENTOIL,4,2026-09-22T03:00:00+00:00,-1.0429630000000003,False
xyz:BRENTOIL|lighter:BRENTOIL,5,2026-09-23T03:00:00+00:00,-2.8808260000000003,False
xyz:BRENTOIL|lighter:BRENTOIL,6,2026-09-24T03:00:00+00:00,-1.7770220000000003,False
xyz:BRENTOIL|lighter:BRENTOIL,7,2026-09-25T03:00:00+00:00,-0.956232000000001,False
xyz:BRENTOIL|lighter:BRENTOIL,8,2026-09-26T03:00:00+00:00,0.45671499999999976,True
xyz:BRENTOIL|lighter:BRENTOIL,9,2026-09-27T03:00:00+00:00,0.5028599999999999,True
xyz:BRENTOIL|lighter:BRENTOIL,10,2026-09-28T03:00:00+00:00,-1.086105,False
xyz:EUR|lighter:EURUSD,1,2026-09-19T03:00:00+00:00,0.0077469999999999995,True
xyz:EUR|lighter:EURUSD,2,2026-09-20T03:00:00+00:00,-0.10696399999999981,False
xyz:EUR|lighter:EURUSD,3,2026-09-21T03:00:00+00:00,4.189631,True
xyz:EUR|lighter:EURUSD,4,2026-09-22T03:00:00+00:00,2.1957669999999996,True
xyz:EUR|lighter:EURUSD,5,2026-09-23T03:00:00+00:00,3.761388,True
xyz:EUR|lighter:EURUSD,6,2026-09-24T03:00:00+00:00,4.279866,True
xyz:EUR|lighter:EURUSD,7,2026-09-25T03:00:00+00:00,2.8112299999999997,True
xyz:EUR|lighter:EURUSD,8,2026-09-26T03:00:00+00:00,-0.04444,False
xyz:EUR|lighter:EURUSD,9,2026-09-27T03:00:00+00:00,0.39922300000000005,True
xyz:EUR|lighter:EURUSD,10,2026-09-28T03:00:00+00:00,0.867605,True
@142|BTC,1,2026-09-19T03:00:00+00:00,3.0358780000000003,True
@142|BTC,2,2026-09-20T03:00:00+00:00,3.0000000000000004,True
@142|BTC,3,2026-09-21T03:00:00+00:00,4.996302,True
@142|BTC,4,2026-09-22T03:00:00+00:00,3.308449,True
@142|BTC,5,2026-09-23T03:00:00+00:00,2.7963720000000003,True
@142|BTC,6,2026-09-24T03:00:00+00:00,2.192329,True
@142|BTC,7,2026-09-25T03:00:00+00:00,2.712974,True
@142|BTC,8,2026-09-26T03:00:00+00:00,2.405856,True
@142|BTC,9,2026-09-27T03:00:00+00:00,2.546138,True
@142|BTC,10,2026-09-28T03:00:00+00:00,1.2469729999999999,True
@151|ETH,1,2026-09-19T03:00:00+00:00,3.169734,True
@151|ETH,2,2026-09-20T03:00:00+00:00,3.0202720000000003,True
@151|ETH,3,2026-09-21T03:00:00+00:00,4.633644,True
@151|ETH,4,2026-09-22T03:00:00+00:00,3.4018960000000003,True
@151|ETH,5,2026-09-23T03:00:00+00:00,3.5709800000000005,True
@151|ETH,6,2026-09-24T03:00:00+00:00,3.0000000000000004,True
@151|ETH,7,2026-09-25T03:00:00+00:00,3.0000000000000004,True
@151|ETH,8,2026-09-26T03:00:00+00:00,3.0000000000000004,True
@151|ETH,9,2026-09-27T03:00:00+00:00,3.0000000000000004,True
@151|ETH,10,2026-09-28T03:00:00+00:00,3.0000000000000004,True
@156|SOL,1,2026-09-19T03:00:00+00:00,3.0000000000000004,True
@156|SOL,2,2026-09-20T03:00:00+00:00,3.0000000000000004,True
@156|SOL,3,2026-09-21T03:00:00+00:00,3.298985,True
@156|SOL,4,2026-09-22T03:00:00+00:00,3.737702,True
@156|SOL,5,2026-09-23T03:00:00+00:00,3.253116,True
@156|SOL,6,2026-09-24T03:00:00+00:00,2.566012,True
@156|SOL,7,2026-09-25T03:00:00+00:00,3.0000000000000004,True
@156|SOL,8,2026-09-26T03:00:00+00:00,3.0000000000000004,True
@156|SOL,9,2026-09-27T03:00:00+00:00,2.92782,True
@156|SOL,10,2026-09-28T03:00:00+00:00,2.547891,True
@107|HYPE,1,2026-09-19T03:00:00+00:00,3.037178,True
@107|HYPE,2,2026-09-20T03:00:00+00:00,4.41357,True
@107|HYPE,3,2026-09-21T03:00:00+00:00,6.794514,True
@107|HYPE,4,2026-09-22T03:00:00+00:00,3.067279,True
@107|HYPE,5,2026-09-23T03:00:00+00:00,3.035663,True
@107|HYPE,6,2026-09-24T03:00:00+00:00,2.639609,True
@107|HYPE,7,2026-09-25T03:00:00+00:00,2.635501,True
@107|HYPE,8,2026-09-26T03:00:00+00:00,2.074755,True
@107|HYPE,9,2026-09-27T03:00:00+00:00,2.650637,True
@107|HYPE,10,2026-09-28T03:00:00+00:00,2.7568060000000005,True
@272|ZEC,1,2026-09-19T03:00:00+00:00,2.770722,True
@272|ZEC,2,2026-09-20T03:00:00+00:00,10.582894,True
@272|ZEC,3,2026-09-21T03:00:00+00:00,4.478548,True
@272|ZEC,4,2026-09-22T03:00:00+00:00,4.414797,True
@272|ZEC,5,2026-09-23T03:00:00+00:00,3.0000000000000004,True
@272|ZEC,6,2026-09-24T03:00:00+00:00,4.160744,True
@272|ZEC,7,2026-09-25T03:00:00+00:00,3.3830440000000004,True
@272|ZEC,8,2026-09-26T03:00:00+00:00,3.1296620000000006,True
@272|ZEC,9,2026-09-27T03:00:00+00:00,3.3860539999999997,True
@272|ZEC,10,2026-09-28T03:00:00+00:00,3.353591,True
rh_lighter:NVDA_USDG|NVDA,1,2026-09-19T03:00:00+00:00,0.9600000000000001,True
rh_lighter:NVDA_USDG|NVDA,2,2026-09-20T03:00:00+00:00,0.9400000000000001,True
rh_lighter:NVDA_USDG|NVDA,3,2026-09-21T03:00:00+00:00,4.2,True
rh_lighter:NVDA_USDG|NVDA,4,2026-09-22T03:00:00+00:00,3.2699999999999996,True
rh_lighter:NVDA_USDG|NVDA,5,2026-09-23T03:00:00+00:00,2.42,True
rh_lighter:NVDA_USDG|NVDA,6,2026-09-24T03:00:00+00:00,2.19,True
rh_lighter:NVDA_USDG|NVDA,7,2026-09-25T03:00:00+00:00,2.61,True
rh_lighter:NVDA_USDG|NVDA,8,2026-09-26T03:00:00+00:00,0.9600000000000001,True
rh_lighter:NVDA_USDG|NVDA,9,2026-09-27T03:00:00+00:00,0.88,True
rh_lighter:NVDA_USDG|NVDA,10,2026-09-28T03:00:00+00:00,2.75,True
rh_lighter:SPY_USDG|SPY,1,2026-09-19T03:00:00+00:00,0.9600000000000001,True
rh_lighter:SPY_USDG|SPY,2,2026-09-20T03:00:00+00:00,1.27,True
rh_lighter:SPY_USDG|SPY,3,2026-09-21T03:00:00+00:00,1.6,True
rh_lighter:SPY_USDG|SPY,4,2026-09-22T03:00:00+00:00,1.02,True
rh_lighter:SPY_USDG|SPY,5,2026-09-23T03:00:00+00:00,0.9600000000000001,True
rh_lighter:SPY_USDG|SPY,6,2026-09-24T03:00:00+00:00,1.04,True
rh_lighter:SPY_USDG|SPY,7,2026-09-25T03:00:00+00:00,1.1500000000000001,True
rh_lighter:SPY_USDG|SPY,8,2026-09-26T03:00:00+00:00,0.9600000000000001,True
rh_lighter:SPY_USDG|SPY,9,2026-09-27T03:00:00+00:00,0.98,True
rh_lighter:SPY_USDG|SPY,10,2026-09-28T03:00:00+00:00,1.73,True
