pair,match_type,hl_coin,venue,other_coin,price_multiplier,paired_closed_candles,paired_holdout_candles,other_zero_volume_holdout_fraction,price_history_usable,train_hl_events,train_other_events,holdout_hl_events,holdout_other_events,side_hl,train_funding_edge_bps,train_last7d_funding_edge_bps,train_last7d_agrees_20d,holdout_funding_edge_bps,holdout_funding_win_days,rh_overnight_funding_hours,rh_overnight_funding_edge_bps,worst_funding_day_bps,basis_change_bps,estimated_funding_cash_bps,gross_fixed_unit_bps,proxy_basis_change_bps,proxy_combined_change_bps,hl_taker_fee_bps_per_side,other_taker_fee_bps_per_side,known_roundtrip_taker_fees_bps,gross_minus_known_fees_bps,illustrative_5pct_financing_40pct_capital_bps,gross_minus_fees_financing_bps,fee_sensitivity_10bps,fee_sensitivity_20bps,fee_sensitivity_40bps,funding_price_missing_events
BTC|lighter:BTC,same_underlying,BTC,lighter,BTC,1,719,240,0.0,True,480,480,240,240,long,1.9353999999999898,0.060219999999998414,True,-2.0712710000000056,5,,,-2.1163020000000006,-6.553305546334564,-2.1766806346993426,-8.729986181033906,,,4.5,0,9.08797167201505,-17.817957853048956,5.479452054794521,-23.297409907843477,-18.729986181033908,-28.729986181033908,-48.72998618103391,0
BTC|aster:BTC,same_underlying,BTC,aster,BTC,1,719,240,0.0,True,480,60,240,30,short,15.358100000000004,4.488080000000002,True,14.753271,9,,,-0.326727,10.168074459321195,15.457112102615191,25.62518656193639,,,4.5,4,17.16420641068201,8.460980151254379,5.479452054794521,2.981528096459858,15.625186561936388,5.625186561936388,-14.374813438063612,0
BTC|dydx:BTC,same_underlying,BTC,dydx,BTC,1,720,240,0.0,True,480,480,240,240,short,42.230850000000004,12.42603,True,28.495020999999998,10,,,0.3919729999999999,11.680375739244832,29.46616971662181,41.146545455866644,,,4.5,5,19.186025352562922,21.960520103303722,5.479452054794521,16.4810680485092,31.146545455866644,21.146545455866644,1.1465454558666437,0
ETH|lighter:ETH,same_underlying,ETH,lighter,ETH,1,719,240,0.0,True,480,480,240,240,short,12.717110000000009,7.9458,True,4.236526000000007,10,,,0.12000000000000074,0.38090884851393664,4.3950197413629315,4.775928589876868,,,4.5,0,9.05570791909496,-4.279779329218092,5.479452054794521,-9.759231384012613,-5.224071410123132,-15.224071410123132,-35.22407141012313,0
ETH|aster:ETH,same_underlying,ETH,aster,ETH,1,719,240,0.0,True,480,60,240,30,short,18.178110000000004,6.1976,True,9.284626000000003,10,,,0.22143399999999996,5.523178303433028,9.538583296766106,15.061761600199134,,,4.5,4,17.098689673561115,-2.036928073361981,5.479452054794521,-7.516380128156502,5.061761600199134,-4.938238399800866,-24.938238399800866,0
ETH|dydx:ETH,same_underlying,ETH,dydx,ETH,1,720,240,0.0,True,480,480,240,240,short,35.764610000000005,8.3533,True,9.510276000000003,5,,,-6.214727999999999,5.332723879176059,10.003718385327419,15.336442264503479,,,4.5,5,19.10427379728031,-3.7678315327768317,5.479452054794521,-9.247283587571353,5.336442264503479,-4.663557735496521,-24.66355773549652,0
SOL|lighter:SOL,same_underlying,SOL,lighter,SOL,1,719,240,0.0,True,480,480,240,240,short,7.766439000000004,0.7925840000000015,True,5.111526000000001,10,,,0.06601200000000082,0.615980288631204,5.400347311422013,6.016327600053216,,,4.5,0,9.129883843717002,-3.113556243663785,5.479452054794521,-8.593008298458306,-3.9836723999467836,-13.983672399946784,-33.983672399946784,0
SOL|aster:SOL,same_underlying,SOL,aster,SOL,1,719,240,0.0,True,480,60,240,30,short,16.951339,3.3674839999999993,True,16.135026,8,,,-0.0,1.7599436818030827,16.901727705649414,18.661671387452497,,,4.5,4,17.243224216825062,1.4184471706274344,5.479452054794521,-4.061004884167087,8.661671387452497,-1.3383286125475031,-21.338328612547503,0
SOL|dydx:SOL,same_underlying,SOL,dydx,SOL,1,720,240,0.004166666666666667,True,480,480,240,240,short,40.857689,16.392584,True,22.750276,8,,,-6.118134,-0.8799718409002909,24.640801508887716,23.760829667987426,,,4.5,5,19.279919042590638,4.480910625396788,5.479452054794521,-0.9985414293977328,13.760829667987426,3.7608296679874265,-16.239170332012574,0
HYPE|lighter:HYPE,same_underlying,HYPE,lighter,HYPE,1,719,240,0.0,True,480,480,240,240,short,14.652427000000005,0.006219000000002185,True,9.795512000000004,9,,,-0.3428219999999997,-0.26512540431600046,9.689071906887943,9.423946502571942,,,4.5,0,8.621273662442334,0.8026728401296079,5.479452054794521,-4.676779214664913,-0.5760534974280578,-10.576053497428058,-30.576053497428056,0
HYPE|aster:HYPE,same_underlying,HYPE,aster,HYPE,1,719,240,0.0,True,480,120,240,60,short,10.118026999999998,3.3916190000000004,True,32.673612,10,,,0.286978,7.529561482582551,32.34440228707777,39.87396376966032,,,4.5,4,16.28153136433533,23.592432405324992,5.479452054794521,18.11298035053047,29.87396376966032,19.87396376966032,-0.12603623033967892,0
HYPE|dydx:HYPE,same_underlying,HYPE,dydx,HYPE,1,720,240,0.37916666666666665,False,480,480,240,240,short,35.654927,10.587469,True,27.201762000000006,10,,,1.418001,,,,,,4.5,5,18.216745320536614,,,,,,,0
BTC|rh_lighter:BTC,same_underlying,BTC,rh_lighter,BTC,1,718,240,0.0,True,479,479,240,240,long,3.540399999999999,1.7602199999999963,True,-6.561271000000003,2,51,-0.10595900000000076,-2.1163020000000006,-5.5205144283388945,-6.809834692707784,-12.330349121046678,,,4.5,0,9.08797167201505,-21.418320793061728,5.479452054794521,-26.89777284785625,-22.33034912104668,-32.33034912104668,-52.33034912104668,0
ETH|rh_lighter:ETH,same_underlying,ETH,rh_lighter,ETH,1,718,240,0.0,True,479,479,240,240,long,1.6578899999999952,1.6041999999999987,True,-4.356526000000006,0,51,-1.1613760000000009,-1.7536440000000004,0.6475450424716137,-4.509056460975895,-3.861511418504281,,,4.5,0,9.05570791909496,-12.917219337599242,5.479452054794521,-18.396671392393763,-13.861511418504282,-23.861511418504282,-43.86151141850428,0
SOL|rh_lighter:SOL,same_underlying,SOL,rh_lighter,SOL,1,718,240,0.0,True,479,479,240,240,short,0.9214390000000057,-4.077415999999999,False,22.191526000000003,10,51,5.002447000000001,0.12000000000000074,-2.903907074973711,23.364628902411123,20.46072182743741,,,4.5,0,9.129883843717002,11.330837983720409,5.479452054794521,5.851385928925888,10.46072182743741,0.4607218274374105,-19.53927817256259,0
HYPE|rh_lighter:HYPE,same_underlying,HYPE,rh_lighter,HYPE,1,718,240,0.0,True,479,479,240,240,short,13.187427000000007,4.376219000000003,True,4.165512000000003,5,51,1.957719000000001,-0.8052449999999993,4.878307439419532,4.181539216925587,9.059846656345119,,,4.5,0,8.621273662442334,0.4385729939027847,5.479452054794521,-5.040879060891736,-0.940153343654881,-10.940153343654881,-30.94015334365488,0
ZEC|lighter:ZEC,same_underlying,ZEC,lighter,ZEC,1,719,240,0.0,True,480,480,240,240,long,14.524120999999989,3.670946999999999,True,10.859944,7,,,-0.8747970000000003,-5.055200464846854,10.292750435147509,5.237549970300655,,,4.5,0,8.497094712376525,-3.259544742075869,5.479452054794521,-8.73899679687039,-4.762450029699345,-14.762450029699345,-34.762450029699345,0
ZEC|aster:ZEC,same_underlying,ZEC,aster,ZEC,1,719,240,0.0,True,480,250,240,30,short,48.882879,38.131752999999996,True,18.119456,10,,,0.1296620000000001,15.68855316676392,17.889161628897952,33.577714795661876,,,4.5,4,16.055568467944994,17.522146327716882,5.479452054794521,12.042694272922361,23.577714795661876,13.577714795661876,-6.422285204338124,0
ZEC|dydx:ZEC,same_underlying,ZEC,dydx,ZEC,1,720,240,0.4791666666666667,False,480,480,240,240,short,15.824629000000005,1.811553,True,50.307556,8,,,-7.743909000000001,,,,,,4.5,5,18.030118148363353,,,,,,,0
xyz:NVDA|lighter:NVDA,synthetic_equity_proxy,xyz:NVDA,lighter,NVDA,1,719,240,0.0,True,480,480,240,240,long,19.608770000000003,21.539005,True,8.897806,5,,,-0.5373690000000001,,,,-0.45016656162611346,8.631682069867566,0.9,0,1.8253623840821105,,,,,,,0
xyz:NVDA|aster:NVDA,synthetic_equity_proxy,xyz:NVDA,aster,NVDA,1,719,240,0.26666666666666666,False,480,64,240,30,long,16.54827,8.308504999999998,True,-0.8706940000000009,4,,,-1.5073690000000002,,,,,,0.9,4,9.94744755559557,,,,,,,0
xyz:NVDA|rh_lighter:NVDA,synthetic_equity_proxy,xyz:NVDA,rh_lighter,NVDA,1,718,240,0.0,True,479,479,240,240,long,11.301269999999999,12.129005,True,7.367806,7,51,3.570719,-0.5473690000000001,,,,1.2794503209869455e-12,7.526121477447948,0.9,0,1.8253623840821105,,,,,,,0
xyz:AAPL|rh_lighter:AAPL,synthetic_equity_proxy,xyz:AAPL,rh_lighter,AAPL,1,718,240,0.0,True,479,479,240,240,long,28.443680999999998,13.778923,True,-4.393747000000002,2,51,-1.2576940000000003,-1.171194,,,,4.477611940299526,0.03791554355326632,0.9,0,1.8070388059701494,,,,,,,0
xyz:META|rh_lighter:META,synthetic_equity_proxy,xyz:META,rh_lighter,META,1,718,240,0.008333333333333333,True,479,479,240,240,short,7.384442000000003,5.7250440000000005,True,20.312563,10,51,9.862484,0.4362920000000001,,,,12.237892694575779,34.37347379865759,0.9,0,1.8621087978509065,,,,,,,0
xyz:MSFT|rh_lighter:MSFT,synthetic_equity_proxy,xyz:MSFT,rh_lighter,MSFT,1,718,240,0.008333333333333333,True,479,479,240,240,long,8.988494,4.893453999999999,True,-1.021714,5,51,0.6008879999999999,-0.6553429999999999,,,,-13.554795767667077,-14.545687861599793,0.9,0,1.8248720386817456,,,,,,,0
xyz:GOLD|lighter:XAU,commodity_proxy,xyz:GOLD,lighter,XAU,1,719,240,0.0,True,480,480,240,240,short,0.6233460000000003,-0.41730900000000115,False,-5.182233,3,,,-2.6854449999999996,,,,0.2513136851717445,-4.746771932557302,9.0,0,17.509801233721728,,,,,,,0
xyz:GOLD|aster:XAU,commodity_proxy,xyz:GOLD,aster,XAU,1,719,240,0.004166666666666667,True,480,120,240,60,long,21.896354,0.5400090000000011,True,14.178532999999998,6,,,-1.4655980000000002,,,,3.1756911126349725,16.925089803701916,9.0,4,25.30197852410327,,,,,,,0
xyz:GOLD|rh_lighter:XAU,commodity_proxy,xyz:GOLD,rh_lighter,XAU,1,718,240,0.0,True,479,479,240,240,long,5.099153999999998,-2.3426909999999985,False,4.172232999999997,6,51,1.1184879999999997,-1.624555,,,,6.031528444140569,10.23365466045313,9.0,0,17.509801233721728,,,,,,,0
xyz:SILVER|lighter:XAG,commodity_proxy,xyz:SILVER,lighter,XAG,1,719,240,0.0,True,480,480,240,240,long,0.7245079999999935,9.823583000000001,True,6.6600240000000035,6,,,-0.5655519999999997,,,,-4.935076659194096,1.5625979249053206,0.9,0,1.7217850533379475,,,,,,,0
xyz:SILVER|aster:XAG,commodity_proxy,xyz:SILVER,aster,XAG,1,719,240,0.025,True,480,120,240,60,long,2.2174080000000007,-7.081416999999999,False,5.355124000000003,6,,,-1.718313,,,,-2.4073544678980987,2.5163522242915333,0.9,4,9.377172261258144,,,,,,,0
xyz:SILVER|dydx:XAG,commodity_proxy,xyz:SILVER,dydx,XAG,1,720,240,0.9375,False,480,480,240,240,short,38.964242000000006,15.276417,True,24.717476,10,,,0.022498000000000094,,,,,,0.9,5,11.600965950980244,,,,,,,0
xyz:SILVER|rh_lighter:XAG,commodity_proxy,xyz:SILVER,rh_lighter,XAG,1,718,240,0.0,True,479,479,240,240,short,3.022992000000003,2.526417000000001,True,12.519976,8,51,5.641745,-0.6875019999999997,,,,10.697681416727228,22.848361360711102,0.9,0,1.7217850533379475,,,,,,,0
xyz:SP500|lighter:SPY,index_etf_proxy,xyz:SP500,lighter,SPY,10,719,240,0.0,True,480,480,240,240,short,1.171936,-2.3659879999999993,False,-14.819495,2,,,-4.376628,,,,,,0.9,0,1.8016579566239876,,,,,,,0
xyz:SP500|aster:SPY,index_etf_proxy,xyz:SP500,aster,SPY,10,719,240,0.2833333333333333,False,480,60,240,30,long,4.7217639999999985,3.7809879999999993,True,2.824295,4,,,-1.48806,,,,,,0.9,4,9.793871178468773,,,,,,,0
xyz:SP500|rh_lighter:SPY,index_etf_proxy,xyz:SP500,rh_lighter,SPY,10,718,240,0.0,True,479,479,240,240,long,11.210563999999998,10.115988000000002,True,5.549495,8,51,3.035592,-0.52806,,,,,,0.9,0,1.8016579566239876,,,,,,,0
xyz:SP500|lighter:US500,index_reference_proxy,xyz:SP500,lighter,US500,1,718,240,0.0,True,479,479,240,240,short,6.169436,3.1240120000000005,True,22.380505,4,,,-1.008759,,,,6.271230729029622,28.598323397294596,0.9,0,1.8016579566239876,,,,,,,0
xyz:XYZ100|lighter:US100,index_reference_proxy,xyz:XYZ100,lighter,US100,1,718,240,0.025,True,479,479,240,240,short,9.490916,2.1138500000000002,True,24.80913,6,,,-1.6728849999999997,,,,-3.3751856352099368,21.357513351019286,0.9,0,1.8169501822600242,,,,,,,0
xyz:BRENTOIL|lighter:BRENTOIL,commodity_proxy,xyz:BRENTOIL,lighter,BRENTOIL,1,719,240,0.0,True,480,480,240,240,long,79.36364699999997,-4.095798000000005,False,-7.808398000000001,2,,,-2.8808260000000003,,,,0.9034330455732122,-6.777119614986914,0.9,0,1.796828950010038,,,,,,,0
xyz:EUR|lighter:EURUSD,fx_quote_proxy,xyz:EUR,lighter,EURUSD,1,719,240,0.06666666666666667,True,480,480,240,240,short,33.510563,9.056041,True,18.361053,8,,,-0.10696399999999981,,,,2.260279926976867,20.48831912083936,0.9,0,1.7899069807876207,,,,,,,0
