long,short,asset,horizon_s,anchors,insufficient_entry_top_depth,entry_qualified,insufficient_exit_top_depth,entry_source_skew_gt_500ms,complete_same_quantity_books,future_quote_skew_gt_500ms,missing_future_quote,missing_or_stale_entry,gross_median_bps,net_median_bps,net_p90_bps,net_min_bps,four_taker_fee_median_bps,actual_exit_receipt_elapsed_median_s,actual_exit_receipt_elapsed_max_s
hyperliquid,lighter,BTC,1,388,124,229,64,32,141,21,3,3,-0.5630293374219354,-9.562975430357714,-9.059839246783739,-11.371153224164509,8.999946084539442,1.410130927,1.750975176
hyperliquid,lighter,BTC,2,387,123,229,65,32,142,17,5,3,-0.5570423256846513,-9.556988418296845,-8.941216706583191,-12.209041036820894,8.999946081955429,2.411018329,2.669989588
hyperliquid,lighter,BTC,5,384,122,227,56,32,149,18,4,3,-0.6829128028175652,-9.682158004456555,-8.892164222489814,-12.773290920854,8.999946081955429,5.412593674,5.750975176
hyperliquid,lighter,BTC,10,379,120,225,52,31,151,19,3,3,-0.7306614282623757,-9.730607527009472,-8.808237479031176,-13.048340142085625,8.999946081955429,10.415407026,10.787564979
lighter,hyperliquid,BTC,1,388,103,250,83,32,142,18,7,3,-0.5934990128017152,-9.59476152970472,-9.133399301024015,-11.109445852128097,9.001585241829869,1.4121760134999999,1.750975176
lighter,hyperliquid,BTC,2,387,103,249,78,32,147,20,4,3,-0.7671276224687762,-9.768567663091616,-9.006680431613269,-12.046216175061081,9.001510773252118,2.408024526,2.671601622
lighter,hyperliquid,BTC,5,384,103,246,79,32,147,15,5,3,-0.8388447430199129,-9.84082921001197,-8.775435540603803,-12.573770708014502,9.001466818621408,5.405839606,5.750975176
lighter,hyperliquid,BTC,10,379,102,243,76,31,141,19,7,3,-0.9584086582638188,-9.9587352259886,-8.786434755935016,-13.00306838544125,9.001434044724943,10.409499652,10.750975176
hyperliquid,lighter,ETH,1,388,144,197,72,45,99,23,3,2,-1.0037547864232195,-10.003587493958815,-8.992388566426984,-13.275687032836604,8.999832583057405,1.40214338,1.613511538
hyperliquid,lighter,ETH,2,387,144,197,72,44,102,20,3,2,-0.9856244104226258,-9.985457040180997,-8.668738044344842,-14.986296530438166,8.999832626645837,2.3873575465,2.63406143
hyperliquid,lighter,ETH,5,384,143,195,64,44,104,23,4,2,-1.1533167731192635,-10.152982088702373,-8.813214843460523,-13.535669121475117,8.999832583057405,5.40318695,5.63406143
hyperliquid,lighter,ETH,10,379,143,190,66,44,94,28,2,2,-1.3210500424893128,-10.320966299747017,-8.851241253536447,-15.767648590345026,8.999832639095507,10.390911329,10.63406143
lighter,hyperliquid,ETH,1,388,138,203,71,45,103,26,3,2,-1.0419457592831967,-10.046868952995798,-9.191394816560676,-12.504066705129816,9.005258691914342,1.38988467,1.643974912
lighter,hyperliquid,ETH,2,387,138,203,73,44,102,25,3,2,-1.227954966468837,-10.233078837924666,-9.117129469667265,-13.360668250292546,9.005324433249086,2.387413737,2.63406143
lighter,hyperliquid,ETH,5,384,136,202,81,44,98,20,3,2,-1.3028083952180394,-10.308269033464558,-8.895514627468328,-14.067071241086664,9.005345161130972,5.3972528319999995,5.665462355
lighter,hyperliquid,ETH,10,379,133,200,79,44,89,28,4,2,-1.2283091765876157,-10.234439556023487,-8.84200561896214,-13.432227682226195,9.00542566136877,10.405996846,10.747101943
hyperliquid,rh_lighter,BTC,1,388,215,122,76,25,23,11,12,26,-1.3059679139252336,-10.305967913925235,-9.833839465620805,-13.351733521951099,8.99994606903164,1.378953441,1.607270803
hyperliquid,rh_lighter,BTC,2,387,215,121,74,25,29,9,9,26,-1.1503618846769186,-10.15025403825023,-9.204080333877016,-12.980093269714567,8.999946063213912,2.399112994,2.753532806
hyperliquid,rh_lighter,BTC,5,384,214,120,75,25,25,9,11,25,-2.0365622828665213,-11.036508373864919,-9.664060833291094,-13.112828781739626,8.99994606903164,5.399959704,5.71585637
hyperliquid,rh_lighter,BTC,10,379,211,118,74,25,24,9,11,25,-1.6837156745371107,-10.683958247272635,-9.497528932971884,-13.060501886565751,8.99994608421636,10.4334557605,10.699508405
rh_lighter,hyperliquid,BTC,1,388,250,87,53,25,22,3,9,26,-1.4378931249680234,-10.439268155185403,-9.732632327514033,-11.40978144047345,9.00156907017276,1.441409991,1.995689177
rh_lighter,hyperliquid,BTC,2,387,249,87,54,25,19,5,9,26,-1.462633315429713,-10.463744676973489,-9.159650737928521,-11.578049356405797,9.001477605823181,2.440220823,2.699508405
rh_lighter,hyperliquid,BTC,5,384,247,87,46,25,23,14,4,25,-1.7370782344097229,-10.738749423469724,-9.22921622616209,-12.558509357545468,9.001477508439054,5.429526472,5.995689177
rh_lighter,hyperliquid,BTC,10,379,243,86,41,25,27,9,9,25,-1.473457990275526,-10.474363627869547,-9.001648299516113,-12.631607334842949,9.001509967583633,10.440561303,10.699508405
hyperliquid,rh_lighter,ETH,1,388,82,259,51,34,170,28,10,13,-2.1196683168880455,-11.119500974652503,-10.037501912772706,-13.388407468016553,8.999832589285711,1.411935763,1.911079639
hyperliquid,rh_lighter,ETH,2,387,82,259,51,34,163,33,12,12,-2.0829458806023635,-11.082778501022672,-10.011771721250856,-13.388407468016553,8.999832589285711,2.409574822,2.911079639
hyperliquid,rh_lighter,ETH,5,384,82,256,52,34,162,31,11,12,-2.2321014308472193,-11.231682757689754,-9.60395874458975,-14.762196028856387,8.999832589285711,5.411921542,5.911079639
hyperliquid,rh_lighter,ETH,10,379,80,253,50,34,163,29,11,12,-2.3799784314449917,-11.379141720277687,-9.618002832471877,-15.654588384027734,8.999832583057405,10.411182139,10.911079639
rh_lighter,hyperliquid,ETH,1,388,75,266,44,34,182,27,13,13,-2.084481252273556,-11.090824661831412,-10.273275070122722,-13.170802936002268,9.006030319192643,1.4051596845,1.911079639
rh_lighter,hyperliquid,ETH,2,387,75,266,43,34,177,35,11,12,-2.158460794164442,-11.16365226452282,-10.079673430565245,-13.174640408982013,9.005996739203264,2.407767362,2.880703326
rh_lighter,hyperliquid,ETH,5,384,74,264,47,34,172,28,17,12,-2.1214513344720136,-11.127514234534239,-9.825146834250424,-14.738651892064846,9.005979083736126,5.4084063065,5.880703326
rh_lighter,hyperliquid,ETH,10,379,72,261,46,34,175,28,12,12,-2.0483637298103283,-11.05433005471061,-9.840326429594025,-14.850019920391812,9.00599651599071,10.411182139,10.911079639
