maker,hedge,asset,side,arrival_delay_s,anchors,quote_supported,same_price_at_arrival,quote_moved_or_post_only_reject,source_skew_gt_500ms,insufficient_top_hedge_depth,optimistic_possible_partial,optimistic_possible_partial_with_fresh_hedge,optimistic_possible_full,gross_entry_median_bps,gross_entry_p90_bps,after_four_fee_hurdle_median_bps,after_four_fee_hurdle_p90_bps,ahead_notional_median_usd,ahead_notional_p10_usd,source_skew_median_s,positive_entry_after_two_fees,positive_after_four_fee_hurdle,stale_at_decision,optimistic_possible_partial_and_fee_positive,optimistic_possible_partial_with_fresh_fee_positive_hedge,decision_and_flow_hedge_fee_positive_with_partial_signal,arrival_book_stale
hyperliquid,lighter,BTC,buy,0.5,77,50,44,6,7,20,4,3,3,-2.240567606346459,-1.4231990650686677,-8.240567606346458,-7.423199065068668,297313.073795,17521.581345,0.25428649999999997,,,,,,,
hyperliquid,lighter,BTC,sell,0.5,77,57,50,7,7,13,5,5,4,1.8101391769268178,2.5203643334456824,-4.189860823073182,-3.4796356665543176,420385.22433999996,12010.811877000006,0.25428649999999997,39,,,,,,
hyperliquid,lighter,ETH,buy,0.5,77,44,35,9,8,25,6,2,3,-6.585789737210261,-4.858596221528892,-12.585789737210261,-10.858596221528892,116923.06292,41.67447000000001,0.292924,,,,,,,
hyperliquid,lighter,ETH,sell,0.5,77,48,39,9,8,21,2,,1,6.172728904776503,7.907973025785806,0.17272890477650282,1.9079730257858054,311557.3424,3052.030624,0.292924,48,26,,,,,
lighter,hyperliquid,BTC,buy,0.5,77,64,17,47,7,6,10,8,7,2.0919070609999113,2.841317361752933,-6.909034297177539,-6.159961231059856,1340.89687,149.3202406,0.25428649999999997,,,,,,,
lighter,hyperliquid,BTC,sell,0.5,77,61,16,45,7,9,6,4,5,-1.8695083193127187,-1.2937974392397875,-10.870349598056409,-10.294379648087446,2402.145575,330.472216,0.25428649999999997,,,,,,,
lighter,hyperliquid,ETH,buy,0.5,77,55,7,48,8,14,1,1,1,6.031093638312674,7.116833826989898,-2.9716203538245667,-1.8863687482322473,999.78348,495.0313812,0.292924,53,,,,,,
lighter,hyperliquid,ETH,sell,0.5,77,62,10,52,8,7,2,2,2,-6.552518831004228,-5.109014868232015,-15.55546746447818,-14.111313924922719,1094.9507235,572.6241656,0.292924,,,,,,,
hyperliquid,rh_lighter,BTC,buy,0.5,77,32,29,3,6,32,4,4,3,-2.5455352398235584,-1.3747476707855735,-8.545535239823558,-7.374747670785574,231179.76082,9650.113912000003,0.204123,,,7,,,,
hyperliquid,rh_lighter,BTC,sell,0.5,77,18,17,1,6,46,2,,2,1.7318578652115555,2.2358715413332924,-4.2681421347884445,-3.7641284586667076,507712.12262000004,75980.27288,0.204123,13,,7,,,,
hyperliquid,rh_lighter,ETH,buy,0.5,77,56,46,10,5,12,7,6,2,-8.071566094706691,-6.9177120025413945,-14.071566094706691,-12.917712002541396,186325.788305,38.9557,0.186425,,,4,,,,
hyperliquid,rh_lighter,ETH,sell,0.5,77,63,52,11,5,5,4,4,3,6.885514366534031,8.290972525505266,0.8855143665340313,2.290972525505266,320027.98162,2332.538269000006,0.186425,63,48,4,1,2,1,
rh_lighter,hyperliquid,BTC,buy,0.5,77,57,28,29,6,7,6,5,2,2.4321950740265423,3.250452339888081,-6.568899413756769,-5.751010363664869,417.33375,97.0102689,0.204123,,,7,,,,
rh_lighter,hyperliquid,BTC,sell,0.5,77,56,10,46,6,8,,,,-1.8156230826434507,-1.1621735424403001,-10.816440113030641,-10.162696520534398,417.2115,204.272388,0.204123,,,7,,,,
rh_lighter,hyperliquid,ETH,buy,0.5,77,54,16,37,5,14,1,1,,7.798815941590151,8.848028580982502,-1.2046935255835645,-0.1559530318789389,5149.195973999999,593.9014824999999,0.186425,54,5,4,,,,1
rh_lighter,hyperliquid,ETH,sell,0.5,77,60,17,41,5,8,,,,-7.053482215519986,-5.78278950704912,-16.05665628251697,-14.785391762327292,13481.64664,2134.8778420000003,0.186425,,,4,,,,2
hyperliquid,lighter,BTC,buy,1.0,77,50,42,8,7,20,2,1,2,-2.240567606346459,-1.4231990650686677,-8.240567606346458,-7.423199065068668,295314.71568,48965.729136,0.25428649999999997,,,,,,,
hyperliquid,lighter,BTC,sell,1.0,77,57,47,10,7,13,5,5,4,1.8101391769268178,2.5203643334456824,-4.189860823073182,-3.4796356665543176,385922.51599999995,8429.658210000007,0.25428649999999997,39,,,,,,
hyperliquid,lighter,ETH,buy,1.0,77,44,31,13,8,25,3,1,2,-6.585789737210261,-4.858596221528892,-12.585789737210261,-10.858596221528892,133409.94516,50.006099999999996,0.292924,,,,,,,
hyperliquid,lighter,ETH,sell,1.0,77,48,37,11,8,21,2,1,1,6.172728904776503,7.907973025785806,0.17272890477650282,1.9079730257858054,269083.55736000004,25407.290088,0.292924,48,26,,,,,
lighter,hyperliquid,BTC,buy,1.0,77,64,12,52,7,6,5,4,4,2.0919070609999113,2.841317361752933,-6.909034297177539,-6.159961231059856,1125.8153625,392.87325630000004,0.25428649999999997,,,,,,,
lighter,hyperliquid,BTC,sell,1.0,77,61,8,53,7,9,2,1,2,-1.8695083193127187,-1.2937974392397875,-10.870349598056409,-10.294379648087446,3364.0232019999994,111.93082230000002,0.25428649999999997,,,,,,,
lighter,hyperliquid,ETH,buy,1.0,77,55,1,54,8,14,,,,6.031093638312674,7.116833826989898,-2.9716203538245667,-1.8863687482322473,9999.366344,9999.366344,0.292924,53,,,,,,
lighter,hyperliquid,ETH,sell,1.0,77,62,4,58,8,7,1,1,1,-6.552518831004228,-5.109014868232015,-15.55546746447818,-14.111313924922719,989.856524,289.190804,0.292924,,,,,,,
hyperliquid,rh_lighter,BTC,buy,1.0,77,32,28,4,6,32,3,2,3,-2.5455352398235584,-1.3747476707855735,-8.545535239823558,-7.374747670785574,218702.69558499998,17639.43471,0.204123,,,7,,,,
hyperliquid,rh_lighter,BTC,sell,1.0,77,18,17,1,6,46,2,,2,1.7318578652115555,2.2358715413332924,-4.2681421347884445,-3.7641284586667076,385922.51599999995,79494.80753000003,0.204123,13,,7,,,,
hyperliquid,rh_lighter,ETH,buy,1.0,77,56,43,13,5,12,3,2,1,-8.071566094706691,-6.9177120025413945,-14.071566094706691,-12.917712002541396,147307.75215000001,13433.028888,0.186425,,,4,,,,
hyperliquid,rh_lighter,ETH,sell,1.0,77,63,50,13,5,5,5,5,3,6.885514366534031,8.290972525505266,0.8855143665340313,2.290972525505266,277482.13837,29067.61064400001,0.186425,63,48,4,3,2,1,
rh_lighter,hyperliquid,BTC,buy,1.0,77,57,17,38,6,7,3,2,2,2.4321950740265423,3.250452339888081,-6.568899413756769,-5.751010363664869,417.3355,92.09154120000001,0.204123,,,7,,,,2
rh_lighter,hyperliquid,BTC,sell,1.0,77,56,5,49,6,8,,,,-1.8156230826434507,-1.1621735424403001,-10.816440113030641,-10.162696520534398,383.66254,137.6699784,0.204123,,,7,,,,2
rh_lighter,hyperliquid,ETH,buy,1.0,77,54,13,40,5,14,1,1,,7.798815941590151,8.848028580982502,-1.2046935255835645,-0.1559530318789389,3497.449879,65.22058680000005,0.186425,54,5,4,,,,1
rh_lighter,hyperliquid,ETH,sell,1.0,77,60,8,51,5,8,,,,-7.053482215519986,-5.78278950704912,-16.05665628251697,-14.785391762327292,35725.013802,8055.3338004,0.186425,,,4,,,,1
hyperliquid,lighter,BTC,buy,3.0,77,50,31,19,7,20,2,2,1,-2.240567606346459,-1.4231990650686677,-8.240567606346458,-7.423199065068668,312301.52285,24998.88112,0.25428649999999997,,,,,,,
hyperliquid,lighter,BTC,sell,3.0,77,57,32,25,7,13,1,1,1,1.8101391769268178,2.5203643334456824,-4.189860823073182,-3.4796356665543176,311069.54543000006,53023.75238700001,0.25428649999999997,39,,,,,,
hyperliquid,lighter,ETH,buy,3.0,77,44,19,24,8,25,1,1,,-6.585789737210261,-4.858596221528892,-12.585789737210261,-10.858596221528892,111082.83389,34.95064000000001,0.292924,,,,,,,1
hyperliquid,lighter,ETH,sell,3.0,77,48,26,21,8,21,1,,1,6.172728904776503,7.907973025785806,0.17272890477650282,1.9079730257858054,282733.54845999996,32417.71222,0.292924,48,26,,1,,,1
lighter,hyperliquid,BTC,buy,3.0,77,64,3,60,7,6,2,1,2,2.0919070609999113,2.841317361752933,-6.909034297177539,-6.159961231059856,1840.803525,372.1659114,0.25428649999999997,,,,,,,1
lighter,hyperliquid,BTC,sell,3.0,77,61,3,57,7,9,,,,-1.8695083193127187,-1.2937974392397875,-10.870349598056409,-10.294379648087446,5621.977055,1444.0079694,0.25428649999999997,,,,,,,1
lighter,hyperliquid,ETH,buy,3.0,77,55,,55,8,14,,,,6.031093638312674,7.116833826989898,-2.9716203538245667,-1.8863687482322473,,,0.292924,53,,,,,,
lighter,hyperliquid,ETH,sell,3.0,77,62,1,61,8,7,,,,-6.552518831004228,-5.109014868232015,-15.55546746447818,-14.111313924922719,6045.327584,6045.327584,0.292924,,,,,,,
hyperliquid,rh_lighter,BTC,buy,3.0,77,32,17,15,6,32,2,1,1,-2.5455352398235584,-1.3747476707855735,-8.545535239823558,-7.374747670785574,401124.81875000003,30.878201999999998,0.204123,,,7,,,,
hyperliquid,rh_lighter,BTC,sell,3.0,77,18,14,4,6,46,1,,1,1.7318578652115555,2.2358715413332924,-4.2681421347884445,-3.7641284586667076,414675.64877,60075.253368000005,0.204123,13,,7,,,,
hyperliquid,rh_lighter,ETH,buy,3.0,77,56,27,28,5,12,1,1,,-8.071566094706691,-6.9177120025413945,-14.071566094706691,-12.917712002541396,127692.53581,43.02008000000001,0.186425,,,4,,,,1
hyperliquid,rh_lighter,ETH,sell,3.0,77,63,29,33,5,5,1,1,1,6.885514366534031,8.290972525505266,0.8855143665340313,2.290972525505266,284933.17052,44673.583864000015,0.186425,63,48,4,1,,,1
rh_lighter,hyperliquid,BTC,buy,3.0,77,57,8,43,6,7,1,,1,2.4321950740265423,3.250452339888081,-6.568899413756769,-5.751010363664869,417.14549999999997,15.429952499999999,0.204123,,,7,,,,6
rh_lighter,hyperliquid,BTC,sell,3.0,77,56,5,45,6,8,,,,-1.8156230826434507,-1.1621735424403001,-10.816440113030641,-10.162696520534398,383.60089999999997,137.6699784,0.204123,,,7,,,,6
rh_lighter,hyperliquid,ETH,buy,3.0,77,54,4,48,5,14,,,,7.798815941590151,8.848028580982502,-1.2046935255835645,-0.1559530318789389,308694.6466725,14031.159055700002,0.186425,54,5,4,,,,2
rh_lighter,hyperliquid,ETH,sell,3.0,77,60,2,55,5,8,,,,-7.053482215519986,-5.78278950704912,-16.05665628251697,-14.785391762327292,35730.34849999999,35730.1356808,0.186425,,,4,,,,3
