asset,episodes,opening_edge_sum_usd,closing_fee_reserve_sum_usd,other_reserve_sum_usd,budgeted_edge_sum_usd,median_episode_budget_usd,max_episode_budget_usd,retriggered_after_nonpositive
XPL,37,43.16469439290065,16.6761406071,18.4991247015,7.989429084300651,0.12729913400007925,1.1014997749999682,37
INTC,47,31.023400610999964,4.227649389,23.48694105,3.3088101719999643,0.020391000000045567,0.43098988800007715,47
HBAR,24,28.39488647850017,10.8172225215,11.9995300805,5.57813387650017,0.20534846899991382,0.5585994340000517,24
MSFT,43,28.1824769429001,3.8689970571,21.494428095,2.8190517908000974,0.033314759199988275,0.253480347999996,42
XAG,36,24.195649310300446,3.2390616897,17.994787165,2.961800455600447,0.06270962640009115,0.20611880160001533,35
META,36,23.43018729970001,3.2388927003,17.993848335,2.197446264400009,0.041776538999991814,0.512049655999969,34
AAPL,37,22.689039013299524,3.3294309867,18.496838815,0.8627692115995252,0.017271837600078777,0.09107448320021094,36
SAMSUNGUSD,31,22.509925269300457,2.7897407307,15.498559615,4.221624923600457,0.06659823240007018,0.6340020444000657,30
NBIS,24,16.287910012999966,2.157483987,11.98602215,2.1444038759999646,0.0719983040000074,0.24732107999999997,24
GOOGL,21,15.071007600899751,1.8896453991,10.498029995,2.6833322067997516,0.050142434399891855,0.6764463672001366,20
CRCL,22,14.042043503590362,1.97992249641,10.9995694245,1.0625515826803618,0.031497938600185266,0.25603250400014926,21
AMZN,18,11.964755309999985,1.61976969,8.9987205,1.346265119999985,0.06740990739995897,0.25392539200001923,17
PUMP,5,6.3742864762498606,2.25387552375,2.4999920565,1.6204188959998602,0.19600588799977864,1.065605539599955,5
NEAR,5,5.803322992499825,2.2493400075,2.4992666750000003,1.054716309999825,0.2378391060001186,0.38457710799992106,5
LIT,5,5.536444284999897,2.248088715,2.4939840835,0.7943714864998964,0.18715933600000234,0.304195953000007,5
DRAM,8,5.272247348000275,0.7180526519999999,3.9891813999999997,0.5650132960002755,0.08888740400004094,0.12125700399993977,8
ARB,4,4.281254220999914,1.8027137789999998,1.9999733259999999,0.47856711599991414,0.11578708634998999,0.1930524687997891,4
BRENTOIL,4,2.742149743199991,0.3601142568,1.999083628,0.38295185839999113,0.07584734624999162,0.19049090270007346,4
MRNA,4,2.5505102669997792,0.359789733,1.9973767000000002,0.1933438339997791,0.03774379799993435,0.10751724000002133,3
SNDK,4,2.5120247360001056,0.35955626399999996,1.9975347999999997,0.15493367200010572,0.023478980000037564,0.10136270400001102,4
NVDA,3,2.4223447153998916,0.2699712846,1.49984047,0.6525329607998915,0.14298883119991562,0.5026908479999794,2
CASHCAT,2,2.345651497999629,0.9013435019999999,0.9998692825000002,0.44443871349962877,0.22221935674981438,0.32480503099993097,2
ETHFI,2,2.328644194299672,0.9014028056999999,0.9999436495,0.4272977390996723,0.21364886954983614,0.31722078809989634,2
TSLA,2,1.3031944681002052,0.17997353189999998,0.9998529549999999,0.12336798120020531,0.061683990600102656,0.09369651240021509,2
ZEC,1,1.2032081999999154,0.44605079999999997,0.495612,0.2615453999999154,0.2615453999999154,0.2615453999999154,1
AVAX,1,1.0722251874999964,0.45065081250000005,0.499961687,0.12161268799999636,0.12161268799999636,0.12161268799999636,1
ENA,1,1.0241230560001855,0.4499569439999999,0.4999521599999999,0.0742139520001856,0.0742139520001856,0.0742139520001856,1
SKHYNIXUSD,1,0.6861527400001559,0.08994726,0.49970699999999996,0.09649848000015598,0.09649848000015598,0.09649848000015598,1
MU,1,0.6518406540001005,0.08996934599999999,0.49982969999999993,0.06204160800010061,0.06204160800010061,0.06204160800010061,1
HOOD,1,0.6013719629999583,0.09006203699999998,0.4999989329999999,0.011310992999958358,0.011310992999958358,0.011310992999958358,1
SPCX,1,0.5921212659999027,0.089878734,0.49932630000000006,0.0029162319999025965,0.0029162319999025965,0.0029162319999025965,1
WTI,1,0.5910824170600604,0.08999958294,0.49999768299999997,0.0010851511200604125,0.0010851511200604125,0.0010851511200604125,1
