hl_account,hl_native_taker_bps,lighter_tier,positive_episodes,positive_samples,single_sample_episodes,median_observed_span_seconds,opening_edge_sum_usd,budgeted_edge_sum_usd,rh_positive_episodes,core_positive_episodes,aster_positive_episodes
tier0,4.5,standard,432,2749,189,60.004374504089355,330.85017617370073,44.69879693190071,244,188,0
tier0,4.5,plus,354,1881,185,0.0,291.76862234289223,36.78783871978222,214,140,0
tier0,4.5,premium,35,82,19,0.0,50.4722116625198,10.273388506539796,0,35,0
tier1,4,standard,450,2948,203,59.99768567085266,344.6317722575193,50.73926509353928,239,211,0
tier1,4,plus,387,2075,197,0.0,314.04199015863145,42.42215217176143,231,156,0
tier1,4,premium,41,98,23,0.0,58.64928020431978,12.799496542639783,0,41,0
tier2,3.5,standard,490,3231,239,59.88616681098938,369.2023728290396,53.8588384935796,238,252,0
tier2,3.5,plus,423,2281,208,59.72517013549805,339.63862733683027,48.58085482166025,243,180,0
tier2,3.5,premium,53,130,30,0.0,69.40985525081027,13.270082292620264,6,47,0
tier3,3,standard,526,3492,255,59.935224533081055,395.45059837462094,62.18302723924096,233,292,1
tier3,3,plus,460,2515,231,0.0,362.96664746568973,50.86955654187974,248,211,1
tier3,3,premium,72,168,45,0.0,89.95661883241992,15.649008362839922,7,64,1
tier4,2.8,standard,537,3601,257,59.98482084274292,400.9845820388019,65.8311236746019,237,299,1
tier4,2.8,plus,465,2615,233,0.0,368.27295729289403,54.60682944778601,245,219,1
tier4,2.8,premium,78,187,47,0.0,96.16123667158028,16.73149328966029,6,71,1
tier5,2.6,standard,546,3738,263,59.96089792251587,402.72231658444315,67.34674745288315,231,314,1
tier5,2.6,plus,497,2729,256,0.0,390.569803788134,58.230475550265965,254,242,1
tier5,2.6,premium,84,206,50,0.0,99.75371881422029,15.376876544940293,6,77,1
tier6,2.4,standard,575,3873,282,59.927971601486206,421.99581011577925,71.28404147255527,231,343,1
tier6,2.4,plus,502,2843,254,0.0,391.7413206039244,59.779445520846394,248,253,1
tier6,2.4,premium,88,230,51,0.0,102.60693293705009,15.996594330600086,8,79,1
tier6_diamond,1.44,standard,662,4577,350,0.0,475.507410354729,90.1800193239586,237,417,8
tier6_diamond,1.44,plus,568,3459,272,59.91696619987488,431.2897036929502,74.1056426184014,244,316,8
tier6_diamond,1.44,premium,119,366,65,0.0,131.50999628876133,22.538703895023318,13,98,8
