asset,episodes,single_sample_episodes,median_poll_seconds,p95_poll_seconds,median_observed_span_seconds,max_observed_span_seconds,median_outer_bracket_seconds,left_censored_episodes,right_censored_episodes
INTC,47,23,60.124834060668945,84.16248679161072,59.601046562194824,659.9842681884766,179.70713996887207,0,0
MSFT,43,12,60.00507462024689,60.35077381134033,60.45149612426758,2039.8673148155212,180.25340342521667,1,1
AAPL,37,15,60.221906423568726,84.09283828735352,59.99695038795471,1980.3869161605835,179.9853069782257,1,0
XPL,37,18,82.67198371887207,84.32029747962952,80.22833371162415,3184.1464805603027,244.03680896759033,0,1
META,36,16,60.13669681549072,84.1550657749176,79.87563216686249,6181.10659122467,240.03554391860962,2,1
XAG,36,12,60.03686499595642,84.06233334541321,90.04598009586334,9120.123638629913,180.20087158679962,1,1
SAMSUNGUSD,31,5,82.6835310459137,84.3301694393158,244.37926578521729,1597.9273252487183,407.4907683134079,1,0
HBAR,24,9,60.12532341480255,84.21783471107483,80.13046681880951,673.258269071579,243.63485670089722,0,0
NBIS,24,10,82.68723630905151,84.4319019317627,81.4947919845581,1443.6582896709442,250.24815940856934,0,0
CRCL,22,12,60.05083608627319,84.07240843772888,0.0,539.8664276599884,160.34150290489197,1,0
GOOGL,21,6,60.1076295375824,84.13828229904175,239.97493052482605,7920.140625953674,300.049888253212,1,0
AMZN,18,4,60.10926651954651,84.15874290466309,119.84204769134521,2100.059404373169,239.79915928840637,1,0
DRAM,8,7,82.68473398685455,84.41842222213745,0.0,252.5569658279419,167.97185158729553,0,0
LIT,5,4,60.11954736709595,84.11389231681824,0.0,84.08675074577332,168.1364119052887,0,0
NEAR,5,3,60.04145967960358,84.053786277771,0.0,82.56732630729675,165.29935240745544,0,0
PUMP,5,5,60.12537610530853,84.20248579978943,0.0,0.0,162.9876561164856,0,0
ARB,4,3,60.181183099746704,84.11076259613037,0.0,162.5330786705017,165.8129277229309,0,1
BRENTOIL,4,4,82.70435798168182,84.35025668144226,0.0,0.0,168.1987236738205,0,0
MRNA,4,4,81.58384442329407,84.46782207489014,0.0,0.0,159.99900269508362,1,0
SNDK,4,3,60.04423177242279,84.06258630752563,0.0,59.98178315162659,120.0281035900116,0,0
NVDA,3,1,60.16492021083832,84.13393831253052,3660.1026945114136,20580.008380413055,162.99156713485718,1,1
CASHCAT,2,2,80.06298327445984,84.26281523704529,0.0,0.0,164.47548365592957,0,0
ETHFI,2,2,82.92967748641968,84.42422294616699,0.0,0.0,164.50430190563202,0,0
TSLA,2,1,60.196418046951294,84.17033100128174,30.199217200279236,60.39843440055847,150.03605556488037,0,0
AVAX,1,1,60.079041481018066,84.21131348609924,0.0,0.0,165.49733591079712,0,0
ENA,1,1,60.20097851753235,84.13040399551392,0.0,0.0,165.04663014411926,0,0
HOOD,1,1,82.68699216842651,84.3772132396698,0.0,0.0,160.6689703464508,0,0
MU,1,1,60.200700759887695,84.10507416725159,0.0,0.0,120.1029646396637,0,0
SKHYNIXUSD,1,1,82.72862887382507,84.32471489906311,0.0,0.0,159.79471349716187,0,0
SPCX,1,1,60.044994831085205,84.05171966552734,0.0,0.0,120.4271252155304,0,0
WTI,1,1,82.69804072380066,84.37968277931213,0.0,0.0,162.91587376594543,0,0
ZEC,1,1,60.04080820083618,84.06534171104431,0.0,0.0,177.10567784309387,0,0
