asset,route,episodes,positive_observations,single_sample_episodes,median_poll_seconds,median_observed_span_seconds,longest_observed_span_seconds,left_censored,right_censored
NVDA,NVDA|hyperliquid:xyz:NVDA|rh_lighter:15,2,406,0,60.005083203315735,12120.055537462234,20580.008380413055,1,1
META,META|hyperliquid:xyz:META|rh_lighter:13,18,346,6,60.00517928600311,180.05473685264587,6181.10659122467,1,1
GOOGL,GOOGL|hyperliquid:xyz:GOOGL|rh_lighter:12,21,320,6,60.00646924972534,239.97493052482605,7920.140625953674,1,0
XAG,XAG|hyperliquid:xyz:SILVER|rh_lighter:41,36,301,12,60.0051451921463,90.04598009586334,9120.123638629913,1,1
MSFT,MSFT|hyperliquid:xyz:MSFT|rh_lighter:14,43,291,12,60.00507462024689,60.45149612426758,2039.8673148155212,1,1
SAMSUNGUSD,SAMSUNGUSD|hyperliquid:xyz:SMSN|lighter:162,31,194,5,82.6835310459137,244.37926578521729,1597.9273252487183,1,0
AAPL,AAPL|hyperliquid:xyz:AAPL|rh_lighter:10,37,190,15,60.00133037567139,59.99695038795471,1980.3869161605835,1,0
XPL,XPL|lighter:71|hyperliquid:XPL,37,162,18,82.67198371887207,80.22833371162415,3184.1464805603027,0,1
INTC,INTC|hyperliquid:xyz:INTC|rh_lighter:30,42,125,19,60.00715446472168,59.84245181083679,659.9842681884766,0,0
AMZN,AMZN|hyperliquid:xyz:AMZN|rh_lighter:11,18,99,4,60.00535559654236,119.84204769134521,2100.059404373169,1,0
NBIS,NBIS|hyperliquid:xyz:NBIS|lighter:189,24,89,10,82.68723630905151,81.4947919845581,1443.6582896709442,0,0
HBAR,HBAR|lighter:59|hyperliquid:HBAR,24,76,9,82.7602037191391,80.13046681880951,673.258269071579,0,0
CRCL,CRCL|hyperliquid:xyz:CRCL|rh_lighter:24,19,49,10,60.00427854061127,0.0,539.8664276599884,1,0
META,META|hyperliquid:xyz:META|lighter:117,18,27,10,82.71844005584717,0.0,159.87612390518188,1,0
DRAM,DRAM|hyperliquid:xyz:DRAM|lighter:195,8,11,7,82.68473398685455,0.0,252.5569658279419,0,0
NEAR,NEAR|hyperliquid:NEAR|lighter:10,5,7,3,82.69004464149475,0.0,82.56732630729675,0,0
LIT,LIT|lighter:120|hyperliquid:LIT,5,6,4,82.71295762062073,0.0,84.08675074577332,0,0
INTC,INTC|hyperliquid:xyz:INTC|lighter:137,5,6,4,82.70496487617493,0.0,84.36389327049255,0,0
ARB,ARB|lighter:50|hyperliquid:ARB,4,6,3,82.66838359832764,0.0,162.5330786705017,0,1
SNDK,SNDK|hyperliquid:xyz:SNDK|rh_lighter:32,4,5,3,60.008352398872375,0.0,59.98178315162659,0,0
PUMP,PUMP|lighter:45|hyperliquid:PUMP,5,5,5,82.70242643356323,0.0,0.0,0,0
BRENTOIL,BRENTOIL|lighter:159|hyperliquid:xyz:BRENTOIL,4,4,4,82.70435798168182,0.0,0.0,0,0
CRCL,CRCL|hyperliquid:xyz:CRCL|lighter:121,3,4,2,82.66431784629822,0.0,79.8079924583435,0,0
MRNA,MRNA|lighter:228|hyperliquid:xyz:MRNA,4,4,4,81.58384442329407,0.0,0.0,1,0
TSLA,TSLA|hyperliquid:xyz:TSLA|rh_lighter:16,2,3,1,60.005510568618774,30.199217200279236,60.39843440055847,0,0
CASHCAT,CASHCAT|lighter:221|hyperliquid:CASHCAT,2,2,2,82.71540975570679,0.0,0.0,0,0
ETHFI,ETHFI|lighter:64|hyperliquid:ETHFI,2,2,2,82.92967748641968,0.0,0.0,0,0
ZEC,ZEC|hyperliquid:ZEC|lighter:90,1,1,1,82.68423736095428,0.0,0.0,0,0
WTI,WTI|hyperliquid:xyz:CL|lighter:145,1,1,1,82.69804072380066,0.0,0.0,0,0
MU,MU|hyperliquid:xyz:MU|rh_lighter:31,1,1,1,60.004249930381775,0.0,0.0,0,0
SPCX,SPCX|hyperliquid:xyz:SPCX|rh_lighter:18,1,1,1,60.004528284072876,0.0,0.0,0,0
NVDA,NVDA|hyperliquid:xyz:NVDA|lighter:110,1,1,1,82.71110785007477,0.0,0.0,0,0
ENA,ENA|hyperliquid:ENA|lighter:29,1,1,1,82.7318023443222,0.0,0.0,0,0
HOOD,HOOD|lighter:108|hyperliquid:xyz:HOOD,1,1,1,82.68699216842651,0.0,0.0,0,0
SKHYNIXUSD,SKHYNIXUSD|hyperliquid:xyz:SKHX|lighter:161,1,1,1,82.72862887382507,0.0,0.0,0,0
AVAX,AVAX|lighter:9|hyperliquid:AVAX,1,1,1,83.00106883049011,0.0,0.0,0,0
