horizon_minutes,subset,scenarios,positive,positive_fraction,median_proxy_pnl_usd,mean_proxy_pnl_usd,sum_overlapping_proxy_pnl_usd,worst_proxy_pnl_usd,best_proxy_pnl_usd,quantity_difference_p95_abs_pct
0,all_funding_unmodeled,432,0,0.0,-0.5455874511000796,-0.7928742881707165,-342.5216924897495,-3.559385495500004,-0.20790112089994411,0.2244271202456849
0,same_utc_hour,432,0,0.0,-0.5455874511000796,-0.7928742881707165,-342.5216924897495,-3.559385495500004,-0.20790112089994411,0.2244271202456849
5,all_funding_unmodeled,420,8,0.01904761904761905,-0.5233000789075903,-0.6882183124871617,-289.0516912446079,-3.05153902035906,0.5920513919594033,0.5267423014586714
5,same_utc_hour,395,8,0.020253164556962026,-0.5214141743999458,-0.6802588844950022,-268.70225937552584,-3.05153902035906,0.5920513919594033,0.5267423014586714
15,all_funding_unmodeled,403,8,0.019851116625310174,-0.4920231155290285,-0.6615130716634109,-266.5897678803546,-2.676301281553456,0.5336287445696971,0.6896551724137834
15,same_utc_hour,325,8,0.024615384615384615,-0.48399062652948777,-0.6265903345716469,-203.64185873578526,-2.676301281553456,0.5336287445696971,0.6642512077294604
30,all_funding_unmodeled,358,10,0.027932960893854747,-0.49085306515063004,-0.607443077607812,-217.4646217835967,-3.080215607520208,0.6242939529998959,0.7122629365828526
30,same_utc_hour,206,8,0.038834951456310676,-0.4377828826330813,-0.5241789359182943,-107.98086079916864,-2.5608541180788893,0.6242939529998959,0.609756097560965
60,all_funding_unmodeled,315,19,0.06031746031746032,-0.5050702624000836,-0.6127497857201796,-193.01618250185655,-2.8902574606400155,0.21156864729997898,0.8092485549133
