tier,asset,budget_usd,policy,calibration_ready,quote_requested,activated,known_closed_filled_episodes,positive_closed_episodes,closed_net_parity_usd,total_result_known,unknown_reason,rh_position,hl_position
standard,BTC,100,adaptive,True,308,307,0,0,0,False,capture_end_with_open_obligation,0,0
standard,BTC,100,persistence,True,308,307,0,0,0,False,capture_end_with_open_obligation,0,0
standard,BTC,100,fixed_best,True,25,25,0,0,0,False,trade_cancel_order_ambiguous,0,0
standard,BTC,250,adaptive,True,313,313,0,0,0,False,capture_end_with_open_obligation,0,0
standard,BTC,250,persistence,True,311,311,0,0,0,False,capture_end_with_open_obligation,0,0
standard,BTC,250,fixed_best,True,25,25,0,0,0,False,trade_cancel_order_ambiguous,0,0
standard,BTC,500,adaptive,True,318,318,0,0,0,False,capture_end_with_open_obligation,0,0
standard,BTC,500,persistence,True,317,317,0,0,0,False,capture_end_with_open_obligation,0,0
standard,BTC,500,fixed_best,True,25,25,0,0,0,False,trade_cancel_order_ambiguous,0,0
standard,BTC,1000,adaptive,True,320,320,0,0,0,False,capture_end_with_open_obligation,0,0
standard,BTC,1000,persistence,True,319,319,0,0,0,False,capture_end_with_open_obligation,0,0
standard,BTC,1000,fixed_best,True,25,25,0,0,0,False,trade_cancel_order_ambiguous,0,0
standard,ETH,100,adaptive,True,329,328,0,0,0,False,capture_end_with_open_obligation,0,0
standard,ETH,100,persistence,True,329,328,0,0,0,False,capture_end_with_open_obligation,0,0
standard,ETH,100,fixed_best,True,33,33,0,0,0,False,eligible_flow_before_queue_snapshot,0,0
standard,ETH,250,adaptive,True,330,329,0,0,0,False,capture_end_with_open_obligation,0,0
standard,ETH,250,persistence,True,330,329,0,0,0,False,capture_end_with_open_obligation,0,0
standard,ETH,250,fixed_best,True,33,33,0,0,0,False,eligible_flow_before_queue_snapshot,0,0
standard,ETH,500,adaptive,True,331,330,0,0,0,False,capture_end_with_open_obligation,0,0
standard,ETH,500,persistence,True,331,330,0,0,0,False,capture_end_with_open_obligation,0,0
standard,ETH,500,fixed_best,True,33,33,0,0,0,False,eligible_flow_before_queue_snapshot,0,0
standard,ETH,1000,adaptive,True,331,330,0,0,0,False,capture_end_with_open_obligation,0,0
standard,ETH,1000,persistence,True,331,330,0,0,0,False,capture_end_with_open_obligation,0,0
standard,ETH,1000,fixed_best,True,33,33,0,0,0,False,eligible_flow_before_queue_snapshot,0,0
standard,NVDA,100,adaptive,True,14,14,0,0,0,False,cancel_confirmation_book_timeout,0,0
standard,NVDA,100,persistence,True,14,14,0,0,0,False,cancel_confirmation_book_timeout,0,0
standard,NVDA,100,fixed_best,True,13,13,0,0,0,False,cancel_confirmation_book_timeout,0,0
standard,NVDA,250,adaptive,True,14,14,0,0,0,False,cancel_confirmation_book_timeout,0,0
standard,NVDA,250,persistence,True,14,14,0,0,0,False,cancel_confirmation_book_timeout,0,0
standard,NVDA,250,fixed_best,True,13,13,0,0,0,False,cancel_confirmation_book_timeout,0,0
standard,NVDA,500,adaptive,True,14,14,0,0,0,False,cancel_confirmation_book_timeout,0,0
standard,NVDA,500,persistence,True,14,14,0,0,0,False,cancel_confirmation_book_timeout,0,0
standard,NVDA,500,fixed_best,True,13,13,0,0,0,False,cancel_confirmation_book_timeout,0,0
standard,NVDA,1000,adaptive,True,15,14,0,0,0,False,activation_book_timeout,0,0
standard,NVDA,1000,persistence,True,15,14,0,0,0,False,activation_book_timeout,0,0
standard,NVDA,1000,fixed_best,True,13,13,0,0,0,False,cancel_confirmation_book_timeout,0,0
standard,XAG,100,adaptive,True,47,46,0,0,0,False,activation_book_timeout,0,0
standard,XAG,100,persistence,True,47,46,0,0,0,False,activation_book_timeout,0,0
standard,XAG,100,fixed_best,True,40,39,0,0,0,False,eligible_flow_before_activation_book,0,0
standard,XAG,250,adaptive,True,43,43,0,0,0,False,cancel_confirmation_book_timeout,0,0
standard,XAG,250,persistence,True,43,43,0,0,0,False,cancel_confirmation_book_timeout,0,0
standard,XAG,250,fixed_best,True,40,39,0,0,0,False,eligible_flow_before_activation_book,0,0
standard,XAG,500,adaptive,True,44,44,0,0,0,False,cancel_confirmation_book_timeout,0,0
standard,XAG,500,persistence,True,44,44,0,0,0,False,cancel_confirmation_book_timeout,0,0
standard,XAG,500,fixed_best,True,40,39,0,0,0,False,eligible_flow_before_activation_book,0,0
standard,XAG,1000,adaptive,True,45,45,0,0,0,False,cancel_confirmation_book_timeout,0,0
standard,XAG,1000,persistence,True,45,45,0,0,0,False,cancel_confirmation_book_timeout,0,0
standard,XAG,1000,fixed_best,True,40,39,0,0,0,False,eligible_flow_before_activation_book,0,0
premium,BTC,100,adaptive,True,335,335,0,0,0,False,capture_end_with_open_obligation,0,0
premium,BTC,100,persistence,True,335,335,0,0,0,False,capture_end_with_open_obligation,0,0
premium,BTC,100,fixed_best,True,148,147,8,0,-1.485837147353916612423974188,False,eligible_flow_before_queue_snapshot,0.00000,0.00000
premium,BTC,250,adaptive,True,338,338,0,0,0,False,capture_end_with_open_obligation,0,0
premium,BTC,250,persistence,True,338,338,0,0,0,False,capture_end_with_open_obligation,0,0
premium,BTC,250,fixed_best,True,148,147,8,0,-3.616398889037156909222775558,False,eligible_flow_before_queue_snapshot,0.00000,0.00000
premium,BTC,500,adaptive,True,343,343,0,0,0,False,capture_end_with_open_obligation,0,0
premium,BTC,500,persistence,True,344,344,0,0,0,False,capture_end_with_open_obligation,0,0
premium,BTC,500,fixed_best,True,148,147,8,0,-6.356852089321787695677833270,False,eligible_flow_before_queue_snapshot,0.00000,0.00000
premium,BTC,1000,adaptive,True,348,348,0,0,0,False,capture_end_with_open_obligation,0,0
premium,BTC,1000,persistence,True,347,347,0,0,0,False,capture_end_with_open_obligation,0,0
premium,BTC,1000,fixed_best,True,148,147,8,0,-9.699572916746597408174741565,False,eligible_flow_before_queue_snapshot,0.00000,0.00000
premium,ETH,100,adaptive,True,364,364,0,0,0,False,capture_end_with_open_obligation,0,0
premium,ETH,100,persistence,True,364,364,0,0,0,False,capture_end_with_open_obligation,0,0
premium,ETH,100,fixed_best,True,68,68,2,0,-0.3785187260678249468646308981,False,eligible_flow_before_queue_snapshot,0.0000,0.0000
premium,ETH,250,adaptive,True,363,363,0,0,0,False,capture_end_with_open_obligation,0,0
premium,ETH,250,persistence,True,363,363,0,0,0,False,capture_end_with_open_obligation,0,0
premium,ETH,250,fixed_best,True,68,68,2,0,-0.9272887369645731655949708270,False,eligible_flow_before_queue_snapshot,0.0000,0.0000
premium,ETH,500,adaptive,True,362,362,0,0,0,False,capture_end_with_open_obligation,0,0
premium,ETH,500,persistence,True,362,362,0,0,0,False,capture_end_with_open_obligation,0,0
premium,ETH,500,fixed_best,True,68,68,2,0,-1.419421381710532799944793252,False,eligible_flow_before_queue_snapshot,0.0000,0.0000
premium,ETH,1000,adaptive,True,364,364,0,0,0,False,capture_end_with_open_obligation,0,0
premium,ETH,1000,persistence,True,364,364,0,0,0,False,capture_end_with_open_obligation,0,0
premium,ETH,1000,fixed_best,True,68,68,2,0,-2.403159762589233696444920091,False,eligible_flow_before_queue_snapshot,0.0000,0.0000
premium,NVDA,100,adaptive,True,9,8,0,0,0,False,activation_book_timeout,0,0
premium,NVDA,100,persistence,True,9,8,0,0,0,False,activation_book_timeout,0,0
premium,NVDA,100,fixed_best,True,8,7,0,0,0,False,activation_book_timeout,0,0
premium,NVDA,250,adaptive,True,9,8,0,0,0,False,activation_book_timeout,0,0
premium,NVDA,250,persistence,True,9,8,0,0,0,False,activation_book_timeout,0,0
premium,NVDA,250,fixed_best,True,8,7,0,0,0,False,activation_book_timeout,0,0
premium,NVDA,500,adaptive,True,9,8,0,0,0,False,activation_book_timeout,0,0
premium,NVDA,500,persistence,True,9,8,0,0,0,False,activation_book_timeout,0,0
premium,NVDA,500,fixed_best,True,8,7,0,0,0,False,activation_book_timeout,0,0
premium,NVDA,1000,adaptive,True,9,8,0,0,0,False,activation_book_timeout,0,0
premium,NVDA,1000,persistence,True,9,8,0,0,0,False,activation_book_timeout,0,0
premium,NVDA,1000,fixed_best,True,8,7,0,0,0,False,activation_book_timeout,0,0
premium,XAG,100,adaptive,True,38,37,0,0,0,False,activation_book_timeout,0,0
premium,XAG,100,persistence,True,38,37,0,0,0,False,activation_book_timeout,0,0
premium,XAG,100,fixed_best,True,36,35,0,0,0,False,activation_book_timeout,0,0
premium,XAG,250,adaptive,True,3,2,0,0,0,False,activation_book_timeout,0,0
premium,XAG,250,persistence,True,3,2,0,0,0,False,activation_book_timeout,0,0
premium,XAG,250,fixed_best,True,36,35,0,0,0,False,activation_book_timeout,0,0
premium,XAG,500,adaptive,True,3,2,0,0,0,False,activation_book_timeout,0,0
premium,XAG,500,persistence,True,3,2,0,0,0,False,activation_book_timeout,0,0
premium,XAG,500,fixed_best,True,36,35,0,0,0,False,activation_book_timeout,0,0
premium,XAG,1000,adaptive,True,3,2,0,0,0,False,activation_book_timeout,0,0
premium,XAG,1000,persistence,True,3,2,0,0,0,False,activation_book_timeout,0,0
premium,XAG,1000,fixed_best,True,36,35,0,0,0,False,activation_book_timeout,0,0
