id,asset,pair_id,settled_at,recorded_fees_usd,modeled_5bp_reserve_usd,net_recorded_usd,net_zero_fees_usd,net_zero_reserve_usd,net_zero_both_usd
1790702052896789-7561-shadow_baseline,META,META|hyperliquid:xyz:META|rh_lighter:13,1790702055.052504,0.0,0.49947975,-1.0786021174680103,-1.0786021174680103,-0.5791223674680103,-0.5791223674680103
1790702114116548-7612-shadow_baseline,META,META|hyperliquid:xyz:META|rh_lighter:13,1790702116.1069164,0.0,0.4996631279999999,-1.4733086418906922,-1.4733086418906922,-0.9736455138906923,-0.9736455138906923
1790702185095426-7665-shadow_baseline,META,META|hyperliquid:xyz:META|rh_lighter:13,1790702189.0976486,0.0,0.4994107844999999,-0.5761948242067794,-0.5761948242067794,-0.07678403970677944,-0.07678403970677944
1790702358925162-7809-shadow_baseline,META,META|hyperliquid:xyz:META|rh_lighter:13,1790702387.0401669,0.0,0.499469735,-3.0888623088183675,-3.0888623088183675,-2.5893925738183676,-2.5893925738183676
1790702437168582-7847-shadow_baseline,META,META|hyperliquid:xyz:META|rh_lighter:13,1790702440.1339934,0.17954516250000002,0.498870625,-1.214668497640655,-1.035123335140655,-0.715797872640655,-0.536252710140655
1790702489913852-7889-shadow_baseline,META,META|hyperliquid:xyz:META|rh_lighter:13,1790702493.012714,0.003921615,0.010889999999999999,-0.0013116688759329722,0.0026099461240670276,0.009578331124067026,0.013499946124067026
1790703117197311-8356-shadow_baseline,CASHCAT,CASHCAT|hyperliquid:CASHCAT|lighter:221,1790703120.4291527,0.8721651735,0.4980888140000001,-3.543935721636656,-2.671770548136656,-3.045846907636656,-2.173681734136656
1790703123609868-8361-shadow_baseline,CASHCAT,CASHCAT|hyperliquid:CASHCAT|lighter:221,1790703126.6967459,0.2525912145,0.49805277400000003,-2.5799032945625133,-2.327312080062513,-2.0818505205625133,-1.829259306062513
1790703204789563-8426-shadow_baseline,CASHCAT,CASHCAT|hyperliquid:CASHCAT|lighter:221,1790703209.3511078,0.5070623265,0.49863385250000003,-3.048994838218307,-2.541932511718307,-2.5503609857183074,-2.0432986592183067
1790703231794988-8445-shadow_baseline,CASHCAT,CASHCAT|hyperliquid:CASHCAT|lighter:221,1790703234.8002212,0.8703360405,0.49840647699999996,-4.681344682812399,-3.811008642312399,-4.182938205812399,-3.312602165312399
