kind,window,rule,venue,collateral,attempts,closed,zero_fill_entries,winning_closes,long_closes,short_closes,closed_entry_notional,closed_cash_after_capital,closed_stressed_cash,realized_cash_change,complete,unknown,position_open,pending_order
depth,1,depth_fade,lighter,USDC,0,0,0,0,0,0,0,0,0,0,True,,False,False
depth,1,depth_fade,rh_lighter,USDG,0,0,0,0,0,0,0,0,0,0,True,,False,False
depth,1,depth_follow,lighter,USDC,0,0,0,0,0,0,0,0,0,0,True,,False,False
depth,1,depth_follow,rh_lighter,USDG,0,0,0,0,0,0,0,0,0,0,True,,False,False
depth,2,depth_fade,lighter,USDC,0,0,0,0,0,0,0,0,0,0,True,,False,False
depth,2,depth_fade,rh_lighter,USDG,0,0,0,0,0,0,0,0,0,0,True,,False,False
depth,2,depth_follow,lighter,USDC,0,0,0,0,0,0,0,0,0,0,True,,False,False
depth,2,depth_follow,rh_lighter,USDG,0,0,0,0,0,0,0,0,0,0,True,,False,False
depth,3,depth_fade,lighter,USDC,2,2,0,0,1,1,197.992123,-0.1953703218515561633040223871,-0.2943663833515561633040223871,-0.1953703218515561633040224,True,,False,False
depth,3,depth_fade,rh_lighter,USDG,2,2,0,0,0,2,197.926982,-0.1102633813041224830568746829,-0.2092268723041224830568746829,-0.1102633813041224830568747,True,,False,False
depth,3,depth_follow,lighter,USDC,2,2,0,2,1,1,197.955410,0.06804367876892645671280758498,-0.03093402623107354328719241502,0.0680436787689264567128076,True,,False,False
depth,3,depth_follow,rh_lighter,USDG,2,0,2,0,0,0,0,0,0,0,True,,False,False
clock_control,2,clock_long,lighter,USDC,6,6,0,0,6,0,593.934765,-0.2078479584876934611839691146,-0.5048153409876934611839691148,-0.2078479584876934611839690,True,,False,False
clock_control,2,clock_long,rh_lighter,USDG,6,5,1,0,5,0,494.973385,-0.2856164515574141961372796170,-0.5331031440574141961372796170,-0.2856164515574141961372796,True,,False,False
clock_control,2,clock_short,lighter,USDC,6,6,0,2,0,6,593.804845,-0.02864495631143853901003139269,-0.3255473788114385390100313927,-0.0286449563114385390100314,True,,False,False
clock_control,2,clock_short,rh_lighter,USDG,6,5,1,1,0,5,494.817652,-0.1377074178974989738381024860,-0.3851162438974989738381024860,-0.1377074178974989738381025,True,,False,False
clock_control,3,clock_long,lighter,USDC,6,6,0,1,6,0,593.978320,-0.5343359866212505160194856672,-0.8313251466212505160194856672,-0.5343359866212505160194858,True,,False,False
clock_control,3,clock_long,rh_lighter,USDG,6,6,0,1,6,0,593.953456,-0.5671640447868867932447853246,-0.8641407727868867932447853246,-0.5671640447868867932447853,True,,False,False
clock_control,3,clock_short,lighter,USDC,6,6,0,3,0,6,593.797425,0.1175750164112864403015648783,-0.1793236960887135596984351217,0.1175750164112864403015649,True,,False,False
clock_control,3,clock_short,rh_lighter,USDG,6,6,0,2,0,6,593.695105,0.01341795958368418781768930745,-0.2834295929163158121823106925,0.0134179595836841878176893,True,,False,False
