window,asset,rule,venue,collateral,attempts,closed,zero_fill_entries,winning_closes,stressed_winning_closes,long_closes,short_closes,closed_entry_notional,closed_cash_after_capital,closed_stressed_cash,realized_cash_change,complete,unknown,position_open,pending_order
1,BTC,depth_fade,lighter,USDC,0,0,0,0,0,0,0,0,0,0,0,True,,False,False
1,BTC,depth_fade,rh_lighter,USDG,0,0,0,0,0,0,0,0,0,0,0,True,,False,False
1,BTC,depth_follow,lighter,USDC,0,0,0,0,0,0,0,0,0,0,0,True,,False,False
1,BTC,depth_follow,rh_lighter,USDG,0,0,0,0,0,0,0,0,0,0,0,True,,False,False
1,ETH,depth_fade,lighter,USDC,3,3,0,2,2,2,1,296.689806,0.3539689588161633442721017250,0.2056240558161633442721017250,0.3539689588161633442721018,True,,False,False
1,ETH,depth_fade,rh_lighter,USDG,4,1,3,0,0,0,1,99.001800,-0.02592166350202358012842465753,-0.07542256350202358012842465753,-0.0259216635020235801284247,True,,False,False
1,ETH,depth_follow,lighter,USDC,3,3,0,0,0,1,2,296.722475,-0.5747459636050708466004994292,-0.7231072011050708466004994292,-0.5747459636050708466004994,True,,False,False
1,ETH,depth_follow,rh_lighter,USDG,3,1,2,1,0,0,1,99.051480,0.002878352794340838603881278539,-0.04664738720565916139611872146,0.0028783527943408386038813,True,,False,False
1,SOL,depth_fade,lighter,USDC,1,1,0,1,1,0,1,98.958992,0.3207743522572908819559107052,0.2712948562572908819559107052,0.3207743522572908819559107,True,,False,False
1,SOL,depth_fade,rh_lighter,USDG,3,2,1,1,1,0,2,197.835784,0.2742877062622309087362760021,0.1753698142622309087362760021,0.2742877062622309087362760,True,,False,False
1,SOL,depth_follow,lighter,USDC,1,0,1,0,0,0,0,0,0,0,0,True,,False,False
1,SOL,depth_follow,rh_lighter,USDG,3,2,1,1,1,1,1,197.858866,0.1097736906275368779015791476,0.01084425762753687790157914760,0.1097736906275368779015791,True,,False,False
1,HYPE,depth_fade,lighter,USDC,1,1,0,1,1,0,1,98.343828,0.06685435535933905805205479452,0.01768244135933905805205479452,0.0668543553593390580520548,True,,False,False
1,HYPE,depth_fade,rh_lighter,USDG,2,2,0,0,0,0,2,197.870958,-0.1032943258791491662263936454,-0.2022298048791491662263936454,-0.1032943258791491662263936,True,,False,False
1,HYPE,depth_follow,lighter,USDC,1,0,1,0,0,0,0,0,0,0,0,True,,False,False
1,HYPE,depth_follow,rh_lighter,USDG,2,1,1,0,0,1,0,23.391369,-0.01285039315024213549905821918,-0.02454607765024213549905821918,-0.0128503931502421354990582,True,,False,False
1,XRP,depth_fade,lighter,USDC,4,4,0,2,2,1,3,393.060956,0.03634342136789947904691146620,-0.1601870566321005209530885338,0.0363434213678994790469115,True,,False,False
1,XRP,depth_fade,rh_lighter,USDG,4,4,0,2,1,2,2,395.925392,-0.2915246160108650672829337899,-0.4894873120108650672829337899,-0.2915246160108650672829338,True,,False,False
1,XRP,depth_follow,lighter,USDC,4,2,2,2,1,1,1,196.464478,0.2426007078559060580869165398,0.1443684688559060580869165398,0.2426007078559060580869165,True,,False,False
1,XRP,depth_follow,rh_lighter,USDG,4,3,1,1,1,1,2,59.716436,-0.01844799708277232664644533232,-0.04830621508277232664644533232,-0.0184479970827723266464453,True,,False,False
1,SUI,depth_fade,lighter,USDC,1,1,0,0,0,1,0,98.96090,-0.1950516731567625070097666159,-0.2445321231567625070097666159,-0.1950516731567625070097666,True,,False,False
1,SUI,depth_fade,rh_lighter,USDG,4,3,1,1,1,1,2,296.808644,-0.6759520043348570914008688483,-0.8243563263348570914008688483,-0.6759520043348570914008688,True,,False,False
1,SUI,depth_follow,lighter,USDC,1,1,0,1,0,0,1,98.863790,0.01908832848510062486409183156,-0.03034356651489937513590816844,0.0190883284851006248640918,True,,False,False
1,SUI,depth_follow,rh_lighter,USDG,4,3,1,2,1,2,1,126.349602,0.01691987480901235314247209538,-0.04625492619098764685752790462,0.0169198748090123531424721,True,,False,False
1,NEAR,depth_fade,lighter,USDC,3,2,1,0,0,1,1,197.780826,-0.4882373001736897317732876712,-0.5871277131736897317732876712,-0.4882373001736897317732877,True,,False,False
1,NEAR,depth_fade,rh_lighter,USDG,1,0,1,0,0,0,0,0,0,0,0,True,,False,False
1,NEAR,depth_follow,lighter,USDC,3,3,0,3,3,1,2,296.353254,0.7370970508254377158949486302,0.5889204238254377158949486302,0.7370970508254377158949486,True,,False,False
1,NEAR,depth_follow,rh_lighter,USDG,1,1,0,0,0,0,1,98.798070,-0.2659316577499218230712994673,-0.3153306927499218230712994673,-0.2659316577499218230712995,True,,False,False
1,ZEC,depth_fade,lighter,USDC,2,1,1,1,1,0,1,98.987916,0.1967393506752095395973744292,0.1472453926752095395973744292,0.1967393506752095395973744,True,,False,False
1,ZEC,depth_fade,rh_lighter,USDG,3,3,0,0,0,2,1,296.786560,-0.7681689650305870452930634830,-0.9165622450305870452930634830,-0.7681689650305870452930635,True,,False,False
1,ZEC,depth_follow,lighter,USDC,2,0,2,0,0,0,0,0,0,0,0,True,,False,False
1,ZEC,depth_follow,rh_lighter,USDG,3,1,2,1,1,0,1,98.911421,0.3987463441174353823276113014,0.3492906336174353823276113014,0.3987463441174353823276113,True,,False,False
1,VVV,depth_fade,lighter,USDC,1,0,1,0,0,0,0,0,0,0,0,True,,False,False
1,VVV,depth_fade,rh_lighter,USDG,4,4,0,0,0,2,2,395.695727,-0.6880466866796861697940845383,-0.8858945501796861697940845383,-0.6880466866796861697940845,True,,False,False
1,VVV,depth_follow,lighter,USDC,1,0,1,0,0,0,0,0,0,0,0,True,,False,False
1,VVV,depth_follow,rh_lighter,USDG,4,3,1,2,0,2,1,224.803537,-0.06107681239293336211596746580,-0.1734785808929333621159674658,-0.0610768123929333621159675,True,,False,False
1,LIT,depth_fade,lighter,USDC,5,5,0,2,2,1,4,494.808977,-0.4836912524885510591049070903,-0.7310957409885510591049070903,-0.4836912524885510591049071,True,,False,False
1,LIT,depth_fade,rh_lighter,USDG,4,4,0,1,1,1,3,395.726635,0.08265037304178492307593068234,-0.1152129444582150769240693177,0.0826503730417849230759306,True,,False,False
1,LIT,depth_follow,lighter,USDC,6,5,1,2,1,5,0,490.595659,-0.1759991951871912401756754186,-0.4212970246871912401756754186,-0.1759991951871912401756754,True,,False,False
1,LIT,depth_follow,rh_lighter,USDG,4,1,3,1,1,1,0,24.131308,0.04501359445663511968337772704,0.03294794045663511968337772704,0.0450135944566351196833777,True,,False,False
