stage,asset,budget_usd,side,base_bps,tier6_volume_only_bps,tier6_diamond_bps,observations,fee_only_median_max_bps,fee_only_negative_count,fee_only_zero_fee_clear_count,fee_only_zero_fee_clear_fraction,fee_only_base_clear_count,fee_only_base_clear_fraction,fee_only_tier6_volume_only_clear_count,fee_only_tier6_volume_only_clear_fraction,fee_only_tier6_diamond_clear_count,fee_only_tier6_diamond_clear_fraction,stress_median_max_bps,stress_negative_count,stress_zero_fee_clear_count,stress_zero_fee_clear_fraction,stress_base_clear_count,stress_base_clear_fraction,stress_tier6_volume_only_clear_count,stress_tier6_volume_only_clear_fraction,stress_tier6_diamond_clear_count,stress_tier6_diamond_clear_fraction
static,BTC,100,buy_rh,4.5,2.4,1.44,75,-4.675,75,0,0/75,0,0/75,0,0/75,0,0/75,-7.175,75,0,0/75,0,0/75,0,0/75,0,0/75
static,BTC,100,sell_rh,4.5,2.4,1.44,75,-4.675,75,0,0/75,0,0/75,0,0/75,0,0/75,-7.175,75,0,0/75,0,0/75,0,0/75,0,0/75
static,BTC,250,buy_rh,4.5,2.4,1.44,75,-1.656,75,0,0/75,0,0/75,0,0/75,0,0/75,-4.156,75,0,0/75,0,0/75,0,0/75,0,0/75
static,BTC,250,sell_rh,4.5,2.4,1.44,75,-1.656,75,0,0/75,0,0/75,0,0/75,0,0/75,-4.156,75,0,0/75,0,0/75,0,0/75,0,0/75
static,BTC,500,buy_rh,4.5,2.4,1.44,75,-0.653,75,0,0/75,0,0/75,0,0/75,0,0/75,-3.153,75,0,0/75,0,0/75,0,0/75,0,0/75
static,BTC,500,sell_rh,4.5,2.4,1.44,75,-0.653,75,0,0/75,0,0/75,0,0/75,0,0/75,-3.153,75,0,0/75,0,0/75,0,0/75,0,0/75
static,BTC,1000,buy_rh,4.5,2.4,1.44,75,-0.153,61,14,14/75,0,0/75,0,0/75,0,0/75,-2.653,75,0,0/75,0,0/75,0,0/75,0,0/75
static,BTC,1000,sell_rh,4.5,2.4,1.44,75,-0.153,61,14,14/75,0,0/75,0,0/75,0,0/75,-2.653,75,0,0/75,0,0/75,0,0/75,0,0/75
static,ETH,100,buy_rh,4.5,2.4,1.44,75,-4.500,75,0,0/75,0,0/75,0,0/75,0,0/75,-7.000,75,0,0/75,0,0/75,0,0/75,0,0/75
static,ETH,100,sell_rh,4.5,2.4,1.44,75,-4.500,75,0,0/75,0,0/75,0,0/75,0,0/75,-7.000,75,0,0/75,0,0/75,0,0/75,0,0/75
static,ETH,250,buy_rh,4.5,2.4,1.44,75,-1.517,75,0,0/75,0,0/75,0,0/75,0,0/75,-4.017,75,0,0/75,0,0/75,0,0/75,0,0/75
static,ETH,250,sell_rh,4.5,2.4,1.44,75,-1.517,75,0,0/75,0,0/75,0,0/75,0,0/75,-4.017,75,0,0/75,0,0/75,0,0/75,0,0/75
static,ETH,500,buy_rh,4.5,2.4,1.44,75,-0.516,75,0,0/75,0,0/75,0,0/75,0,0/75,-3.016,75,0,0/75,0,0/75,0,0/75,0,0/75
static,ETH,500,sell_rh,4.5,2.4,1.44,75,-0.516,75,0,0/75,0,0/75,0,0/75,0,0/75,-3.016,75,0,0/75,0,0/75,0,0/75,0,0/75
static,ETH,1000,buy_rh,4.5,2.4,1.44,75,-0.017,38,37,37/75,0,0/75,0,0/75,0,0/75,-2.516,75,0,0/75,0,0/75,0,0/75,0,0/75
static,ETH,1000,sell_rh,4.5,2.4,1.44,75,-0.017,38,37,37/75,0,0/75,0,0/75,0,0/75,-2.517,75,0,0/75,0,0/75,0,0/75,0,0/75
static,NVDA,100,buy_rh,0.900,0.480,0.2880,56,-4.355,56,0,0/56,0,0/56,0,0/56,0,0/56,-6.857,56,0,0/56,0,0/56,0,0/56,0,0/56
static,NVDA,100,sell_rh,0.900,0.480,0.2880,56,-4.355,56,0,0/56,0,0/56,0,0/56,0,0/56,-6.857,56,0,0/56,0,0/56,0,0/56,0,0/56
static,NVDA,250,buy_rh,0.900,0.480,0.2880,56,-1.345,56,0,0/56,0,0/56,0,0/56,0,0/56,-3.847,56,0,0/56,0,0/56,0,0/56,0,0/56
static,NVDA,250,sell_rh,0.900,0.480,0.2880,56,-1.345,56,0,0/56,0,0/56,0,0/56,0,0/56,-3.847,56,0,0/56,0,0/56,0,0/56,0,0/56
static,NVDA,500,buy_rh,0.900,0.480,0.2880,56,-0.343,52,4,4/56,0,0/56,0,0/56,0,0/56,-2.845,56,0,0/56,0,0/56,0,0/56,0,0/56
static,NVDA,500,sell_rh,0.900,0.480,0.2880,56,-0.343,52,4,4/56,0,0/56,0,0/56,0,0/56,-2.845,56,0,0/56,0,0/56,0,0/56,0,0/56
static,NVDA,1000,buy_rh,0.900,0.480,0.2880,56,0.158,26,30,30/56,0,0/56,4,4/56,23,23/56,-2.344,56,0,0/56,0,0/56,0,0/56,0,0/56
static,NVDA,1000,sell_rh,0.900,0.480,0.2880,56,0.158,26,30,30/56,0,0/56,4,4/56,23,23/56,-2.344,56,0,0/56,0,0/56,0,0/56,0,0/56
static,XAG,100,buy_rh,0.900,0.480,0.2880,68,-3.577,68,0,0/68,0,0/68,0,0/68,0,0/68,-6.079,68,0,0/68,0,0/68,0,0/68,0,0/68
static,XAG,100,sell_rh,0.900,0.480,0.2880,68,-3.577,68,0,0/68,0,0/68,0,0/68,0,0/68,-6.080,68,0,0/68,0,0/68,0,0/68,0,0/68
static,XAG,250,buy_rh,0.900,0.480,0.2880,68,-0.560,63,5,5/68,0,0/68,0,0/68,0,0/68,-3.062,68,0,0/68,0,0/68,0,0/68,0,0/68
static,XAG,250,sell_rh,0.900,0.480,0.2880,68,-0.560,63,5,5/68,0,0/68,0,0/68,0,0/68,-3.063,68,0,0/68,0,0/68,0,0/68,0,0/68
static,XAG,500,buy_rh,0.900,0.480,0.2880,68,0.444,3,65,65/68,11,11/68,30,30/68,53,53/68,-2.058,68,0,0/68,0,0/68,0,0/68,0,0/68
static,XAG,500,sell_rh,0.900,0.480,0.2880,68,0.444,3,65,65/68,11,11/68,30,30/68,53,53/68,-2.059,68,0,0/68,0,0/68,0,0/68,0,0/68
static,XAG,1000,buy_rh,0.900,0.480,0.2880,68,0.945,0,68,68/68,38,38/68,65,65/68,68,68/68,-1.558,68,0,0/68,0,0/68,0,0/68,0,0/68
static,XAG,1000,sell_rh,0.900,0.480,0.2880,68,0.945,0,68,68/68,38,38/68,65,65/68,68,68/68,-1.558,68,0,0/68,0,0/68,0,0/68,0,0/68
delayed,BTC,100,buy_rh,4.5,2.4,1.44,75,-4.734,75,0,0/75,0,0/75,0,0/75,0,0/75,-7.234,75,0,0/75,0,0/75,0,0/75,0,0/75
delayed,BTC,100,sell_rh,4.5,2.4,1.44,75,-4.681,75,0,0/75,0,0/75,0,0/75,0,0/75,-7.181,75,0,0/75,0,0/75,0,0/75,0,0/75
delayed,BTC,250,buy_rh,4.5,2.4,1.44,75,-1.709,75,0,0/75,0,0/75,0,0/75,0,0/75,-4.209,75,0,0/75,0,0/75,0,0/75,0,0/75
delayed,BTC,250,sell_rh,4.5,2.4,1.44,75,-1.662,75,0,0/75,0,0/75,0,0/75,0,0/75,-4.162,75,0,0/75,0,0/75,0,0/75,0,0/75
delayed,BTC,500,buy_rh,4.5,2.4,1.44,75,-0.707,71,4,4/75,0,0/75,0,0/75,0,0/75,-3.207,75,0,0/75,0,0/75,0,0/75,0,0/75
delayed,BTC,500,sell_rh,4.5,2.4,1.44,75,-0.659,70,5,5/75,0,0/75,0,0/75,0,0/75,-3.159,75,0,0/75,0,0/75,0,0/75,0,0/75
delayed,BTC,1000,buy_rh,4.5,2.4,1.44,75,-0.207,51,24,24/75,0,0/75,0,0/75,0,0/75,-2.707,75,0,0/75,0,0/75,0,0/75,0,0/75
delayed,BTC,1000,sell_rh,4.5,2.4,1.44,75,-0.158,51,24,24/75,0,0/75,0,0/75,0,0/75,-2.659,75,0,0/75,0,0/75,0,0/75,0,0/75
delayed,ETH,100,buy_rh,4.5,2.4,1.44,75,-4.539,75,0,0/75,0,0/75,0,0/75,0,0/75,-7.039,75,0,0/75,0,0/75,0,0/75,0,0/75
delayed,ETH,100,sell_rh,4.5,2.4,1.44,75,-4.612,75,0,0/75,0,0/75,0,0/75,0,0/75,-7.112,75,0,0/75,0,0/75,0,0/75,0,0/75
delayed,ETH,250,buy_rh,4.5,2.4,1.44,75,-1.536,74,1,1/75,0,0/75,0,0/75,0,0/75,-4.036,75,0,0/75,0,0/75,0,0/75,0,0/75
delayed,ETH,250,sell_rh,4.5,2.4,1.44,75,-1.610,74,1,1/75,0,0/75,0,0/75,0,0/75,-4.110,75,0,0/75,0,0/75,0,0/75,0,0/75
delayed,ETH,500,buy_rh,4.5,2.4,1.44,75,-0.554,62,13,13/75,0,0/75,0,0/75,1,1/75,-3.054,75,0,0/75,0,0/75,0,0/75,0,0/75
delayed,ETH,500,sell_rh,4.5,2.4,1.44,75,-0.610,68,7,7/75,0,0/75,0,0/75,1,1/75,-3.110,75,0,0/75,0,0/75,0,0/75,0,0/75
delayed,ETH,1000,buy_rh,4.5,2.4,1.44,75,-0.054,41,34,34/75,0,0/75,0,0/75,1,1/75,-2.554,75,0,0/75,0,0/75,0,0/75,0,0/75
delayed,ETH,1000,sell_rh,4.5,2.4,1.44,75,-0.113,45,30,30/75,0,0/75,1,1/75,1,1/75,-2.613,74,1,1/75,0,0/75,0,0/75,0,0/75
delayed,NVDA,100,buy_rh,0.900,0.480,0.2880,50,-4.355,50,0,0/50,0,0/50,0,0/50,0,0/50,-6.857,50,0,0/50,0,0/50,0,0/50,0,0/50
delayed,NVDA,100,sell_rh,0.900,0.480,0.2880,50,-4.573,50,0,0/50,0,0/50,0,0/50,0,0/50,-7.075,50,0,0/50,0,0/50,0,0/50,0,0/50
delayed,NVDA,250,buy_rh,0.900,0.480,0.2880,50,-1.345,50,0,0/50,0,0/50,0,0/50,0,0/50,-3.847,50,0,0/50,0,0/50,0,0/50,0,0/50
delayed,NVDA,250,sell_rh,0.900,0.480,0.2880,50,-1.564,50,0,0/50,0,0/50,0,0/50,0,0/50,-4.066,50,0,0/50,0,0/50,0,0/50,0,0/50
delayed,NVDA,500,buy_rh,0.900,0.480,0.2880,50,-0.343,44,6,6/50,0,0/50,1,1/50,2,2/50,-2.845,50,0,0/50,0,0/50,0,0/50,0,0/50
delayed,NVDA,500,sell_rh,0.900,0.480,0.2880,50,-0.562,42,8,8/50,0,0/50,1,1/50,3,3/50,-3.064,50,0,0/50,0,0/50,0,0/50,0,0/50
delayed,NVDA,1000,buy_rh,0.900,0.480,0.2880,50,0.158,24,26,26/50,1,1/50,6,6/50,18,18/50,-2.344,50,0,0/50,0,0/50,0,0/50,0,0/50
delayed,NVDA,1000,sell_rh,0.900,0.480,0.2880,50,-0.062,27,23,23/50,1,1/50,8,8/50,15,15/50,-2.564,50,0,0/50,0,0/50,0,0/50,0,0/50
delayed,XAG,100,buy_rh,0.900,0.480,0.2880,68,-3.623,68,0,0/68,0,0/68,0,0/68,0,0/68,-6.125,68,0,0/68,0,0/68,0,0/68,0,0/68
delayed,XAG,100,sell_rh,0.900,0.480,0.2880,68,-3.573,68,0,0/68,0,0/68,0,0/68,0,0/68,-6.076,68,0,0/68,0,0/68,0,0/68,0,0/68
delayed,XAG,250,buy_rh,0.900,0.480,0.2880,68,-0.601,63,5,5/68,0,0/68,1,1/68,1,1/68,-3.103,68,0,0/68,0,0/68,0,0/68,0,0/68
delayed,XAG,250,sell_rh,0.900,0.480,0.2880,68,-0.552,64,4,4/68,0,0/68,0,0/68,0,0/68,-3.055,68,0,0/68,0,0/68,0,0/68,0,0/68
delayed,XAG,500,buy_rh,0.900,0.480,0.2880,68,0.402,6,62,62/68,10,10/68,27,27/68,55,55/68,-2.101,68,0,0/68,0,0/68,0,0/68,0,0/68
delayed,XAG,500,sell_rh,0.900,0.480,0.2880,68,0.452,4,64,64/68,9,9/68,32,32/68,53,53/68,-2.051,68,0,0/68,0,0/68,0,0/68,0,0/68
delayed,XAG,1000,buy_rh,0.900,0.480,0.2880,68,0.899,0,68,68/68,34,34/68,63,63/68,68,68/68,-1.603,68,0,0/68,0,0/68,0,0/68,0,0/68
delayed,XAG,1000,sell_rh,0.900,0.480,0.2880,68,0.953,0,68,68/68,40,40/68,64,64/68,67,67/68,-1.550,68,0,0/68,0,0/68,0,0/68,0,0/68
