maker,hedge,asset,side,arrival_delay_s,anchor_utc,maker_arrival_utc,maker_price,qty,queue_ahead_qty,cumulative_qualifying_trade_qty,first_full_flow_source_utc,first_full_flow_receipt_utc,trigger_trade_id,decision_entry_positive,decision_after_four_fee_allowance_bps,hedge_status,hedge_receipt_utc,hedge_source_utc,hedge_entry_px,conditional_entry_after_two_fees_bps,exit_status,exit_target_utc,exit_observed_utc,exit_observed_after_target_s,maker_entry_px,maker_exit_px,hedge_exit_px,maker_entry_fee_usd,hedge_entry_fee_usd,maker_exit_fee_usd,hedge_exit_fee_usd,four_fee_usd,conditional_gross_usd,conditional_net_usd,conditional_gross_bps,conditional_net_bps,five_bp_larger_entry_reserve_usd,conditional_net_after_reserve_usd,conditional_net_after_reserve_bps
hyperliquid,lighter,BTC,buy,1.0,2026-09-29T18:24:15+00:00,2026-09-29T18:24:16+00:00,83485.0,0.011970000000000001,0.18502,0.33592000000000005,2026-09-29T18:24:18.308000+00:00,2026-09-29T18:24:18.636660+00:00,"(1790706258308, 536712031772103, '0x94168ac5db56edd6959004457af4310205a000ab765a0ca837df36189a5ac7c1')",False,-8.743007725938094,hedge_found,2026-09-29T18:24:18.746534+00:00,2026-09-29T18:24:18.682826+00:00,83452.6,-5.380936695214013,insufficient_exit_top_depth,,,,,,,,,,,,,,,,,,
hyperliquid,lighter,BTC,buy,1.0,2026-09-29T18:26:00+00:00,2026-09-29T18:26:01+00:00,83456.0,0.011980000000000001,0.00017,0.02884,2026-09-29T18:26:04.457000+00:00,2026-09-29T18:26:04.724759+00:00,"(1790706364457, 629884613401698, '0xa603cc9332f2f3bfa77d04457af9f002042f0078cdf6129149cc77e5f1f6cdaa')",False,-8.432419478527956,insufficient_hedge_top_depth,,,,,,,,,,,,,,,,,,,,,,,
hyperliquid,lighter,BTC,sell,1.0,2026-09-29T18:26:15+00:00,2026-09-29T18:26:16+00:00,83464.0,0.011980000000000001,2.17879,2.2061699999999997,2026-09-29T18:26:17.130000+00:00,2026-09-29T18:26:17.434091+00:00,"(1790706377130, 415681732271874, '0xdb53181733af6ab9dccc04457afaa202067800fccea2898b7f1bc369f2a344a4')",False,-4.094987060290164,hedge_found,2026-09-29T18:26:17.562716+00:00,2026-09-29T18:26:17.497915+00:00,83448.1,0.40501293970983654,exit_found,2026-09-29T18:26:27.562716+00:00,2026-09-29T18:26:28.332566+00:00,0.769850469,83464.0,83467.0,83442.6,0.14998480800000002,0.0,0.4499705970000001,0.0,0.5999554050000001,-0.10183,-0.7017854050000001,-1.018403143870411,-7.018564890252085,0.49994936000000006,-1.201734765,-12.018564890252085
hyperliquid,lighter,BTC,sell,1.0,2026-09-29T18:28:15+00:00,2026-09-29T18:28:16+00:00,83429.0,0.011980000000000001,0.00017,0.06739999999999999,2026-09-29T18:28:19.554000+00:00,2026-09-29T18:28:19.851914+00:00,"(1790706499554, 1043312765954906, '0xd43ff55b2a7883f5d5b904457b01780206bf0040c57ba2c77808a0ade97c5de0')",False,-5.520550408131465,hedge_found,2026-09-29T18:28:20.212116+00:00,2026-09-29T18:28:20.146583+00:00,83413.9,0.30992220930441716,insufficient_exit_top_depth,,,,,,,,,,,,,,,,,,
hyperliquid,lighter,BTC,sell,1.0,2026-09-29T18:28:25+00:00,2026-09-29T18:28:26+00:00,83431.0,0.011980000000000001,0.00086,0.01897,2026-09-29T18:28:29.304000+00:00,2026-09-29T18:28:29.565399+00:00,"(1790706509304, 502183855446754, '0x3e5393292bd3547d3fcd04457b0208020275000ec6d6734fe21c3e7bead72e67')",False,-5.5565197588429855,hedge_found,2026-09-29T18:28:29.738621+00:00,2026-09-29T18:28:29.670539+00:00,83433.4,-1.787662859128403,exit_found,2026-09-29T18:28:39.738621+00:00,2026-09-29T18:28:40.239532+00:00,0.500910634,83431.0,83460.0,83441.0,0.149925507,0.0,0.44993286,0.0,0.599858367,-0.25637199999993027,-0.8562303669999303,-2.564993827233783,-8.566557994030296,0.49976606600000006,-1.3559964329999303,-13.566701825459862
hyperliquid,lighter,BTC,sell,1.0,2026-09-29T18:28:30+00:00,2026-09-29T18:28:31+00:00,83436.0,0.011980000000000001,0.00065,0.01276,2026-09-29T18:28:31.090000+00:00,2026-09-29T18:28:31.408777+00:00,"(1790706511090, 514905091613346, '0xbcc82f3c16eef99fbe4104457b022202094c0021b1e218716090da8ed5e2d38a')",False,-5.6883839110209236,insufficient_hedge_top_depth,,,,,,,,,,,,,,,,,,,,,,,
hyperliquid,lighter,ETH,buy,1.0,2026-09-29T18:25:00+00:00,2026-09-29T18:25:01+00:00,2688.5,0.3719,0.0186,5.3643,2026-09-29T18:25:04.079000+00:00,2026-09-29T18:25:04.765237+00:00,"(1790706304079, 772857962512938, '0xf80b855fa7657d1df98504457af6bb0204d7004542689bf09bd430b266695708')",False,-14.18300167379512,insufficient_hedge_top_depth,,,,,,,,,,,,,,,,,,,,,,,
hyperliquid,lighter,ETH,buy,1.0,2026-09-29T18:25:55+00:00,2026-09-29T18:25:56+00:00,2688.5,0.3719,0.0145,0.4807,2026-09-29T18:25:57.524000+00:00,2026-09-29T18:25:57.787346+00:00,"(1790706357524, 351183010408446, '0xebfba5dc04e2beb1ed7504457af98d0202d500c19fe5dd838fc4512ec3e6989c')",False,-12.47201041472859,hedge_found,2026-09-29T18:25:57.928353+00:00,2026-09-29T18:25:57.862751+00:00,2685.79,-11.579970243630411,insufficient_exit_top_depth,,,,,,,,,,,,,,,,,,
hyperliquid,lighter,ETH,sell,1.0,2026-09-29T18:28:25+00:00,2026-09-29T18:28:26+00:00,2687.8,0.372,1.1556,1.7085,2026-09-29T18:28:29.037000+00:00,2026-09-29T18:28:29.465518+00:00,"(1790706509037, 599921128471539, '0x0000000000000000000000000000000000000000000000000000000000000000')",False,-0.7540739638354452,insufficient_hedge_top_depth,,,,,,,,,,,,,,,,,,,,,,,
lighter,hyperliquid,BTC,buy,1.0,2026-09-29T18:24:35+00:00,2026-09-29T18:24:36+00:00,83460.9,0.011980000000000001,0.66487,0.9239599999999999,2026-09-29T18:24:36.493000+00:00,2026-09-29T18:24:36.604113+00:00,32579754732,False,-6.592770387090743,hedge_found,2026-09-29T18:24:37.033821+00:00,2026-09-29T18:24:36.698000+00:00,83481.0,-2.0927703870907433,exit_found,2026-09-29T18:24:47.033821+00:00,2026-09-29T18:24:47.491753+00:00,0.457931771,83460.9,83453.2,83474.0,0.0,0.45004607100000005,0.0,0.450008334,0.9000544050000001,-0.008385999999965135,-0.9084404049999653,-0.08387160934007298,-9.085661669116568,0.5000511900000001,-1.4084915949999655,-14.086865825793529
lighter,hyperliquid,BTC,buy,1.0,2026-09-29T18:27:15+00:00,2026-09-29T18:27:16+00:00,83407.5,0.011980000000000001,0.02214,0.04843,2026-09-29T18:27:18.709000+00:00,2026-09-29T18:27:18.836232+00:00,32580083127,False,-6.4234541258280125,hedge_found,2026-09-29T18:27:19.010091+00:00,2026-09-29T18:27:18.742000+00:00,83429.0,-1.923454125828013,insufficient_exit_top_depth,,,,,,,,,,,,,,,,,,
lighter,hyperliquid,BTC,buy,1.0,2026-09-29T18:27:35+00:00,2026-09-29T18:27:36+00:00,83400.3,0.01199,0.01281,0.0265,2026-09-29T18:27:38.068000+00:00,2026-09-29T18:27:38.135144+00:00,32580116656,False,-6.519111442045521,insufficient_hedge_top_depth,,,,,,,,,,,,,,,,,,,,,,,
lighter,hyperliquid,BTC,buy,1.0,2026-09-29T18:27:45+00:00,2026-09-29T18:27:46+00:00,83401.4,0.01199,0.00044,0.06564,2026-09-29T18:27:49.323000+00:00,2026-09-29T18:27:49.466010+00:00,32580136657,False,-7.010521406114787,hedge_found,2026-09-29T18:27:49.723294+00:00,2026-09-29T18:27:49.455000+00:00,83418.0,-2.510521406114787,exit_found,2026-09-29T18:27:59.723294+00:00,2026-09-29T18:28:00.443954+00:00,0.720659371,83401.4,83401.5,83419.0,0.0,0.450081819,0.0,0.45008721450000005,0.9001690335000001,-0.010790999999930209,-0.9109600334999303,-0.10791185759401871,-9.109757150358888,0.5000909099999999,-1.41105094349993,-14.110752337490037
lighter,hyperliquid,BTC,sell,1.0,2026-09-29T18:24:10+00:00,2026-09-29T18:24:11+00:00,83471.3,0.011980000000000001,0.00168,0.01822,2026-09-29T18:24:13.863000+00:00,2026-09-29T18:24:13.986072+00:00,32579709177,False,-10.761876836708796,hedge_found,2026-09-29T18:24:14.314989+00:00,2026-09-29T18:24:13.882000+00:00,83486.0,-6.261876836708796,exit_found,2026-09-29T18:24:24.314989+00:00,2026-09-29T18:24:24.640805+00:00,0.32581588,83471.3,83465.7,83481.0,0.0,0.45007302600000004,0.0,0.45004607100000005,0.9001190970000001,0.007188000000069733,-0.8929310969999305,0.07188099382731798,-8.929434428359711,0.50008114,-1.3930122369999305,-13.930314970534084
lighter,hyperliquid,BTC,sell,1.0,2026-09-29T18:28:45+00:00,2026-09-29T18:28:46+00:00,83444.4,0.011980000000000001,0.01776,0.05817,2026-09-29T18:28:49.585000+00:00,2026-09-29T18:28:49.682215+00:00,32580257758,False,-10.870349598056409,hedge_found,2026-09-29T18:28:50.045314+00:00,2026-09-29T18:28:49.667000+00:00,83460.0,-6.370349598056409,exit_found,2026-09-29T18:29:00.045314+00:00,2026-09-29T18:29:00.435017+00:00,0.389703438,83444.4,83439.9,83459.0,0.0,0.44993286,0.0,0.449927469,0.899860329,0.04193,-0.857930329,0.4194409690764149,-8.58218766028637,0.49992539999999996,-1.357855729,-13.583122414446025
lighter,hyperliquid,ETH,sell,1.0,2026-09-29T18:25:25+00:00,2026-09-29T18:25:26+00:00,2686.9,0.37210000000000004,0.0038,1.6942,2026-09-29T18:25:28.404000+00:00,2026-09-29T18:25:28.480260+00:00,32579872631,False,-14.58515389482303,hedge_found,2026-09-29T18:25:28.696055+00:00,2026-09-29T18:25:28.439000+00:00,2688.6,-10.829841080798758,exit_found,2026-09-29T18:25:38.696055+00:00,2026-09-29T18:25:39.208319+00:00,0.51226396,2686.9,2687.29,2688.6,0.0,0.450192627,0.0,0.450192627,0.900385254,-0.14511899999995265,-1.0455042539999526,-1.4514868435739054,-10.457181138114079,0.50021403,-1.5457182839999526,-15.460344635080842
hyperliquid,rh_lighter,BTC,buy,1.0,2026-09-29T18:24:15+00:00,2026-09-29T18:24:16+00:00,83485.0,0.011970000000000001,0.18502,0.33592000000000005,2026-09-29T18:24:18.308000+00:00,2026-09-29T18:24:18.636660+00:00,"(1790706258308, 536712031772103, '0x94168ac5db56edd6959004457af4310205a000ab765a0ca837df36189a5ac7c1')",False,-8.982571719469867,hedge_found,2026-09-29T18:24:19.356156+00:00,2026-09-29T18:24:19.293664+00:00,83449.1,-5.800173683894613,insufficient_exit_top_depth,,,,,,,,,,,,,,,,,,
hyperliquid,rh_lighter,BTC,buy,1.0,2026-09-29T18:26:00+00:00,2026-09-29T18:26:01+00:00,83456.0,0.011980000000000001,0.00017,0.02884,2026-09-29T18:26:04.457000+00:00,2026-09-29T18:26:04.724759+00:00,"(1790706364457, 629884613401698, '0xa603cc9332f2f3bfa77d04457af9f002042f0078cdf6129149cc77e5f1f6cdaa')",False,-8.156825153374234,insufficient_hedge_top_depth,,,,,,,,,,,,,,,,,,,,,,,
hyperliquid,rh_lighter,BTC,buy,1.0,2026-09-29T18:29:15+00:00,2026-09-29T18:29:16+00:00,83439.0,0.011980000000000001,0.00037,0.01548,2026-09-29T18:29:17.904000+00:00,2026-09-29T18:29:18.241130+00:00,"(1790706557904, 751801851629458, '0x3b4e9bc1004007d93cc804457b04990201bf00a69b4326abdf174713bf43e1c3')",False,-8.936276801016312,hedge_found,2026-09-29T18:29:18.607616+00:00,2026-09-29T18:29:18.543332+00:00,83414.5,-4.436276801016311,insufficient_exit_top_depth,,,,,,,,,,,,,,,,,,
hyperliquid,rh_lighter,BTC,sell,1.0,2026-09-29T18:28:15+00:00,2026-09-29T18:28:16+00:00,83429.0,0.011980000000000001,0.00017,0.06739999999999999,2026-09-29T18:28:19.554000+00:00,2026-09-29T18:28:19.851914+00:00,"(1790706499554, 1043312765954906, '0xd43ff55b2a7883f5d5b904457b01780206bf0040c57ba2c77808a0ade97c5de0')",False,-5.760275204065732,insufficient_hedge_top_depth,,,,,,,,,,,,,,,,,,,,,,,
hyperliquid,rh_lighter,BTC,sell,1.0,2026-09-29T18:28:25+00:00,2026-09-29T18:28:26+00:00,83431.0,0.011980000000000001,0.00086,0.01897,2026-09-29T18:28:29.304000+00:00,2026-09-29T18:28:29.565399+00:00,"(1790706509304, 502183855446754, '0x3e5393292bd3547d3fcd04457b0208020275000ec6d6734fe21c3e7bead72e67')",False,-5.5565197588429855,insufficient_hedge_top_depth,,,,,,,,,,,,,,,,,,,,,,,
hyperliquid,rh_lighter,ETH,buy,1.0,2026-09-29T18:25:55+00:00,2026-09-29T18:25:56+00:00,2688.5,0.3719,0.0145,0.4807,2026-09-29T18:25:57.524000+00:00,2026-09-29T18:25:57.787346+00:00,"(1790706357524, 351183010408446, '0xebfba5dc04e2beb1ed7504457af98d0202d500c19fe5dd838fc4512ec3e6989c')",False,-14.034219825180786,hedge_found,2026-09-29T18:25:57.950566+00:00,2026-09-29T18:25:57.887303+00:00,2685.26,-13.55132973777118,exit_found,2026-09-29T18:26:07.950566+00:00,2026-09-29T18:26:08.616568+00:00,0.666001095,2688.5,2687.8,2686.59,0.1499779725,0.0,0.449816769,0.0,0.5997947415,-0.7549569999999053,-1.3547517414999053,-7.550678817183356,-13.549507160125517,0.49992657500000004,-1.8546783164999052,-18.549507160125515
hyperliquid,rh_lighter,ETH,sell,1.0,2026-09-29T18:24:35+00:00,2026-09-29T18:24:36+00:00,2688.7,0.3719,38.6973,53.5722,2026-09-29T18:24:38.624000+00:00,2026-09-29T18:24:38.932356+00:00,"(1790706278624, 1097862154756219, '0x122b9ccaf8e9fb3d13a504457af55902041900b093ed1a0fb5f4481db7edd527')",True,0.13679473351298466,hedge_found,2026-09-29T18:24:39.589802+00:00,2026-09-29T18:24:39.525595+00:00,2686.64,6.161695243054062,exit_found,2026-09-29T18:24:49.589802+00:00,2026-09-29T18:24:49.897948+00:00,0.308145295,2688.7,2688.6,2686.01,0.14998912949999998,0.0,0.44995065300000003,0.0,0.5999397825,-0.1971069999999053,-0.7970467824999053,-1.9712128537945677,-7.9710454866654725,0.49996376499999995,-1.2970105474999052,-12.971045486665473
hyperliquid,rh_lighter,ETH,sell,1.0,2026-09-29T18:27:55+00:00,2026-09-29T18:27:56+00:00,2686.8,0.37210000000000004,0.007,2.9735,2026-09-29T18:27:59.066000+00:00,2026-09-29T18:27:59.373314+00:00,"(1790706479066, 812805883864307, '0x0000000000000000000000000000000000000000000000000000000000000000')",False,-0.0449605478622761,hedge_found,2026-09-29T18:28:00.166563+00:00,2026-09-29T18:28:00.100605+00:00,2685.08,4.901667411047546,exit_found,2026-09-29T18:28:10.166563+00:00,2026-09-29T18:28:10.548572+00:00,0.382008593,2686.8,2687.6,2685.21,0.149963742,0.0,0.450025182,0.0,0.599988924,-0.2493069999998579,-0.8492959239998579,-2.4936727705806834,-8.495012654457414,0.4998791400000001,-1.349175063999858,-13.495012654457415
hyperliquid,rh_lighter,ETH,sell,1.0,2026-09-29T18:28:25+00:00,2026-09-29T18:28:26+00:00,2687.8,0.372,1.1556,1.7085,2026-09-29T18:28:29.037000+00:00,2026-09-29T18:28:29.465518+00:00,"(1790706509037, 599921128471539, '0x0000000000000000000000000000000000000000000000000000000000000000')",True,0.32487536275121887,hedge_found,2026-09-29T18:28:29.831511+00:00,2026-09-29T18:28:29.588175+00:00,2686.59,3.0018230523105744,exit_found,2026-09-29T18:28:39.831511+00:00,2026-09-29T18:28:40.408222+00:00,0.576711019,2687.8,2688.8,2686.68,0.14997924,0.0,0.45010511999999997,0.0,0.60008436,-0.338520000000115,-0.938604360000115,-3.385668576532142,-9.387342808245812,0.4999308,-1.438535160000115,-14.387342808245812
rh_lighter,hyperliquid,BTC,buy,1.0,2026-09-29T18:26:50+00:00,2026-09-29T18:26:51+00:00,83407.8,0.011980000000000001,0.00134,0.033139999999999996,2026-09-29T18:26:52.586000+00:00,2026-09-29T18:26:52.674109+00:00,1155699065,False,-5.9800594189036165,hedge_found,2026-09-29T18:26:52.922661+00:00,2026-09-29T18:26:52.637000+00:00,83421.0,-2.9181263622830125,exit_found,2026-09-29T18:27:02.922661+00:00,2026-09-29T18:27:03.399533+00:00,0.476872452,83407.8,83385.7,83414.0,0.0,0.44972261100000005,0.0,0.449684874,0.899407485,-0.18089800000006975,-1.0803054850000697,-1.810382242428864,-10.811428907129285,0.49969179,-1.5799972750000697,-15.812220200029948
rh_lighter,hyperliquid,BTC,buy,1.0,2026-09-29T18:27:35+00:00,2026-09-29T18:27:36+00:00,83394.3,0.01199,0.0002,0.03807,2026-09-29T18:27:39.164000+00:00,2026-09-29T18:27:39.365343+00:00,1155718895,False,-5.7997830786999724,hedge_found,2026-09-29T18:27:39.527802+00:00,2026-09-29T18:27:39.170000+00:00,83418.0,-1.6593580136775423,insufficient_exit_top_depth,,,,,,,,,,,,,,,,,,
hyperliquid,lighter,BTC,buy,0.5,2026-09-29T18:24:15+00:00,2026-09-29T18:24:15.500000+00:00,83485.0,0.011970000000000001,0.18516,0.33592000000000005,2026-09-29T18:24:18.308000+00:00,2026-09-29T18:24:18.636660+00:00,"(1790706258308, 536712031772103, '0x94168ac5db56edd6959004457af4310205a000ab765a0ca837df36189a5ac7c1')",False,-8.743007725938094,hedge_found,2026-09-29T18:24:18.746534+00:00,2026-09-29T18:24:18.682826+00:00,83452.6,-5.380936695214013,insufficient_exit_top_depth,,,,,,,,,,,,,,,,,,
hyperliquid,lighter,BTC,buy,0.5,2026-09-29T18:25:55+00:00,2026-09-29T18:25:55.500000+00:00,83485.0,0.011970000000000001,0.0003,0.01234,2026-09-29T18:25:56.467000+00:00,2026-09-29T18:25:56.805933+00:00,"(1790706356467, 1044215171632212, '0xa4845d6aaf6400aba5fe04457af97f02048300504a671f7d484d08bd6e67da96')",False,-9.988740492304355,insufficient_hedge_top_depth,,,,,,,,,,,,,,,,,,,,,,,
hyperliquid,lighter,BTC,buy,0.5,2026-09-29T18:27:30+00:00,2026-09-29T18:27:30.500000+00:00,83411.0,0.011980000000000001,0.00076,0.52291,2026-09-29T18:27:30.916000+00:00,2026-09-29T18:27:31.206632+00:00,"(1790706450916, 857738676055222, '0x1ad6a8b95a1329e61c5004457afec3020412009ef51648b8be9f540c191703d0')",False,-9.069139561928981,hedge_found,2026-09-29T18:27:31.372318+00:00,2026-09-29T18:27:31.306453+00:00,83385.7,-4.533173082687284,exit_found,2026-09-29T18:27:41.372318+00:00,2026-09-29T18:27:41.632598+00:00,0.260279669,83411.0,83418.0,83401.5,0.149889567,0.0,0.4497064380000001,0.0,0.5995960050000001,-0.10542400000003488,-0.705020005000035,-1.0550167244131963,-7.055394372445231,0.49963189,-1.2046518950000351,-12.055394372445232
hyperliquid,lighter,BTC,sell,0.5,2026-09-29T18:26:15+00:00,2026-09-29T18:26:15.500000+00:00,83464.0,0.011980000000000001,1.78447,1.84295,2026-09-29T18:26:16.984000+00:00,2026-09-29T18:26:17.298656+00:00,"(1790706376984, 48211538896857, '0x2f7b9074271bec3e30f504457afaa00203510059c21f0b10d3443bc6e61fc628')",False,-4.094987060290164,hedge_found,2026-09-29T18:26:17.505226+00:00,2026-09-29T18:26:17.440297+00:00,83448.1,0.40501293970983654,exit_found,2026-09-29T18:26:27.505226+00:00,2026-09-29T18:26:28.332566+00:00,0.827340926,83464.0,83467.0,83442.6,0.14998480800000002,0.0,0.4499705970000001,0.0,0.5999554050000001,-0.10183,-0.7017854050000001,-1.018403143870411,-7.018564890252085,0.49994936000000006,-1.201734765,-12.018564890252085
hyperliquid,lighter,BTC,sell,0.5,2026-09-29T18:28:15+00:00,2026-09-29T18:28:15.500000+00:00,83429.0,0.011980000000000001,0.00017,0.06739999999999999,2026-09-29T18:28:19.554000+00:00,2026-09-29T18:28:19.851914+00:00,"(1790706499554, 1043312765954906, '0xd43ff55b2a7883f5d5b904457b01780206bf0040c57ba2c77808a0ade97c5de0')",False,-5.520550408131465,hedge_found,2026-09-29T18:28:20.212116+00:00,2026-09-29T18:28:20.146583+00:00,83413.9,0.30992220930441716,insufficient_exit_top_depth,,,,,,,,,,,,,,,,,,
hyperliquid,lighter,BTC,sell,0.5,2026-09-29T18:28:25+00:00,2026-09-29T18:28:25.500000+00:00,83431.0,0.011980000000000001,0.00086,0.01897,2026-09-29T18:28:29.304000+00:00,2026-09-29T18:28:29.565399+00:00,"(1790706509304, 502183855446754, '0x3e5393292bd3547d3fcd04457b0208020275000ec6d6734fe21c3e7bead72e67')",False,-5.5565197588429855,hedge_found,2026-09-29T18:28:29.738621+00:00,2026-09-29T18:28:29.670539+00:00,83433.4,-1.787662859128403,exit_found,2026-09-29T18:28:39.738621+00:00,2026-09-29T18:28:40.239532+00:00,0.500910634,83431.0,83460.0,83441.0,0.149925507,0.0,0.44993286,0.0,0.599858367,-0.25637199999993027,-0.8562303669999303,-2.564993827233783,-8.566557994030296,0.49976606600000006,-1.3559964329999303,-13.566701825459862
hyperliquid,lighter,BTC,sell,0.5,2026-09-29T18:28:30+00:00,2026-09-29T18:28:30.500000+00:00,83436.0,0.011980000000000001,0.00065,0.01276,2026-09-29T18:28:31.090000+00:00,2026-09-29T18:28:31.408777+00:00,"(1790706511090, 514905091613346, '0xbcc82f3c16eef99fbe4104457b022202094c0021b1e218716090da8ed5e2d38a')",False,-5.6883839110209236,insufficient_hedge_top_depth,,,,,,,,,,,,,,,,,,,,,,,
hyperliquid,lighter,ETH,buy,0.5,2026-09-29T18:25:00+00:00,2026-09-29T18:25:00.500000+00:00,2688.5,0.3719,0.0145,5.3643,2026-09-29T18:25:04.079000+00:00,2026-09-29T18:25:04.765237+00:00,"(1790706304079, 772857962512938, '0xf80b855fa7657d1df98504457af6bb0204d7004542689bf09bd430b266695708')",False,-14.18300167379512,insufficient_hedge_top_depth,,,,,,,,,,,,,,,,,,,,,,,
hyperliquid,lighter,ETH,buy,0.5,2026-09-29T18:27:20+00:00,2026-09-29T18:27:20.500000+00:00,2687.0,0.37210000000000004,0.1069,0.5021,2026-09-29T18:27:20.735000+00:00,2026-09-29T18:27:21.066025+00:00,"(1790706440735, 408752357588587, '0xb845126060039606b9be04457afe2f0206ad0045fb06b4d85c0dbdb31f076ff1')",False,-13.889839970226614,hedge_found,2026-09-29T18:27:21.169922+00:00,2026-09-29T18:27:21.104220+00:00,2684.76,-9.836434685522075,insufficient_exit_top_depth,,,,,,,,,,,,,,,,,,
hyperliquid,lighter,ETH,buy,0.5,2026-09-29T18:29:05+00:00,2026-09-29T18:29:05.500000+00:00,2688.4,0.3719,0.0145,12.5091,2026-09-29T18:29:05.652000+00:00,2026-09-29T18:29:06.047440+00:00,"(1790706545652, 254560667310648, '0x77ec63417ed03064796604457b03ee020327002719d34f361bb50e943dd40a4f')",False,-13.885731289986204,insufficient_hedge_top_depth,,,,,,,,,,,,,,,,,,,,,,,
hyperliquid,lighter,ETH,sell,0.5,2026-09-29T18:24:20+00:00,2026-09-29T18:24:20.500000+00:00,2688.7,0.3719,0.0126,1.1155,2026-09-29T18:24:21.378000+00:00,2026-09-29T18:24:21.684034+00:00,"(1790706261378, 280349007375855, '0xe31549e66bd45194e48f04457af45c0207d100cc06d7706686ddf5392ad82b7f')",False,-1.6484546435094352,insufficient_hedge_top_depth,,,,,,,,,,,,,,,,,,,,,,,
lighter,hyperliquid,BTC,buy,0.5,2026-09-29T18:24:35+00:00,2026-09-29T18:24:35.500000+00:00,83460.9,0.011980000000000001,0.85459,0.92398,2026-09-29T18:24:36.493000+00:00,2026-09-29T18:24:36.604113+00:00,32579754732,False,-6.592770387090743,hedge_found,2026-09-29T18:24:37.033821+00:00,2026-09-29T18:24:36.698000+00:00,83481.0,-2.0927703870907433,exit_found,2026-09-29T18:24:47.033821+00:00,2026-09-29T18:24:47.491753+00:00,0.457931771,83460.9,83453.2,83474.0,0.0,0.45004607100000005,0.0,0.450008334,0.9000544050000001,-0.008385999999965135,-0.9084404049999653,-0.08387160934007298,-9.085661669116568,0.5000511900000001,-1.4084915949999655,-14.086865825793529
lighter,hyperliquid,BTC,buy,0.5,2026-09-29T18:26:25+00:00,2026-09-29T18:26:25.500000+00:00,83442.2,0.011980000000000001,0.05465,0.22776000000000002,2026-09-29T18:26:29.632000+00:00,2026-09-29T18:26:29.707954+00:00,32579984666,False,-6.149009733683567,hedge_found,2026-09-29T18:26:30.304171+00:00,2026-09-29T18:26:29.759000+00:00,83466.0,-1.6490097336835663,insufficient_exit_top_depth,,,,,,,,,,,,,,,,,,
lighter,hyperliquid,BTC,buy,0.5,2026-09-29T18:26:35+00:00,2026-09-29T18:26:35.500000+00:00,83441.8,0.011980000000000001,0.00998,0.04007,2026-09-29T18:26:38.900000+00:00,2026-09-29T18:26:39.013973+00:00,32580000565,False,-6.2208701154580694,hedge_found,2026-09-29T18:26:39.262267+00:00,2026-09-29T18:26:38.940000+00:00,83452.0,-3.2781411714515873,exit_found,2026-09-29T18:26:49.262267+00:00,2026-09-29T18:26:49.564019+00:00,0.301751963,83441.8,83411.9,83434.0,0.0,0.449889732,0.0,0.44979269400000005,0.899682426,-0.1425620000001046,-1.0422444260001047,-1.4261437313203609,-10.426273162852278,0.49987748000000004,-1.5421219060001048,-15.426884367308558
lighter,hyperliquid,BTC,buy,0.5,2026-09-29T18:27:15+00:00,2026-09-29T18:27:15.500000+00:00,83407.5,0.011980000000000001,0.01735,0.04843,2026-09-29T18:27:18.709000+00:00,2026-09-29T18:27:18.836232+00:00,32580083127,False,-6.4234541258280125,hedge_found,2026-09-29T18:27:19.010091+00:00,2026-09-29T18:27:18.742000+00:00,83429.0,-1.923454125828013,insufficient_exit_top_depth,,,,,,,,,,,,,,,,,,
lighter,hyperliquid,BTC,buy,0.5,2026-09-29T18:27:35+00:00,2026-09-29T18:27:35.500000+00:00,83400.3,0.01199,0.01283,0.026520000000000002,2026-09-29T18:27:38.068000+00:00,2026-09-29T18:27:38.135144+00:00,32580116656,False,-6.519111442045521,insufficient_hedge_top_depth,,,,,,,,,,,,,,,,,,,,,,,
lighter,hyperliquid,BTC,buy,0.5,2026-09-29T18:27:45+00:00,2026-09-29T18:27:45.500000+00:00,83401.4,0.01199,0.00107,0.06564,2026-09-29T18:27:49.323000+00:00,2026-09-29T18:27:49.466010+00:00,32580136657,False,-7.010521406114787,hedge_found,2026-09-29T18:27:49.723294+00:00,2026-09-29T18:27:49.455000+00:00,83418.0,-2.510521406114787,exit_found,2026-09-29T18:27:59.723294+00:00,2026-09-29T18:28:00.443954+00:00,0.720659371,83401.4,83401.5,83419.0,0.0,0.450081819,0.0,0.45008721450000005,0.9001690335000001,-0.010790999999930209,-0.9109600334999303,-0.10791185759401871,-9.109757150358888,0.5000909099999999,-1.41105094349993,-14.110752337490037
lighter,hyperliquid,BTC,buy,0.5,2026-09-29T18:29:25+00:00,2026-09-29T18:29:25.500000+00:00,83424.7,0.011980000000000001,0.00227,0.08825,2026-09-29T18:29:29.036000+00:00,2026-09-29T18:29:29.249408+00:00,32580336150,False,-7.286650716154459,hedge_found,2026-09-29T18:29:29.424880+00:00,2026-09-29T18:29:29.108000+00:00,83439.0,-2.786650716154459,insufficient_exit_top_depth,,,,,,,,,,,,,,,,,,
lighter,hyperliquid,BTC,sell,0.5,2026-09-29T18:24:10+00:00,2026-09-29T18:24:10.500000+00:00,83471.3,0.011980000000000001,0.00448,0.021020000000000004,2026-09-29T18:24:13.863000+00:00,2026-09-29T18:24:13.986072+00:00,32579709177,False,-10.761876836708796,hedge_found,2026-09-29T18:24:14.314989+00:00,2026-09-29T18:24:13.882000+00:00,83486.0,-6.261876836708796,exit_found,2026-09-29T18:24:24.314989+00:00,2026-09-29T18:24:24.640805+00:00,0.32581588,83471.3,83465.7,83481.0,0.0,0.45007302600000004,0.0,0.45004607100000005,0.9001190970000001,0.007188000000069733,-0.8929310969999305,0.07188099382731798,-8.929434428359711,0.50008114,-1.3930122369999305,-13.930314970534084
lighter,hyperliquid,BTC,sell,0.5,2026-09-29T18:24:50+00:00,2026-09-29T18:24:50.500000+00:00,83461.0,0.011980000000000001,0.09624,0.11385,2026-09-29T18:24:51.028000+00:00,2026-09-29T18:24:51.198182+00:00,32579788867,False,-10.55831466193791,insufficient_hedge_top_depth,,,,,,,,,,,,,,,,,,,,,,,
lighter,hyperliquid,BTC,sell,0.5,2026-09-29T18:25:05+00:00,2026-09-29T18:25:05.500000+00:00,83439.2,0.011980000000000001,0.0205,0.033,2026-09-29T18:25:06.040000+00:00,2026-09-29T18:25:06.222473+00:00,32579827345,False,-12.213364941179076,hedge_found,2026-09-29T18:25:06.653291+00:00,2026-09-29T18:25:06.325000+00:00,83454.0,-6.2745448182632275,exit_found,2026-09-29T18:25:16.653291+00:00,2026-09-29T18:25:16.956209+00:00,0.30291799,83439.2,83457.4,83470.0,0.0,0.44990051400000003,0.0,0.4499867700000001,0.8998872840000001,-0.026355999999965136,-0.9262432839999653,-0.26366503993292,-9.266124315669027,0.49988946000000006,-1.4261327439999654,-14.267011188985165
lighter,hyperliquid,BTC,sell,0.5,2026-09-29T18:27:05+00:00,2026-09-29T18:27:05.500000+00:00,83390.5,0.01199,0.0371,0.13494,2026-09-29T18:27:06.379000+00:00,2026-09-29T18:27:06.460659+00:00,32580052243,False,-11.819334936233744,hedge_found,2026-09-29T18:27:06.680773+00:00,2026-09-29T18:27:06.400000+00:00,83414.0,-7.319334936233743,exit_found,2026-09-29T18:27:16.680773+00:00,2026-09-29T18:27:17.103750+00:00,0.422977432,83390.5,83411.6,83429.0,0.0,0.45006023700000003,0.0,0.4501411695,0.9002014065,-0.0731390000000698,-0.9733404065000698,-0.7314981922408212,-9.734843897087297,0.50006693,-1.47340733650007,-14.736252930490382
lighter,hyperliquid,BTC,sell,0.5,2026-09-29T18:28:45+00:00,2026-09-29T18:28:45.500000+00:00,83444.4,0.011980000000000001,0.01776,0.05817,2026-09-29T18:28:49.585000+00:00,2026-09-29T18:28:49.682215+00:00,32580257758,False,-10.870349598056409,hedge_found,2026-09-29T18:28:50.045314+00:00,2026-09-29T18:28:49.667000+00:00,83460.0,-6.370349598056409,exit_found,2026-09-29T18:29:00.045314+00:00,2026-09-29T18:29:00.435017+00:00,0.389703438,83444.4,83439.9,83459.0,0.0,0.44993286,0.0,0.449927469,0.899860329,0.04193,-0.857930329,0.4194409690764149,-8.58218766028637,0.49992539999999996,-1.357855729,-13.583122414446025
lighter,hyperliquid,ETH,buy,0.5,2026-09-29T18:28:45+00:00,2026-09-29T18:28:45.500000+00:00,2687.31,0.37210000000000004,0.1376,0.5924,2026-09-29T18:28:48.452000+00:00,2026-09-29T18:28:48.637649+00:00,32580255371,False,-3.829868902360082,hedge_found,2026-09-29T18:28:49.201528+00:00,2026-09-29T18:28:48.921000+00:00,2688.7,0.670131097639918,exit_found,2026-09-29T18:28:59.201528+00:00,2026-09-29T18:28:59.484898+00:00,0.28336948,2687.31,2686.76,2689.0,0.0,0.4502093715,0.0,0.4502596050000001,0.9004689765000001,-0.3162849999999662,-1.2167539764999664,-3.1630143154303334,-12.168171889361144,0.500232635,-1.7169866114999666,-17.170758118713174
lighter,hyperliquid,ETH,sell,0.5,2026-09-29T18:23:50+00:00,2026-09-29T18:23:50.500000+00:00,2687.1,0.37210000000000004,0.3708,5.689,2026-09-29T18:23:51.642000+00:00,2026-09-29T18:23:51.776727+00:00,32579667312,False,-15.329369952738169,hedge_found,2026-09-29T18:23:51.894494+00:00,2026-09-29T18:23:51.643000+00:00,2688.8,-10.829369952738169,exit_found,2026-09-29T18:24:01.894494+00:00,2026-09-29T18:24:02.392255+00:00,0.497761133,2687.1,2687.62,2689.3,0.0,0.45022611600000007,0.0,0.4503098385,0.9005359545,-0.007441999999993233,-0.9079779544999933,-0.0744296825573362,-9.080960887201748,0.5002512400000001,-1.4082291944999934,-14.084124148710437
lighter,hyperliquid,ETH,sell,0.5,2026-09-29T18:25:25+00:00,2026-09-29T18:25:25.500000+00:00,2686.9,0.37210000000000004,0.0038,1.6942,2026-09-29T18:25:28.404000+00:00,2026-09-29T18:25:28.480260+00:00,32579872631,False,-14.58515389482303,hedge_found,2026-09-29T18:25:28.696055+00:00,2026-09-29T18:25:28.439000+00:00,2688.6,-10.829841080798758,exit_found,2026-09-29T18:25:38.696055+00:00,2026-09-29T18:25:39.208319+00:00,0.51226396,2686.9,2687.29,2688.6,0.0,0.450192627,0.0,0.450192627,0.900385254,-0.14511899999995265,-1.0455042539999526,-1.4514868435739054,-10.457181138114079,0.50021403,-1.5457182839999526,-15.460344635080842
hyperliquid,rh_lighter,BTC,buy,0.5,2026-09-29T18:24:15+00:00,2026-09-29T18:24:15.500000+00:00,83485.0,0.011970000000000001,0.18516,0.33592000000000005,2026-09-29T18:24:18.308000+00:00,2026-09-29T18:24:18.636660+00:00,"(1790706258308, 536712031772103, '0x94168ac5db56edd6959004457af4310205a000ab765a0ca837df36189a5ac7c1')",False,-8.982571719469867,hedge_found,2026-09-29T18:24:19.356156+00:00,2026-09-29T18:24:19.293664+00:00,83449.1,-5.800173683894613,insufficient_exit_top_depth,,,,,,,,,,,,,,,,,,
hyperliquid,rh_lighter,BTC,buy,0.5,2026-09-29T18:27:30+00:00,2026-09-29T18:27:30.500000+00:00,83411.0,0.011980000000000001,0.00076,0.52291,2026-09-29T18:27:30.916000+00:00,2026-09-29T18:27:31.206632+00:00,"(1790706450916, 857738676055222, '0x1ad6a8b95a1329e61c5004457afec3020412009ef51648b8be9f540c191703d0')",False,-9.35687139585906,hedge_found,2026-09-29T18:27:31.730987+00:00,2026-09-29T18:27:31.665545+00:00,83383.0,-4.856871395859059,insufficient_exit_top_depth,,,,,,,,,,,,,,,,,,
hyperliquid,rh_lighter,BTC,buy,0.5,2026-09-29T18:29:15+00:00,2026-09-29T18:29:15.500000+00:00,83439.0,0.011980000000000001,0.00017,0.01548,2026-09-29T18:29:17.904000+00:00,2026-09-29T18:29:18.241130+00:00,"(1790706557904, 751801851629458, '0x3b4e9bc1004007d93cc804457b04990201bf00a69b4326abdf174713bf43e1c3')",False,-8.936276801016312,hedge_found,2026-09-29T18:29:18.607616+00:00,2026-09-29T18:29:18.543332+00:00,83414.5,-4.436276801016311,insufficient_exit_top_depth,,,,,,,,,,,,,,,,,,
hyperliquid,rh_lighter,BTC,sell,0.5,2026-09-29T18:28:15+00:00,2026-09-29T18:28:15.500000+00:00,83429.0,0.011980000000000001,0.00017,0.06739999999999999,2026-09-29T18:28:19.554000+00:00,2026-09-29T18:28:19.851914+00:00,"(1790706499554, 1043312765954906, '0xd43ff55b2a7883f5d5b904457b01780206bf0040c57ba2c77808a0ade97c5de0')",False,-5.760275204065732,insufficient_hedge_top_depth,,,,,,,,,,,,,,,,,,,,,,,
hyperliquid,rh_lighter,BTC,sell,0.5,2026-09-29T18:28:25+00:00,2026-09-29T18:28:25.500000+00:00,83431.0,0.011980000000000001,0.00086,0.01897,2026-09-29T18:28:29.304000+00:00,2026-09-29T18:28:29.565399+00:00,"(1790706509304, 502183855446754, '0x3e5393292bd3547d3fcd04457b0208020275000ec6d6734fe21c3e7bead72e67')",False,-5.5565197588429855,insufficient_hedge_top_depth,,,,,,,,,,,,,,,,,,,,,,,
hyperliquid,rh_lighter,ETH,buy,0.5,2026-09-29T18:25:50+00:00,2026-09-29T18:25:50.500000+00:00,2688.7,0.3719,0.0145,1.5042000000000002,2026-09-29T18:25:51.681000+00:00,2026-09-29T18:25:52.064709+00:00,"(1790706351681, 159852275570012, '0x8a2576b4fececee08b9f04457af9460203c6009a99c1edb22dee2207bdc2a8cb')",False,-15.223788447948891,hedge_found,2026-09-29T18:25:52.931140+00:00,2026-09-29T18:25:52.867713+00:00,2686.24,-10.649403057239693,exit_found,2026-09-29T18:26:02.931140+00:00,2026-09-29T18:26:03.471650+00:00,0.540510092,2688.7,2687.4,2685.85,0.14998912949999998,0.0,0.449749827,0.0,0.5997389565,-0.3384289999999459,-0.9381679564999459,-3.384535277271003,-9.382359504592758,0.49996376499999995,-1.4381317214999458,-14.382359504592756
hyperliquid,rh_lighter,ETH,buy,0.5,2026-09-29T18:27:20+00:00,2026-09-29T18:27:20.500000+00:00,2687.0,0.37210000000000004,0.1069,0.5021,2026-09-29T18:27:20.735000+00:00,2026-09-29T18:27:21.066025+00:00,"(1790706440735, 408752357588587, '0xb845126060039606b9be04457afe2f0206ad0045fb06b4d85c0dbdb31f076ff1')",False,-15.192407889839226,insufficient_hedge_top_depth,,,,,,,,,,,,,,,,,,,,,,,
hyperliquid,rh_lighter,ETH,sell,0.5,2026-09-29T18:24:20+00:00,2026-09-29T18:24:20.500000+00:00,2688.7,0.3719,0.0126,1.1155,2026-09-29T18:24:21.378000+00:00,2026-09-29T18:24:21.684034+00:00,"(1790706261378, 280349007375855, '0xe31549e66bd45194e48f04457af45c0207d100cc06d7706686ddf5392ad82b7f')",False,-0.8674080410620215,missing_fresh_hedge_quote,,,,,,,,,,,,,,,,,,,,,,,
hyperliquid,rh_lighter,ETH,sell,0.5,2026-09-29T18:24:35+00:00,2026-09-29T18:24:35.500000+00:00,2688.7,0.3719,20.4505,21.9339,2026-09-29T18:24:38.624000+00:00,2026-09-29T18:24:38.932356+00:00,"(1790706278624, 771696334275610, '0x122b9ccaf8e9fb3d13a504457af55902041900b093ed1a0fb5f4481db7edd527')",True,0.13679473351298466,hedge_found,2026-09-29T18:24:39.589802+00:00,2026-09-29T18:24:39.525595+00:00,2686.64,6.161695243054062,exit_found,2026-09-29T18:24:49.589802+00:00,2026-09-29T18:24:49.897948+00:00,0.308145295,2688.7,2688.6,2686.01,0.14998912949999998,0.0,0.44995065300000003,0.0,0.5999397825,-0.1971069999999053,-0.7970467824999053,-1.9712128537945677,-7.9710454866654725,0.49996376499999995,-1.2970105474999052,-12.971045486665473
hyperliquid,rh_lighter,ETH,sell,0.5,2026-09-29T18:27:55+00:00,2026-09-29T18:27:55.500000+00:00,2686.8,0.37210000000000004,0.007,2.9735,2026-09-29T18:27:59.066000+00:00,2026-09-29T18:27:59.373314+00:00,"(1790706479066, 812805883864307, '0x0000000000000000000000000000000000000000000000000000000000000000')",False,-0.0449605478622761,hedge_found,2026-09-29T18:28:00.166563+00:00,2026-09-29T18:28:00.100605+00:00,2685.08,4.901667411047546,exit_found,2026-09-29T18:28:10.166563+00:00,2026-09-29T18:28:10.548572+00:00,0.382008593,2686.8,2687.6,2685.21,0.149963742,0.0,0.450025182,0.0,0.599988924,-0.2493069999998579,-0.8492959239998579,-2.4936727705806834,-8.495012654457414,0.4998791400000001,-1.349175063999858,-13.495012654457415
rh_lighter,hyperliquid,BTC,buy,0.5,2026-09-29T18:26:50+00:00,2026-09-29T18:26:50.500000+00:00,83407.8,0.011980000000000001,0.00134,0.033139999999999996,2026-09-29T18:26:52.586000+00:00,2026-09-29T18:26:52.674109+00:00,1155699065,False,-5.9800594189036165,hedge_found,2026-09-29T18:26:52.922661+00:00,2026-09-29T18:26:52.637000+00:00,83421.0,-2.9181263622830125,exit_found,2026-09-29T18:27:02.922661+00:00,2026-09-29T18:27:03.399533+00:00,0.476872452,83407.8,83385.7,83414.0,0.0,0.44972261100000005,0.0,0.449684874,0.899407485,-0.18089800000006975,-1.0803054850000697,-1.810382242428864,-10.811428907129285,0.49969179,-1.5799972750000697,-15.812220200029948
rh_lighter,hyperliquid,BTC,buy,0.5,2026-09-29T18:27:35+00:00,2026-09-29T18:27:35.500000+00:00,83394.3,0.01199,0.0002,0.03807,2026-09-29T18:27:39.164000+00:00,2026-09-29T18:27:39.365343+00:00,1155718895,False,-5.7997830786999724,hedge_found,2026-09-29T18:27:39.527802+00:00,2026-09-29T18:27:39.170000+00:00,83418.0,-1.6593580136775423,insufficient_exit_top_depth,,,,,,,,,,,,,,,,,,
hyperliquid,lighter,BTC,buy,3.0,2026-09-29T18:26:35+00:00,2026-09-29T18:26:38+00:00,83465.0,0.011980000000000001,0.00037,0.09637,2026-09-29T18:26:38.484000+00:00,2026-09-29T18:26:38.816082+00:00,"(1790706398484, 484953730406237, '0x792155c9b2ab8bea7a9b04457afbdf020af700af4daeaabc1cea011c71af65d5')",False,-8.77960821901361,insufficient_hedge_top_depth,,,,,,,,,,,,,,,,,,,,,,,
hyperliquid,lighter,BTC,sell,3.0,2026-09-29T18:28:25+00:00,2026-09-29T18:28:28+00:00,83431.0,0.011980000000000001,0.00037,0.01848,2026-09-29T18:28:29.304000+00:00,2026-09-29T18:28:29.565399+00:00,"(1790706509304, 502183855446754, '0x3e5393292bd3547d3fcd04457b0208020275000ec6d6734fe21c3e7bead72e67')",False,-5.5565197588429855,hedge_found,2026-09-29T18:28:29.738621+00:00,2026-09-29T18:28:29.670539+00:00,83433.4,-1.787662859128403,exit_found,2026-09-29T18:28:39.738621+00:00,2026-09-29T18:28:40.239532+00:00,0.500910634,83431.0,83460.0,83441.0,0.149925507,0.0,0.44993286,0.0,0.599858367,-0.25637199999993027,-0.8562303669999303,-2.564993827233783,-8.566557994030296,0.49976606600000006,-1.3559964329999303,-13.566701825459862
hyperliquid,lighter,ETH,sell,3.0,2026-09-29T18:27:30+00:00,2026-09-29T18:27:33+00:00,2686.5,0.37220000000000003,0.007,1.3892,2026-09-29T18:27:33.008000+00:00,2026-09-29T18:27:33.342436+00:00,"(1790706453008, 826053820309880, '0x0000000000000000000000000000000000000000000000000000000000000000')",True,1.2957379490044163,insufficient_hedge_top_depth,,,,,,,,,,,,,,,,,,,,,,,
lighter,hyperliquid,BTC,buy,3.0,2026-09-29T18:26:35+00:00,2026-09-29T18:26:38+00:00,83441.8,0.011980000000000001,6e-05,0.035280000000000006,2026-09-29T18:26:38.900000+00:00,2026-09-29T18:26:39.013973+00:00,32580000565,False,-6.2208701154580694,hedge_found,2026-09-29T18:26:39.262267+00:00,2026-09-29T18:26:38.940000+00:00,83452.0,-3.2781411714515873,exit_found,2026-09-29T18:26:49.262267+00:00,2026-09-29T18:26:49.564019+00:00,0.301751963,83441.8,83411.9,83434.0,0.0,0.449889732,0.0,0.44979269400000005,0.899682426,-0.1425620000001046,-1.0422444260001047,-1.4261437313203609,-10.426273162852278,0.49987748000000004,-1.5421219060001048,-15.426884367308558
lighter,hyperliquid,BTC,buy,3.0,2026-09-29T18:27:15+00:00,2026-09-29T18:27:18+00:00,83407.5,0.011980000000000001,0.02207,0.04836,2026-09-29T18:27:18.709000+00:00,2026-09-29T18:27:18.836232+00:00,32580083127,False,-6.4234541258280125,hedge_found,2026-09-29T18:27:19.010091+00:00,2026-09-29T18:27:18.742000+00:00,83429.0,-1.923454125828013,insufficient_exit_top_depth,,,,,,,,,,,,,,,,,,
hyperliquid,rh_lighter,BTC,buy,3.0,2026-09-29T18:26:35+00:00,2026-09-29T18:26:38+00:00,83465.0,0.011980000000000001,0.00037,0.09637,2026-09-29T18:26:38.484000+00:00,2026-09-29T18:26:38.816082+00:00,"(1790706398484, 484953730406237, '0x792155c9b2ab8bea7a9b04457afbdf020af700af4daeaabc1cea011c71af65d5')",False,-9.031210687114708,insufficient_hedge_top_depth,,,,,,,,,,,,,,,,,,,,,,,
hyperliquid,rh_lighter,BTC,sell,3.0,2026-09-29T18:28:25+00:00,2026-09-29T18:28:28+00:00,83431.0,0.011980000000000001,0.00037,0.01848,2026-09-29T18:28:29.304000+00:00,2026-09-29T18:28:29.565399+00:00,"(1790706509304, 502183855446754, '0x3e5393292bd3547d3fcd04457b0208020275000ec6d6734fe21c3e7bead72e67')",False,-5.5565197588429855,insufficient_hedge_top_depth,,,,,,,,,,,,,,,,,,,,,,,
hyperliquid,rh_lighter,ETH,sell,3.0,2026-09-29T18:27:30+00:00,2026-09-29T18:27:33+00:00,2686.5,0.37220000000000003,0.007,1.3892,2026-09-29T18:27:33.008000+00:00,2026-09-29T18:27:33.342436+00:00,"(1790706453008, 826053820309880, '0x0000000000000000000000000000000000000000000000000000000000000000')",True,1.6307463242143374,hedge_found,2026-09-29T18:27:33.780042+00:00,2026-09-29T18:27:33.716449+00:00,2684.99,4.120696072958192,exit_found,2026-09-29T18:27:43.780042+00:00,2026-09-29T18:27:44.323244+00:00,0.543202367,2686.5,2686.8,2684.48,0.14998729500000002,0.0,0.450012132,0.0,0.599999427,-0.3014819999999797,-0.9014814269999797,-3.015075376884219,-9.015577889447032,0.4999576500000001,-1.4014390769999798,-14.015577889447034
rh_lighter,hyperliquid,BTC,buy,3.0,2026-09-29T18:27:35+00:00,2026-09-29T18:27:38+00:00,83394.3,0.01199,0.0002,0.03807,2026-09-29T18:27:39.164000+00:00,2026-09-29T18:27:39.365343+00:00,1155718895,False,-5.7997830786999724,hedge_found,2026-09-29T18:27:39.527802+00:00,2026-09-29T18:27:39.170000+00:00,83418.0,-1.6593580136775423,insufficient_exit_top_depth,,,,,,,,,,,,,,,,,,
