round,asset,start_receipt_ns,end_receipt_ns,observation_seconds,buy_count,sell_count,buy_notional,sell_notional
-1,BTC,1790737861222136184,1790737863649082762,2.426946578,0,4,0,764.722564
-1,ETH,1790737861223646219,1790737863649082762,2.425436543,0,0,0,0
-1,LIT,1790737861127849725,1790737863649082762,2.521233037,1,0,1000.023420,0
-1,NVDA,1790737861365363415,1790737863649082762,2.283719347,0,0,0,0
-1,SOL,1790737861362904204,1790737863649082762,2.286178558,0,0,0,0
-1,HYPE,1790737861364856642,1790737863649082762,2.28422612,1,0,20.955105,0
-1,AAPL,1790737861366450322,1790737863649082762,2.28263244,0,0,0,0
-1,XAG,1790737861505951009,1790737863649082762,2.143131753,0,0,0,0
-1,GOOGL,1790737861503354988,1790737863649082762,2.145727774,0,1,0,99.953136
-1,SNDK,1790737861502738478,1790737863649082762,2.146344284,0,0,0,0
-1,NEAR,1790737861507830601,1790737863649082762,2.141252161,0,0,0,0
-1,ZEC,1790737861551758749,1790737863649082762,2.097324013,0,0,0,0
-1,XRP,1790737861507205167,1790737863649082762,2.141877595,0,0,0,0
-1,MSFT,1790737861507546629,1790737863649082762,2.141536133,0,0,0,0
-1,MU,1790737861645718211,1790737863649082762,2.003364551,0,0,0,0
-1,TSLA,1790737861508869787,1790737863649082762,2.140212975,0,0,0,0
-1,META,1790737861509196499,1790737863649082762,2.139886263,0,0,0,0
-1,CRCL,1790737861508524305,1790737863649082762,2.140558457,0,0,0,0
-1,AMD,1790737861645214788,1790737863649082762,2.003867974,0,0,0,0
-1,AMZN,1790737861646063383,1790737863649082762,2.003019379,0,0,0,0
-1,INTC,1790737861647928006,1790737863649082762,2.001154756,0,0,0,0
0,BTC,1790737863649082762,1790737923649493062,60.0004103,46,15,97754.194236,5028.086269
0,ETH,1790737863649082762,1790737923649493062,60.0004103,0,4,0,5157.015096
0,LIT,1790737863649082762,1790737923649493062,60.0004103,47,30,37315.412509,3523.471877
0,NVDA,1790737863649082762,1790737923649493062,60.0004103,18,16,13615.992292,12499.118740
0,SOL,1790737863649082762,1790737923649493062,60.0004103,0,0,0,0
0,HYPE,1790737863649082762,1790737923649493062,60.0004103,2,4,41.906808,210.353915
0,AAPL,1790737863649082762,1790737923649493062,60.0004103,6,13,8181.101250,8425.962853
0,XAG,1790737863649082762,1790737923649493062,60.0004103,7,3,3300.067550,883.674341
0,GOOGL,1790737863649082762,1790737923649493062,60.0004103,0,4,0,992.551284
0,SNDK,1790737863649082762,1790737923649493062,60.0004103,6,4,1707.125957,1233.304174
0,NEAR,1790737863649082762,1790737923649493062,60.0004103,0,0,0,0
0,ZEC,1790737863649082762,1790737923649493062,60.0004103,0,0,0,0
0,XRP,1790737863649082762,1790737923649493062,60.0004103,0,0,0,0
0,MSFT,1790737863649082762,1790737923649493062,60.0004103,1,2,110.174263,131.553570
0,MU,1790737863649082762,1790737923649493062,60.0004103,0,0,0,0
0,TSLA,1790737863649082762,1790737923649493062,60.0004103,1,1,8.535738,8.533569
0,META,1790737863649082762,1790737923649493062,60.0004103,0,2,0,1001.750288
0,CRCL,1790737863649082762,1790737923649493062,60.0004103,0,0,0,0
0,AMD,1790737863649082762,1790737923649493062,60.0004103,2,0,1600.136856,0
0,AMZN,1790737863649082762,1790737923649493062,60.0004103,1,1,0.024705,108.857307
0,INTC,1790737863649082762,1790737923649493062,60.0004103,0,0,0,0
1,BTC,1790737923649493062,1790737983650200675,60.000707613,9,20,12703.013559,2981.340123
1,ETH,1790737923649493062,1790737983650200675,60.000707613,5,8,2730.161375,5449.083116
1,LIT,1790737923649493062,1790737983650200675,60.000707613,23,22,5027.948344,6667.163357
1,NVDA,1790737923649493062,1790737983650200675,60.000707613,22,19,24605.219602,12578.784518
1,SOL,1790737923649493062,1790737983650200675,60.000707613,33,4,1063.018928,3693.597738
1,HYPE,1790737923649493062,1790737983650200675,60.000707613,3,0,214.322378,0
1,AAPL,1790737923649493062,1790737983650200675,60.000707613,6,12,8181.277537,9250.319563
1,XAG,1790737923649493062,1790737983650200675,60.000707613,0,0,0,0
1,GOOGL,1790737923649493062,1790737983650200675,60.000707613,4,5,1187.694257,1452.662704
1,SNDK,1790737923649493062,1790737983650200675,60.000707613,0,6,0,462.511730
1,NEAR,1790737923649493062,1790737983650200675,60.000707613,0,0,0,0
1,ZEC,1790737923649493062,1790737983650200675,60.000707613,0,0,0,0
1,XRP,1790737923649493062,1790737983650200675,60.000707613,0,0,0,0
1,MSFT,1790737923649493062,1790737983650200675,60.000707613,2,1,372.175900,11.979360
1,MU,1790737923649493062,1790737983650200675,60.000707613,1,0,486.085106,0
1,TSLA,1790737923649493062,1790737983650200675,60.000707613,2,0,432.359733,0
1,META,1790737923649493062,1790737983650200675,60.000707613,3,1,78.976474,79.983604
1,CRCL,1790737923649493062,1790737983650200675,60.000707613,0,0,0,0
1,AMD,1790737923649493062,1790737983650200675,60.000707613,1,0,27.652625,0
1,AMZN,1790737923649493062,1790737983650200675,60.000707613,0,2,0,675.681750
1,INTC,1790737923649493062,1790737983650200675,60.000707613,0,0,0,0
2,BTC,1790737983650200675,1790738043650801720,60.000601045,11,14,4112.978204,2127.974534
2,ETH,1790737983650200675,1790738043650801720,60.000601045,4,11,15251.228872,3864.660696
2,LIT,1790737983650200675,1790738043650801720,60.000601045,31,52,7395.668763,26641.902159
2,NVDA,1790737983650200675,1790738043650801720,60.000601045,16,18,13116.301845,11610.955119
2,SOL,1790737983650200675,1790738043650801720,60.000601045,23,0,226.950921,0
2,HYPE,1790737983650200675,1790738043650801720,60.000601045,2,3,41.892228,310.261200
2,AAPL,1790737983650200675,1790738043650801720,60.000601045,7,14,8398.844084,8443.076226
2,XAG,1790737983650200675,1790738043650801720,60.000601045,0,0,0,0
2,GOOGL,1790737983650200675,1790738043650801720,60.000601045,10,10,3531.549546,3142.446173
2,SNDK,1790737983650200675,1790738043650801720,60.000601045,0,6,0,506.186484
2,NEAR,1790737983650200675,1790738043650801720,60.000601045,0,0,0,0
2,ZEC,1790737983650200675,1790738043650801720,60.000601045,0,0,0,0
2,XRP,1790737983650200675,1790738043650801720,60.000601045,0,3,0,29.405420
2,MSFT,1790737983650200675,1790738043650801720,60.000601045,2,1,205.273662,0.968487
2,MU,1790737983650200675,1790738043650801720,60.000601045,0,0,0,0
2,TSLA,1790737983650200675,1790738043650801720,60.000601045,0,1,0,101.531938
2,META,1790737983650200675,1790738043650801720,60.000601045,0,1,0,79.992260
2,CRCL,1790737983650200675,1790738043650801720,60.000601045,0,0,0,0
2,AMD,1790737983650200675,1790738043650801720,60.000601045,0,0,0,0
2,AMZN,1790737983650200675,1790738043650801720,60.000601045,0,3,0,364.550974
2,INTC,1790737983650200675,1790738043650801720,60.000601045,0,0,0,0
3,BTC,1790738043650801720,1790738103651242090,60.00044037,16,19,964.447041,11008.452724
3,ETH,1790738043650801720,1790738103651242090,60.00044037,5,8,5834.033541,11332.332047
3,LIT,1790738043650801720,1790738103651242090,60.00044037,36,19,5182.092253,1709.517636
3,NVDA,1790738043650801720,1790738103651242090,60.00044037,11,12,8706.309899,7726.000653
3,SOL,1790738043650801720,1790738103651242090,60.00044037,0,6,0,790.825659
3,HYPE,1790738043650801720,1790738103651242090,60.00044037,6,0,6039.938275,0
3,AAPL,1790738043650801720,1790738103651242090,60.00044037,12,13,8656.351428,8768.919105
3,XAG,1790738043650801720,1790738103651242090,60.00044037,1,5,234.866688,1288.891673
3,GOOGL,1790738043650801720,1790738103651242090,60.00044037,5,4,1230.242645,1559.432718
3,SNDK,1790738043650801720,1790738103651242090,60.00044037,7,1,2686.318118,30.671180
3,NEAR,1790738043650801720,1790738103651242090,60.00044037,0,15,0,917.927770
3,ZEC,1790738043650801720,1790738103651242090,60.00044037,0,0,0,0
3,XRP,1790738043650801720,1790738103651242090,60.00044037,0,0,0,0
3,MSFT,1790738043650801720,1790738103651242090,60.00044037,0,0,0,0
3,MU,1790738043650801720,1790738103651242090,60.00044037,0,7,0,544.153649
3,TSLA,1790738043650801720,1790738103651242090,60.00044037,0,7,0,787.933719
3,META,1790738043650801720,1790738103651242090,60.00044037,0,2,0,814.689130
3,CRCL,1790738043650801720,1790738103651242090,60.00044037,0,0,0,0
3,AMD,1790738043650801720,1790738103651242090,60.00044037,0,0,0,0
3,AMZN,1790738043650801720,1790738103651242090,60.00044037,0,0,0,0
3,INTC,1790738043650801720,1790738103651242090,60.00044037,0,1,0,116.170000
4,BTC,1790738103651242090,1790738107069454227,3.418212137,1,0,12999.325704,0
4,ETH,1790738103651242090,1790738107069454227,3.418212137,0,1,0,534.458000
4,LIT,1790738103651242090,1790738107069454227,3.418212137,0,0,0,0
4,NVDA,1790738103651242090,1790738107069454227,3.418212137,2,4,1886.296716,3771.590691
4,SOL,1790738103651242090,1790738107069454227,3.418212137,0,0,0,0
4,HYPE,1790738103651242090,1790738107069454227,3.418212137,0,0,0,0
4,AAPL,1790738103651242090,1790738107069454227,3.418212137,0,0,0,0
4,XAG,1790738103651242090,1790738107069454227,3.418212137,0,0,0,0
4,GOOGL,1790738103651242090,1790738107069454227,3.418212137,0,0,0,0
4,SNDK,1790738103651242090,1790738107069454227,3.418212137,3,0,103.386450,0
4,NEAR,1790738103651242090,1790738107069454227,3.418212137,0,0,0,0
4,ZEC,1790738103651242090,1790738107069454227,3.418212137,0,0,0,0
4,XRP,1790738103651242090,1790738107069454227,3.418212137,0,0,0,0
4,MSFT,1790738103651242090,1790738107069454227,3.418212137,0,0,0,0
4,MU,1790738103651242090,1790738107069454227,3.418212137,0,1,0,26.345124
4,TSLA,1790738103651242090,1790738107069454227,3.418212137,0,0,0,0
4,META,1790738103651242090,1790738107069454227,3.418212137,0,0,0,0
4,CRCL,1790738103651242090,1790738107069454227,3.418212137,0,0,0,0
4,AMD,1790738103651242090,1790738107069454227,3.418212137,2,0,2489.037471,0
4,AMZN,1790738103651242090,1790738107069454227,3.418212137,0,0,0,0
4,INTC,1790738103651242090,1790738107069454227,3.418212137,0,2,0,198.116318
