asset,asset_class,common_events,direction,extra_reserve_bps,fee_calibration_date_utc,fees_historical_or_account_verified,first_break_even_event_in_holdout,four_taker_fees_bps,funding_break_even_threshold_bps,funding_less_threshold_bps,hl_events,hl_fee_basis,hl_market,holdout_avg_bps_per_event,holdout_events,holdout_funding_edge_bps,holdout_positive_hours,lighter_fee_tier,linear_break_even_hours_at_holdout_avg,status,train_events,train_funding_edge_bps,venue,venue_events,venue_market
BTC,crypto,48,short_HL_long_venue,5.0,2026-09-29,False,,9.0,14.0,-13.5313,48,base_tier_fixed,BTC,0.01953,24,0.4687,18,standard,716.9,complete,24,0.1017,lighter_core,48,BTC
BTC,crypto,48,short_HL_long_venue,5.0,2026-09-29,False,,14.6,19.6,-19.1313,48,base_tier_fixed,BTC,0.01953,24,0.4687,18,premium_base,1003.7,complete,24,0.1017,lighter_core,48,BTC
BTC,crypto,48,short_HL_long_venue,5.0,2026-09-29,False,,9.0,14.0,-12.5713,48,base_tier_fixed,BTC,0.05953,24,1.4287,22,standard,235.2,complete,24,1.7117,rh_lighter,48,BTC
BTC,crypto,48,short_HL_long_venue,5.0,2026-09-29,False,,16.0,21.0,-19.5713,48,base_tier_fixed,BTC,0.05953,24,1.4287,22,premium_base,352.8,complete,24,1.7117,rh_lighter,48,BTC
ETH,crypto,48,short_HL_long_venue,5.0,2026-09-29,False,,9.0,14.0,-13.88,48,base_tier_fixed,ETH,0.005,24,0.12,24,standard,2800.0,complete,24,0.36,lighter_core,48,ETH
ETH,crypto,48,short_HL_long_venue,5.0,2026-09-29,False,,14.6,19.6,-19.48,48,base_tier_fixed,ETH,0.005,24,0.12,24,premium_base,3920.0,complete,24,0.36,lighter_core,48,ETH
ETH,crypto,48,short_HL_long_venue,5.0,2026-09-29,False,,9.0,14.0,-13.88,48,base_tier_fixed,ETH,0.005,24,0.12,24,standard,2800.0,complete,24,0.48,rh_lighter,48,ETH
ETH,crypto,48,short_HL_long_venue,5.0,2026-09-29,False,,16.0,21.0,-20.88,48,base_tier_fixed,ETH,0.005,24,0.12,24,premium_base,4200.0,complete,24,0.48,rh_lighter,48,ETH
SOL,crypto,48,short_HL_long_venue,5.0,2026-09-29,False,,9.0,14.0,-12.6902,48,base_tier_fixed,SOL,0.05457,24,1.3098,24,standard,256.5,complete,24,1.1532,lighter_core,48,SOL
SOL,crypto,48,short_HL_long_venue,5.0,2026-09-29,False,,14.6,19.6,-18.2902,48,base_tier_fixed,SOL,0.05457,24,1.3098,24,premium_base,359.1,complete,24,1.1532,lighter_core,48,SOL
SOL,crypto,48,short_HL_long_venue,5.0,2026-09-29,False,,9.0,14.0,-9.4802,48,base_tier_fixed,SOL,0.18832,24,4.5198,24,standard,74.3,complete,24,9.5432,rh_lighter,48,SOL
SOL,crypto,48,short_HL_long_venue,5.0,2026-09-29,False,,16.0,21.0,-16.4802,48,base_tier_fixed,SOL,0.18832,24,4.5198,24,premium_base,111.5,complete,24,9.5432,rh_lighter,48,SOL
HYPE,crypto,48,short_HL_long_venue,5.0,2026-09-29,False,,9.0,14.0,-13.2379,48,base_tier_fixed,HYPE,0.03175,24,0.7621,23,standard,440.9,complete,24,1.1774,lighter_core,48,HYPE
HYPE,crypto,48,short_HL_long_venue,5.0,2026-09-29,False,,14.6,19.6,-18.8379,48,base_tier_fixed,HYPE,0.03175,24,0.7621,23,premium_base,617.3,complete,24,1.1774,lighter_core,48,HYPE
HYPE,crypto,48,long_HL_short_venue,5.0,2026-09-29,False,,9.0,14.0,-13.8321,48,base_tier_fixed,HYPE,0.007,24,0.1679,2,standard,2000.6,complete,24,0.4726,rh_lighter,48,HYPE
HYPE,crypto,48,long_HL_short_venue,5.0,2026-09-29,False,,16.0,21.0,-20.8321,48,base_tier_fixed,HYPE,0.007,24,0.1679,2,premium_base,3000.9,complete,24,0.4726,rh_lighter,48,HYPE
ZEC,crypto,48,long_HL_short_venue,5.0,2026-09-29,False,,9.0,14.0,-13.8605,48,base_tier_fixed,ZEC,0.00581,24,0.1395,5,standard,2408.5,complete,24,1.8685,lighter_core,48,ZEC
ZEC,crypto,48,long_HL_short_venue,5.0,2026-09-29,False,,14.6,19.6,-19.4605,48,base_tier_fixed,ZEC,0.00581,24,0.1395,5,premium_base,3371.9,complete,24,1.8685,lighter_core,48,ZEC
ZEC,crypto,48,short_HL_long_venue,5.0,2026-09-29,False,,9.0,14.0,-14.0595,48,base_tier_fixed,ZEC,-0.00248,24,-0.0595,20,standard,,complete,24,0.9615,rh_lighter,48,ZEC
ZEC,crypto,48,short_HL_long_venue,5.0,2026-09-29,False,,16.0,21.0,-21.0595,48,base_tier_fixed,ZEC,-0.00248,24,-0.0595,20,premium_base,,complete,24,0.9615,rh_lighter,48,ZEC
COIN,RWA_reference_review,48,long_HL_short_venue,5.0,2026-09-29,False,,1.8,6.8,-7.4565,48,base_tier_fixed,xyz:COIN,-0.02735,24,-0.6565,1,standard,,complete,24,0.1354,lighter_core,48,COIN
COIN,RWA_reference_review,48,long_HL_short_venue,5.0,2026-09-29,False,,7.4,12.4,-13.0565,48,base_tier_fixed,xyz:COIN,-0.02735,24,-0.6565,1,premium_base,,complete,24,0.1354,lighter_core,48,COIN
COIN,RWA_reference_review,48,short_HL_long_venue,5.0,2026-09-29,False,,1.8,6.8,-6.0635,48,base_tier_fixed,xyz:COIN,0.03069,24,0.7365,24,standard,221.6,complete,24,0.4346,rh_lighter,48,COIN
COIN,RWA_reference_review,48,short_HL_long_venue,5.0,2026-09-29,False,,8.8,13.8,-13.0635,48,base_tier_fixed,xyz:COIN,0.03069,24,0.7365,24,premium_base,449.7,complete,24,0.4346,rh_lighter,48,COIN
XAG,RWA_reference_review,48,long_HL_short_venue,5.0,2026-09-29,False,,1.8,6.8,-5.29,48,base_tier_fixed,xyz:SILVER,0.06292,24,1.51,22,standard,108.1,complete,24,0.6822,lighter_core,48,XAG
XAG,RWA_reference_review,48,long_HL_short_venue,5.0,2026-09-29,False,,7.4,12.4,-10.89,48,base_tier_fixed,xyz:SILVER,0.06292,24,1.51,22,premium_base,197.1,complete,24,0.6822,lighter_core,48,XAG
XAG,RWA_reference_review,48,short_HL_long_venue,5.0,2026-09-29,False,,1.8,6.8,-6.89,48,base_tier_fixed,xyz:SILVER,-0.00375,24,-0.09,14,standard,,complete,24,1.3378,rh_lighter,48,XAG
XAG,RWA_reference_review,48,short_HL_long_venue,5.0,2026-09-29,False,,8.8,13.8,-13.89,48,base_tier_fixed,xyz:SILVER,-0.00375,24,-0.09,14,premium_base,,complete,24,1.3378,rh_lighter,48,XAG
NVDA,RWA_reference_review,48,long_HL_short_venue,5.0,2026-09-29,False,,1.8,6.8,-7.3262,48,base_tier_fixed,xyz:NVDA,-0.02192,24,-0.5262,0,standard,,complete,24,0.1247,lighter_core,48,NVDA
NVDA,RWA_reference_review,48,long_HL_short_venue,5.0,2026-09-29,False,,7.4,12.4,-12.9262,48,base_tier_fixed,xyz:NVDA,-0.02192,24,-0.5262,0,premium_base,,complete,24,0.1247,lighter_core,48,NVDA
NVDA,RWA_reference_review,48,long_HL_short_venue,5.0,2026-09-29,False,,1.8,6.8,-5.9262,48,base_tier_fixed,xyz:NVDA,0.03641,24,0.8738,20,standard,186.8,complete,24,1.2947,rh_lighter,48,NVDA
NVDA,RWA_reference_review,48,long_HL_short_venue,5.0,2026-09-29,False,,8.8,13.8,-12.9262,48,base_tier_fixed,xyz:NVDA,0.03641,24,0.8738,20,premium_base,379.0,complete,24,1.2947,rh_lighter,48,NVDA
